game_id,platform_id,company_id,release_date,region,role
6,38,40,1985-01-01,WW,developer
6,38,6,1985-01-01,JP,publisher
6,16,40,1985-01-01,WW,developer
6,16,6,1985-01-01,JP,publisher
6,66,40,1985-01-01,WW,developer
6,66,6,1985-01-01,JP,publisher
6,69,40,1985-01-01,WW,developer
6,69,6,1985-01-01,JP,publisher
6,21,40,1985-01-01,WW,developer
6,21,6,1985-01-01,JP,publisher
6,28,40,1985-01-01,WW,developer
6,28,6,1985-01-01,JP,publisher
6,26,40,1985-01-01,WW,developer
6,26,6,1985-01-01,JP,publisher
6,5,40,1985-01-01,WW,developer
6,5,6,1985-01-01,JP,publisher
6,67,40,1985-01-01,WW,developer
6,67,6,1985-01-01,JP,publisher
6,27,40,1985-01-01,WW,developer
6,27,6,1985-01-01,JP,publisher
7,6,241,2011-11-01,WW,developer
7,6,11,2011-11-01,NA,publisher
7,6,1407,2011-11-01,NA,publisher
8,6,241,2015-10-07,WW,developer
8,6,11,2015-10-07,NA,publisher
9,6,474,2013-09-17,WW,developer
9,6,506,2013-09-17,WW,developer
9,6,571,2013-09-17,WW,developer
9,6,16,2013-09-17,NA,publisher
9,6,889,2013-09-17,EU,publisher
9,4,474,2015-04-14,WW,developer
9,4,506,2015-04-14,WW,developer
9,4,571,2015-04-14,WW,developer
9,4,16,2015-04-14,NA,publisher
9,4,889,2015-04-14,EU,publisher
9,106,474,2022-03-01,WW,developer
9,106,506,2022-03-01,WW,developer
9,106,571,2022-03-01,WW,developer
9,106,16,2022-03-01,NA,publisher
9,106,889,2022-03-01,EU,publisher
10,4,1178,2008-10-01,WW,developer
10,4,1178,2008-10-01,EU,publisher
12,4,721,2001-11-12,WW,developer
13,4,454,2010-09-08,WW,developer
13,4,188,2010-09-08,NA,publisher
13,4,454,2010-09-08,EU,publisher
13,8,454,2010-09-08,WW,developer
13,8,188,2010-09-08,NA,publisher
13,8,454,2010-09-08,EU,publisher
1,8,394,2001-09-20,WW,developer
1,8,228,2001-09-20,EU,publisher
1,8,1150,2001-09-20,EU,publisher
1,4,394,2001-09-20,WW,developer
1,4,228,2001-09-20,EU,publisher
1,4,1150,2001-09-20,EU,publisher
15,23,266,2009-09-17,WW,developer
15,23,11,2009-09-17,NA,publisher
16,6,11,2011-06-07,NA,publisher
2,4,251,2005-03-08,WW,developer
2,4,42,2005-03-08,NA,publisher
17,22,34,2010-07-15,WW,developer
17,22,6,2010-07-15,JP,publisher
3,4,48,2007-10-12,WW,developer
18,8,312,2012-10-09,WW,developer
18,8,336,2012-10-09,WW,developer
18,8,17,2012-10-09,NA,publisher
18,8,312,2012-10-09,EU,publisher
18,4,312,2012-10-09,WW,developer
18,4,336,2012-10-09,WW,developer
18,4,17,2012-10-09,NA,publisher
18,4,312,2012-10-09,EU,publisher
18,6,312,2012-10-09,WW,developer
18,6,336,2012-10-09,WW,developer
18,6,17,2012-10-09,NA,publisher
18,6,312,2012-10-09,EU,publisher
19,6,335,2024-03-26,WW,developer
19,6,11,2024-03-26,NA,publisher
19,6,599,2024-03-26,NA,publisher
19,6,903,2024-03-26,EU,publisher
19,4,335,2024-03-26,WW,developer
19,4,11,2024-03-26,NA,publisher
19,4,599,2024-03-26,NA,publisher
19,4,903,2024-03-26,EU,publisher
20,4,89,2002-03-28,WW,developer
20,4,367,2002-03-28,NA,publisher
20,27,89,2002-03-28,WW,developer
20,27,367,2002-03-28,NA,publisher
21,4,453,2005-04-15,WW,developer
21,4,88,2005-04-15,EU,publisher
21,4,453,2005-04-15,EU,publisher
22,4,453,2001-04-24,WW,developer
22,4,544,2001-04-24,EU,publisher
24,22,68,2009-10-08,WW,developer
24,22,42,2009-10-08,NA,publisher
25,4,500,2002-02-14,WW,developer
25,4,3,2002-02-14,NA,publisher
25,4,92,2002-02-14,JP,publisher
26,4,193,2009-04-28,WW,developer
26,4,401,2009-04-28,WW,developer
26,4,621,2009-04-28,WW,developer
26,4,13,2009-04-28,NA,publisher
26,4,14,2009-04-28,EU,publisher
26,36,193,2009-04-28,WW,developer
26,36,401,2009-04-28,WW,developer
26,36,621,2009-04-28,WW,developer
26,36,13,2009-04-28,NA,publisher
26,36,14,2009-04-28,EU,publisher
26,8,193,2009-04-28,WW,developer
26,8,401,2009-04-28,WW,developer
26,8,621,2009-04-28,WW,developer
26,8,13,2009-04-28,NA,publisher
26,8,14,2009-04-28,EU,publisher
26,9,193,2009-04-28,WW,developer
26,9,401,2009-04-28,WW,developer
26,9,621,2009-04-28,WW,developer
26,9,13,2009-04-28,NA,publisher
26,9,14,2009-04-28,EU,publisher
27,4,86,2011-08-16,WW,developer
27,4,401,2011-08-16,WW,developer
27,4,13,2011-08-16,NA,publisher
29,4,390,2013-12-12,WW,developer
29,27,390,2013-12-12,WW,developer
4,43,398,2009-09-15,WW,developer
4,43,42,2009-09-15,NA,publisher
4,6,398,2009-09-15,WW,developer
4,6,42,2009-09-15,NA,publisher
4,4,398,2009-09-15,WW,developer
4,4,42,2009-09-15,NA,publisher
4,9,398,2009-09-15,WW,developer
4,9,42,2009-09-15,NA,publisher
4,23,398,2009-09-15,WW,developer
4,23,42,2009-09-15,NA,publisher
5,4,988,2017-11-17,NA,publisher
5,81,988,2017-11-17,NA,publisher
5,8,988,2017-11-17,NA,publisher
5,70,988,2017-11-17,NA,publisher
5,33,988,2017-11-17,NA,publisher
5,66,988,2017-11-17,NA,publisher
19,106,335,2024-03-26,WW,developer
19,106,11,2024-03-26,NA,publisher
19,106,599,2024-03-26,NA,publisher
19,106,903,2024-03-26,EU,publisher
52,22,1100,2005-05-05,WW,developer
52,22,63,2005-05-05,NA,publisher
53,5,832,2008-11-11,WW,developer
53,5,63,2008-11-11,NA,publisher
54,22,63,2008-11-11,WW,developer
54,22,63,2008-11-11,NA,publisher
55,22,832,2009-10-06,WW,developer
55,22,63,2009-10-06,NA,publisher
55,6,832,2009-10-06,WW,developer
55,6,63,2009-10-06,NA,publisher
55,4,832,2009-10-06,WW,developer
55,4,63,2009-10-06,NA,publisher
55,5,832,2009-10-06,WW,developer
55,5,63,2009-10-06,NA,publisher
55,23,832,2009-10-06,WW,developer
55,23,63,2009-10-06,NA,publisher
56,4,335,2010-09-15,WW,developer
56,4,335,2010-09-15,NA,publisher
58,23,556,2007-10-09,WW,developer
58,23,63,2007-10-09,NA,publisher
59,23,89,2005-10-31,WW,developer
59,23,1019,2005-10-31,WW,developer
59,23,63,2005-10-31,NA,publisher
59,4,89,2005-10-31,WW,developer
59,4,1019,2005-10-31,WW,developer
59,4,63,2005-10-31,NA,publisher
60,23,196,2009-11-03,WW,developer
60,23,556,2009-11-03,WW,developer
60,23,63,2009-11-03,NA,publisher
60,22,196,2009-11-03,WW,developer
60,22,556,2009-11-03,WW,developer
60,22,63,2009-11-03,NA,publisher
61,22,312,2009-11-12,WW,developer
61,22,534,2009-11-12,WW,developer
61,22,63,2009-11-12,NA,publisher
61,22,312,2009-11-12,EU,publisher
61,5,312,2009-11-12,WW,developer
61,5,534,2009-11-12,WW,developer
61,5,63,2009-11-12,NA,publisher
61,5,312,2009-11-12,EU,publisher
61,4,312,2009-11-12,WW,developer
61,4,534,2009-11-12,WW,developer
61,4,63,2009-11-12,NA,publisher
61,4,312,2009-11-12,EU,publisher
61,6,312,2009-11-12,WW,developer
61,6,534,2009-11-12,WW,developer
61,6,63,2009-11-12,NA,publisher
61,6,312,2009-11-12,EU,publisher
61,8,312,2009-11-12,WW,developer
61,8,534,2009-11-12,WW,developer
61,8,63,2009-11-12,NA,publisher
61,8,312,2009-11-12,EU,publisher
62,8,534,2005-03-29,WW,developer
62,8,228,2005-03-29,EU,publisher
62,4,534,2005-03-29,WW,developer
62,4,228,2005-03-29,EU,publisher
62,27,534,2005-03-29,WW,developer
62,27,228,2005-03-29,EU,publisher
63,31,63,1999-05-19,WW,developer
63,31,63,1999-05-19,NA,publisher
63,67,63,1999-05-19,WW,developer
63,67,63,1999-05-19,NA,publisher
63,94,63,1999-05-19,WW,developer
63,94,63,1999-05-19,NA,publisher
63,4,63,1999-05-19,WW,developer
63,4,63,1999-05-19,NA,publisher
64,27,63,2015-11-17,WW,developer
64,27,63,2015-11-17,NA,publisher
66,4,63,2001-02-19,WW,developer
66,4,63,2001-02-19,NA,publisher
67,5,534,2011-03-22,WW,developer
67,5,63,2011-03-22,NA,publisher
67,4,534,2011-03-22,WW,developer
67,4,63,2011-03-22,NA,publisher
67,8,534,2011-03-22,WW,developer
67,8,63,2011-03-22,NA,publisher
67,66,534,2011-03-22,WW,developer
67,66,63,2011-03-22,NA,publisher
67,23,534,2011-03-22,WW,developer
67,23,63,2011-03-22,NA,publisher
67,22,534,2011-03-22,WW,developer
67,22,63,2011-03-22,NA,publisher
67,6,534,2011-03-22,WW,developer
67,6,63,2011-03-22,NA,publisher
68,6,63,2002-03-10,WW,developer
68,6,63,2002-03-10,NA,publisher
70,8,534,2006-09-11,WW,developer
70,8,63,2006-09-11,NA,publisher
70,8,1326,2006-09-11,EU,publisher
70,4,534,2006-09-11,WW,developer
70,4,63,2006-09-11,NA,publisher
70,4,1326,2006-09-11,EU,publisher
70,27,534,2006-09-11,WW,developer
70,27,63,2006-09-11,NA,publisher
70,27,1326,2006-09-11,EU,publisher
70,22,534,2006-09-11,WW,developer
70,22,63,2006-09-11,NA,publisher
70,22,1326,2006-09-11,EU,publisher
70,23,534,2006-09-11,WW,developer
70,23,63,2006-09-11,NA,publisher
70,23,1326,2006-09-11,EU,publisher
73,4,63,2000-03-21,WW,developer
73,4,63,2000-03-21,NA,publisher
75,4,63,1996-12-03,WW,developer
75,4,6,1996-12-03,JP,publisher
75,31,63,1996-12-03,WW,developer
75,31,6,1996-12-03,JP,publisher
76,4,63,1997-03-01,WW,developer
76,4,63,1997-03-01,NA,publisher
77,4,335,2003-06-26,WW,developer
77,4,63,2003-06-26,NA,publisher
78,94,63,2009-09-16,WW,developer
78,94,63,2009-09-16,NA,publisher
78,4,63,2009-09-16,WW,developer
78,4,63,2009-09-16,NA,publisher
78,8,63,2009-09-16,WW,developer
78,8,63,2009-09-16,NA,publisher
78,24,63,2009-09-16,WW,developer
78,24,63,2009-09-16,NA,publisher
79,4,63,1997-10-10,WW,developer
79,4,63,1997-10-10,NA,publisher
80,4,368,2003-09-17,WW,developer
80,4,63,2003-09-17,NA,publisher
80,94,368,2003-09-17,WW,developer
80,94,63,2003-09-17,NA,publisher
80,8,368,2003-09-17,WW,developer
80,8,63,2003-09-17,NA,publisher
81,27,368,2002-03-26,WW,developer
81,27,63,2002-03-26,NA,publisher
81,4,368,2002-03-26,WW,developer
81,4,63,2002-03-26,NA,publisher
81,94,368,2002-03-26,WW,developer
81,94,63,2002-03-26,NA,publisher
81,8,368,2002-03-26,WW,developer
81,8,63,2002-03-26,NA,publisher
82,4,502,1999-02-28,WW,developer
82,4,63,1999-02-28,NA,publisher
82,4,405,1999-02-28,NA,publisher
83,19,502,1997-04-17,WW,developer
83,19,63,1997-04-17,NA,publisher
83,19,405,1997-04-17,NA,publisher
83,4,502,1997-04-17,WW,developer
83,4,63,1997-04-17,NA,publisher
83,4,405,1997-04-17,NA,publisher
29,8,390,2013-12-12,WW,developer
29,66,390,2013-12-12,WW,developer
29,22,390,2013-12-12,WW,developer
29,92,390,2013-12-12,WW,developer
29,54,390,2013-12-12,WW,developer
30,74,92,2006-11-19,WW,developer
30,74,390,2006-11-19,WW,developer
30,27,92,2006-11-19,WW,developer
30,27,390,2006-11-19,WW,developer
30,8,92,2006-11-19,WW,developer
30,8,390,2006-11-19,WW,developer
30,25,92,2006-11-19,WW,developer
30,25,390,2006-11-19,WW,developer
30,5,92,2006-11-19,WW,developer
30,5,390,2006-11-19,WW,developer
30,6,92,2006-11-19,WW,developer
30,6,390,2006-11-19,WW,developer
30,4,92,2006-11-19,WW,developer
30,4,390,2006-11-19,WW,developer
30,23,92,2006-11-19,WW,developer
30,23,390,2006-11-19,WW,developer
30,22,92,2006-11-19,WW,developer
30,22,390,2006-11-19,WW,developer
30,66,92,2006-11-19,WW,developer
30,66,390,2006-11-19,WW,developer
31,6,41,2012-10-30,WW,developer
31,6,804,2012-10-30,WW,developer
31,6,805,2012-10-30,WW,developer
31,6,136,2012-10-30,EU,publisher
31,4,41,2012-10-30,WW,developer
31,4,804,2012-10-30,WW,developer
31,4,805,2012-10-30,WW,developer
31,4,136,2012-10-30,EU,publisher
31,16,41,2012-10-30,WW,developer
31,16,804,2012-10-30,WW,developer
31,16,805,2012-10-30,WW,developer
31,16,136,2012-10-30,EU,publisher
32,6,390,2010-02-12,WW,developer
32,8,390,2010-02-12,WW,developer
32,27,390,2010-02-12,WW,developer
32,4,390,2010-02-12,WW,developer
32,5,390,2010-02-12,WW,developer
33,6,491,2014-05-27,WW,developer
33,6,11,2014-05-27,NA,publisher
33,33,491,2014-05-27,WW,developer
33,33,11,2014-05-27,NA,publisher
34,16,40,2012-11-18,WW,developer
34,16,6,2012-11-18,JP,publisher
35,66,40,2012-11-08,WW,developer
35,66,407,2012-11-08,WW,developer
35,66,6,2012-11-08,JP,publisher
37,6,73,2009-06-16,WW,developer
37,6,651,2009-06-16,WW,developer
37,6,770,2009-06-16,WW,developer
37,6,14,2009-06-16,EU,publisher
37,6,17,2009-06-16,NA,publisher
37,6,231,2009-06-16,NA,publisher
37,4,73,2009-06-16,WW,developer
37,4,651,2009-06-16,WW,developer
37,4,770,2009-06-16,WW,developer
37,4,14,2009-06-16,EU,publisher
37,4,17,2009-06-16,NA,publisher
37,4,231,2009-06-16,NA,publisher
38,4,1617,1996-10-31,WW,developer
38,4,192,1996-10-31,NA,publisher
39,4,63,1999-01-10,WW,developer
39,4,238,1999-01-10,WW,developer
39,4,6,1999-01-10,JP,publisher
39,4,63,1999-01-10,NA,publisher
39,31,63,1999-01-10,WW,developer
39,31,238,1999-01-10,WW,developer
39,31,6,1999-01-10,JP,publisher
39,31,63,1999-01-10,NA,publisher
40,27,238,2003-10-15,WW,developer
40,27,63,2003-10-15,NA,publisher
41,27,238,2001-11-09,WW,developer
41,27,63,2001-11-09,NA,publisher
42,5,63,2009-08-10,WW,developer
42,5,1020,2009-08-10,WW,developer
42,5,1324,2009-08-10,WW,developer
42,5,62,2009-08-10,JP,publisher
42,5,63,2009-08-10,NA,publisher
42,5,405,2009-08-10,NA,publisher
42,33,63,2009-08-10,WW,developer
42,33,1020,2009-08-10,WW,developer
42,33,1324,2009-08-10,WW,developer
42,33,62,2009-08-10,JP,publisher
42,33,63,2009-08-10,NA,publisher
42,33,405,2009-08-10,NA,publisher
42,28,63,2009-08-10,WW,developer
42,28,1020,2009-08-10,WW,developer
42,28,1324,2009-08-10,WW,developer
42,28,62,2009-08-10,JP,publisher
42,28,63,2009-08-10,NA,publisher
42,28,405,2009-08-10,NA,publisher
43,28,63,2009-08-24,WW,developer
43,28,1020,2009-08-24,WW,developer
43,28,62,2009-08-24,JP,publisher
43,28,63,2009-08-24,NA,publisher
43,28,188,2009-08-24,NA,publisher
43,5,63,2009-08-24,WW,developer
43,5,1020,2009-08-24,WW,developer
43,5,62,2009-08-24,JP,publisher
43,5,63,2009-08-24,NA,publisher
43,5,188,2009-08-24,NA,publisher
44,5,1006,2009-09-07,WW,developer
44,5,1020,2009-09-07,WW,developer
44,5,62,2009-09-07,JP,publisher
44,5,63,2009-09-07,NA,publisher
44,5,188,2009-09-07,NA,publisher
44,28,1006,2009-09-07,WW,developer
44,28,1020,2009-09-07,WW,developer
44,28,62,2009-09-07,JP,publisher
44,28,63,2009-09-07,NA,publisher
44,28,188,2009-09-07,NA,publisher
44,32,1006,2009-09-07,WW,developer
44,32,1020,2009-09-07,WW,developer
44,32,62,2009-09-07,JP,publisher
44,32,63,2009-09-07,NA,publisher
44,32,188,2009-09-07,NA,publisher
45,4,698,2024-01-16,WW,developer
45,4,63,2024-01-16,NA,publisher
47,4,63,2000-12-18,WW,developer
47,4,238,2000-12-18,WW,developer
47,4,63,2000-12-18,NA,publisher
47,4,188,2000-12-18,NA,publisher
47,31,63,2000-12-18,WW,developer
47,31,238,2000-12-18,WW,developer
47,31,63,2000-12-18,NA,publisher
47,31,188,2000-12-18,NA,publisher
48,67,863,2000-11-27,WW,developer
48,67,188,2000-11-27,NA,publisher
84,4,217,2006-02-16,WW,developer
84,4,63,2006-02-16,NA,publisher
84,8,217,2006-02-16,WW,developer
84,8,63,2006-02-16,NA,publisher
85,5,498,2007-01-29,WW,developer
85,8,498,2007-01-29,WW,developer
85,63,498,2007-01-29,WW,developer
85,4,498,2007-01-29,WW,developer
85,10,498,2007-01-29,WW,developer
85,42,498,2007-01-29,WW,developer
86,27,8,2004-07-29,WW,developer
86,27,8,2004-07-29,JP,publisher
87,4,251,2007-08-21,WW,developer
87,4,17,2007-08-21,NA,publisher
87,6,251,2007-08-21,WW,developer
87,6,17,2007-08-21,NA,publisher
87,8,251,2007-08-21,WW,developer
87,8,17,2007-08-21,NA,publisher
88,5,40,2006-11-19,WW,developer
88,5,6,2006-11-19,JP,publisher
89,6,1049,2013-03-29,WW,developer
89,6,1049,2013-03-29,JP,publisher
89,6,1667,2013-03-29,NA,publisher
89,23,1049,2013-03-29,WW,developer
89,23,1049,2013-03-29,JP,publisher
89,23,1667,2013-03-29,NA,publisher
89,4,1049,2013-03-29,WW,developer
89,4,1049,2013-03-29,JP,publisher
89,4,1667,2013-03-29,NA,publisher
90,4,714,2004-12-13,WW,developer
90,4,714,2004-12-13,JP,publisher
91,6,63,2010-10-26,WW,developer
91,4,63,2010-10-26,WW,developer
91,22,63,2010-10-26,WW,developer
91,5,63,2010-10-26,WW,developer
92,5,534,2008-09-23,WW,developer
92,5,599,2008-09-23,NA,publisher
92,6,534,2008-09-23,WW,developer
92,6,599,2008-09-23,NA,publisher
92,4,534,2008-09-23,WW,developer
92,4,599,2008-09-23,NA,publisher
92,22,534,2008-09-23,WW,developer
92,22,599,2008-09-23,NA,publisher
92,23,534,2008-09-23,WW,developer
92,23,599,2008-09-23,NA,publisher
93,8,534,2008-06-03,WW,developer
93,8,63,2008-06-03,NA,publisher
93,6,534,2008-06-03,WW,developer
93,6,63,2008-06-03,NA,publisher
93,23,534,2008-06-03,WW,developer
93,23,63,2008-06-03,NA,publisher
93,22,534,2008-06-03,WW,developer
93,22,63,2008-06-03,NA,publisher
93,5,534,2008-06-03,WW,developer
93,5,63,2008-06-03,NA,publisher
93,4,534,2008-06-03,WW,developer
93,4,63,2008-06-03,NA,publisher
94,4,213,2004-12-06,WW,developer
94,4,247,2004-12-06,WW,developer
94,4,63,2004-12-06,NA,publisher
94,8,213,2004-12-06,WW,developer
94,8,247,2004-12-06,WW,developer
94,8,63,2004-12-06,NA,publisher
95,8,534,2009-11-17,WW,developer
95,8,63,2009-11-17,NA,publisher
95,5,534,2009-11-17,WW,developer
95,5,63,2009-11-17,NA,publisher
95,6,534,2009-11-17,WW,developer
95,6,63,2009-11-17,NA,publisher
95,4,534,2009-11-17,WW,developer
95,4,63,2009-11-17,NA,publisher
96,4,131,2016-11-04,WW,developer
96,4,307,2016-11-04,WW,developer
96,4,247,2016-11-04,WW,developer
96,4,56,2016-11-04,JP,publisher
96,5,131,2016-11-04,WW,developer
96,5,307,2016-11-04,WW,developer
96,5,247,2016-11-04,WW,developer
96,5,56,2016-11-04,JP,publisher
96,6,131,2016-11-04,WW,developer
96,6,307,2016-11-04,WW,developer
96,6,247,2016-11-04,WW,developer
96,6,56,2016-11-04,JP,publisher
96,8,131,2016-11-04,WW,developer
96,8,307,2016-11-04,WW,developer
96,8,247,2016-11-04,WW,developer
96,8,56,2016-11-04,JP,publisher
97,2,101,2012-11-01,WW,developer
97,2,101,2012-11-01,NA,publisher
99,46,532,2009-01-28,WW,developer
99,46,6,2009-01-28,JP,publisher
100,106,262,1996-12-06,WW,developer
100,106,435,1996-12-06,JP,publisher
100,26,262,1996-12-06,WW,developer
100,26,435,1996-12-06,JP,publisher
100,28,262,1996-12-06,WW,developer
100,28,435,1996-12-06,JP,publisher
102,6,63,2008-10-07,NA,publisher
103,66,519,2005-12-15,WW,developer
103,66,117,2005-12-15,JP,publisher
105,4,218,2012-11-20,WW,developer
105,6,218,2012-11-20,WW,developer
106,5,218,2013-09-26,WW,developer
106,5,646,2013-09-26,WW,developer
106,5,915,2013-09-26,WW,developer
106,5,11,2013-09-26,NA,publisher
106,5,405,2013-09-26,NA,publisher
106,16,218,2013-09-26,WW,developer
106,16,646,2013-09-26,WW,developer
106,16,915,2013-09-26,WW,developer
106,16,11,2013-09-26,NA,publisher
106,16,405,2013-09-26,NA,publisher
106,4,218,2013-09-26,WW,developer
106,4,646,2013-09-26,WW,developer
106,4,915,2013-09-26,WW,developer
106,4,11,2013-09-26,NA,publisher
106,4,405,2013-09-26,NA,publisher
127,31,304,1998-06-29,WW,developer
127,31,6,1998-06-29,JP,publisher
128,4,1258,2010-10-26,WW,developer
128,4,26,2010-10-26,NA,publisher
128,81,1258,2010-10-26,WW,developer
128,81,26,2010-10-26,NA,publisher
129,8,312,2014-05-15,WW,developer
129,8,1169,2014-05-15,WW,developer
129,8,56,2014-05-15,JP,publisher
129,4,312,2014-05-15,WW,developer
129,4,1169,2014-05-15,WW,developer
129,4,56,2014-05-15,JP,publisher
129,6,312,2014-05-15,WW,developer
129,6,1169,2014-05-15,WW,developer
129,6,56,2014-05-15,JP,publisher
130,22,400,2010-07-01,WW,developer
130,22,400,2010-07-01,JP,publisher
131,4,745,2009-11-20,WW,developer
131,4,44,2009-11-20,EU,publisher
132,8,26,2009-05-14,WW,developer
132,8,26,2009-05-14,NA,publisher
132,4,26,2009-05-14,WW,developer
132,4,26,2009-05-14,NA,publisher
133,22,519,2008-12-18,WW,developer
133,22,400,2008-12-18,JP,publisher
133,33,519,2008-12-18,WW,developer
133,33,400,2008-12-18,JP,publisher
134,27,368,2005-09-20,WW,developer
134,23,368,2005-09-20,WW,developer
134,36,368,2005-09-20,WW,developer
134,4,368,2005-09-20,WW,developer
135,4,246,2007-09-25,WW,developer
135,4,13,2007-09-25,NA,publisher
136,33,252,2011-09-27,WW,developer
136,33,288,2011-09-27,NA,publisher
136,22,252,2011-09-27,WW,developer
136,22,288,2011-09-27,NA,publisher
136,6,252,2011-09-27,WW,developer
136,6,288,2011-09-27,NA,publisher
136,23,252,2011-09-27,WW,developer
136,23,288,2011-09-27,NA,publisher
136,4,252,2011-09-27,WW,developer
136,4,288,2011-09-27,NA,publisher
136,5,252,2011-09-27,WW,developer
136,5,288,2011-09-27,NA,publisher
137,66,252,2012-09-25,WW,developer
137,66,288,2012-09-25,NA,publisher
137,23,252,2012-09-25,WW,developer
137,23,288,2012-09-25,NA,publisher
137,4,252,2012-09-25,WW,developer
137,4,288,2012-09-25,NA,publisher
137,16,252,2012-09-25,WW,developer
137,16,288,2012-09-25,NA,publisher
137,5,252,2012-09-25,WW,developer
137,5,288,2012-09-25,NA,publisher
137,6,252,2012-09-25,WW,developer
137,6,288,2012-09-25,NA,publisher
137,33,252,2012-09-25,WW,developer
137,33,288,2012-09-25,NA,publisher
140,16,545,1984-11-30,WW,developer
140,16,6,1984-11-30,JP,publisher
140,5,545,1984-11-30,WW,developer
140,5,6,1984-11-30,JP,publisher
140,26,545,1984-11-30,WW,developer
140,26,6,1984-11-30,JP,publisher
113,8,15,2003-06-23,WW,developer
113,8,15,2003-06-23,NA,publisher
113,4,15,2003-06-23,WW,developer
113,4,15,2003-06-23,NA,publisher
114,6,421,2011-04-21,WW,developer
114,6,426,2011-04-21,WW,developer
114,6,281,2011-04-21,JP,publisher
114,6,426,2011-04-21,JP,publisher
114,6,1233,2011-04-21,NA,publisher
114,23,421,2008-05-29,WW,developer
114,23,426,2008-05-29,WW,developer
114,23,281,2008-05-29,JP,publisher
114,23,426,2008-05-29,JP,publisher
114,23,1233,2008-05-29,NA,publisher
114,4,421,2004-04-28,WW,developer
114,4,426,2004-04-28,WW,developer
114,4,281,2004-04-28,JP,publisher
114,4,426,2004-04-28,JP,publisher
114,4,1233,2004-04-28,NA,publisher
116,4,534,2012-01-01,WW,developer
116,4,599,2012-01-01,NA,publisher
116,6,534,2012-01-01,WW,developer
116,6,599,2012-01-01,NA,publisher
116,33,534,2012-01-01,WW,developer
116,33,599,2012-01-01,NA,publisher
116,8,534,2012-01-01,WW,developer
116,8,599,2012-01-01,NA,publisher
116,16,534,2012-01-01,WW,developer
116,16,599,2012-01-01,NA,publisher
116,5,534,2012-01-01,WW,developer
116,5,599,2012-01-01,NA,publisher
116,23,534,2012-01-01,WW,developer
116,23,599,2012-01-01,NA,publisher
116,22,534,2012-01-01,WW,developer
116,22,599,2012-01-01,NA,publisher
118,8,1192,2012-10-16,WW,developer
118,4,1192,2012-10-16,WW,developer
118,6,1192,2012-10-16,WW,developer
120,33,548,2010-07-29,WW,developer
120,33,548,2010-07-29,JP,publisher
120,4,548,2010-07-29,WW,developer
120,4,548,2010-07-29,JP,publisher
120,6,548,2010-07-29,WW,developer
120,6,548,2010-07-29,JP,publisher
121,94,512,2000-08-04,WW,developer
121,94,467,2000-08-04,NA,publisher
121,8,512,2000-08-04,WW,developer
121,8,467,2000-08-04,NA,publisher
121,4,512,2000-08-04,WW,developer
121,4,467,2000-08-04,NA,publisher
123,23,617,2009-07-03,WW,developer
123,23,795,2009-07-03,NA,publisher
123,8,617,2009-07-03,WW,developer
123,8,795,2009-07-03,NA,publisher
123,4,617,2009-07-03,WW,developer
123,4,795,2009-07-03,NA,publisher
123,6,617,2009-07-03,WW,developer
123,6,795,2009-07-03,NA,publisher
124,4,1299,2010-05-01,WW,developer
124,4,1299,2010-05-01,EU,publisher
124,8,1299,2010-05-01,WW,developer
124,8,1299,2010-05-01,EU,publisher
125,4,204,2011-11-17,WW,developer
125,4,1613,2011-11-17,WW,developer
106,33,218,2013-09-26,WW,developer
106,33,646,2013-09-26,WW,developer
106,33,915,2013-09-26,WW,developer
106,33,11,2013-09-26,NA,publisher
106,33,405,2013-09-26,NA,publisher
106,6,218,2013-09-26,WW,developer
106,6,646,2013-09-26,WW,developer
106,6,915,2013-09-26,WW,developer
106,6,11,2013-09-26,NA,publisher
106,6,405,2013-09-26,NA,publisher
107,4,14,2012-05-08,WW,developer
107,4,66,2012-05-08,EU,publisher
108,28,363,2009-05-26,WW,developer
108,28,791,2009-05-26,NA,publisher
108,26,363,2009-05-26,WW,developer
108,26,791,2009-05-26,NA,publisher
108,24,363,2009-05-26,WW,developer
108,24,791,2009-05-26,NA,publisher
108,94,363,2009-05-26,WW,developer
108,94,791,2009-05-26,NA,publisher
108,22,363,2009-05-26,WW,developer
108,22,791,2009-05-26,NA,publisher
108,42,363,2009-05-26,WW,developer
108,42,791,2009-05-26,NA,publisher
108,55,363,2009-05-26,WW,developer
108,55,791,2009-05-26,NA,publisher
108,5,363,2009-05-26,WW,developer
108,5,791,2009-05-26,NA,publisher
108,10,363,2009-05-26,WW,developer
108,10,791,2009-05-26,NA,publisher
110,4,219,2014-10-06,WW,developer
110,4,405,2014-10-06,NA,publisher
110,5,219,2014-10-06,WW,developer
110,5,405,2014-10-06,NA,publisher
110,6,219,2014-10-06,WW,developer
110,6,405,2014-10-06,NA,publisher
110,23,219,2014-10-06,WW,developer
110,23,405,2014-10-06,NA,publisher
110,22,219,2014-10-06,WW,developer
110,22,405,2014-10-06,NA,publisher
110,8,219,2014-10-06,WW,developer
110,8,405,2014-10-06,NA,publisher
112,4,506,2008-12-02,WW,developer
112,6,506,2008-04-29,WW,developer
141,4,462,2015-08-20,WW,developer
141,4,188,2015-08-20,NA,publisher
142,4,8,2002-05-21,JP,publisher
142,6,8,2012-09-25,JP,publisher
142,8,8,2010-11-22,JP,publisher
144,16,34,2000-08-11,WW,developer
144,16,6,2000-08-11,JP,publisher
144,76,34,2000-08-11,WW,developer
144,76,6,2000-08-11,JP,publisher
144,5,34,2000-08-11,WW,developer
144,5,6,2000-08-11,JP,publisher
144,31,34,2000-08-11,WW,developer
144,31,6,2000-08-11,JP,publisher
145,66,34,1990-04-20,WW,developer
145,66,545,1990-04-20,WW,developer
145,66,6,1990-04-20,JP,publisher
145,16,34,1990-04-20,WW,developer
145,16,545,1990-04-20,WW,developer
145,16,6,1990-04-20,JP,publisher
145,26,34,1990-04-20,WW,developer
145,26,545,1990-04-20,WW,developer
145,26,6,1990-04-20,JP,publisher
145,5,34,1990-04-20,WW,developer
145,5,545,1990-04-20,WW,developer
145,5,6,1990-04-20,JP,publisher
146,66,34,2015-01-01,WW,developer
146,66,6,2015-01-01,JP,publisher
146,16,34,2015-01-01,WW,developer
146,16,6,2015-01-01,JP,publisher
147,16,34,2023-06-23,WW,developer
147,16,6,2023-06-23,JP,publisher
148,5,390,2010-11-11,WW,developer
148,16,390,2010-11-11,WW,developer
149,27,470,2005-08-23,WW,developer
150,6,678,2008-06-05,WW,developer
150,5,678,2008-06-05,WW,developer
150,4,678,2008-06-05,WW,developer
151,8,475,2003-09-16,WW,developer
151,8,57,2003-09-16,NA,publisher
151,8,136,2003-09-16,EU,publisher
151,4,475,2003-09-16,WW,developer
151,4,57,2003-09-16,NA,publisher
151,4,136,2003-09-16,EU,publisher
152,4,1256,2004-01-01,WW,developer
153,4,614,2002-11-18,WW,developer
153,4,42,2002-11-18,NA,publisher
153,8,614,2002-11-18,WW,developer
153,8,42,2002-11-18,NA,publisher
153,27,614,2002-11-18,WW,developer
153,27,42,2002-11-18,NA,publisher
154,16,614,2012-10-16,WW,developer
154,4,614,2012-10-16,WW,developer
154,6,614,2012-10-16,WW,developer
155,27,479,2004-02-17,WW,developer
155,27,42,2004-02-17,NA,publisher
157,6,538,2011-02-23,WW,developer
157,8,538,2011-02-23,WW,developer
157,22,538,2011-02-23,WW,developer
157,5,538,2011-02-23,WW,developer
157,4,538,2011-02-23,WW,developer
158,4,205,2020-06-18,WW,developer
158,4,11,2020-06-18,NA,publisher
158,6,205,2020-06-18,WW,developer
158,6,11,2020-06-18,NA,publisher
159,4,149,2010-01-20,WW,developer
160,4,1146,2012-01-01,WW,developer
160,4,1146,2012-01-01,JP,publisher
160,4,1488,2012-01-01,JP,publisher
161,4,136,2003-06-30,WW,developer
161,4,231,2003-06-30,NA,publisher
161,4,283,2003-06-30,JP,publisher
162,22,661,2006-06-27,WW,developer
162,22,405,2006-06-27,NA,publisher
162,23,661,2006-06-27,WW,developer
162,23,405,2006-06-27,NA,publisher
163,16,40,1998-02-28,WW,developer
163,16,6,1998-02-28,JP,publisher
163,31,40,1998-02-28,WW,developer
163,31,6,1998-02-28,JP,publisher
164,33,1194,2012-02-02,WW,developer
164,33,1067,2012-02-02,JP,publisher
165,6,391,2002-11-04,WW,developer
165,6,11,2002-11-04,NA,publisher
165,33,391,2002-11-04,WW,developer
165,33,11,2002-11-04,NA,publisher
166,5,40,2009-11-11,WW,developer
166,5,6,2009-11-11,JP,publisher
167,16,40,2007-11-01,WW,developer
167,16,6,2007-11-01,JP,publisher
167,5,40,2007-11-01,WW,developer
167,5,6,2007-11-01,JP,publisher
168,22,354,2007-07-05,WW,developer
168,22,354,2007-07-05,JP,publisher
169,4,1133,1999-01-01,WW,developer
169,4,499,1999-01-01,EU,publisher
171,4,303,2009-11-05,WW,developer
171,4,309,2009-11-05,JP,publisher
171,4,303,2009-11-05,JP,publisher
171,4,548,2009-11-05,JP,publisher
172,22,192,2004-11-22,WW,developer
172,22,42,2004-11-22,NA,publisher
172,27,192,2004-11-22,WW,developer
172,27,42,2004-11-22,NA,publisher
173,4,775,2010-05-12,WW,developer
173,4,775,2010-05-12,NA,publisher
275,4,82,2002-01-01,WW,developer
275,4,82,2002-01-01,EU,publisher
277,23,56,2010-01-09,WW,developer
277,23,56,2010-01-09,JP,publisher
278,5,42,2011-11-15,NA,publisher
278,6,42,2011-11-15,NA,publisher
278,4,42,2011-11-15,NA,publisher
278,66,42,2011-11-15,NA,publisher
279,23,11,2006-10-31,WW,developer
279,23,119,2006-10-31,WW,developer
279,23,11,2006-10-31,NA,publisher
280,27,289,2002-10-09,WW,developer
280,27,228,2002-10-09,EU,publisher
173,8,775,2010-05-12,WW,developer
173,8,775,2010-05-12,NA,publisher
174,4,1094,2015-08-25,WW,developer
174,4,708,2015-08-25,JP,publisher
174,33,1094,2015-08-25,WW,developer
174,33,708,2015-08-25,JP,publisher
174,23,1094,2015-08-25,WW,developer
174,23,708,2015-08-25,JP,publisher
175,4,356,2017-01-21,WW,developer
175,4,867,2017-01-21,JP,publisher
175,8,356,2017-01-21,WW,developer
175,8,867,2017-01-21,JP,publisher
176,4,68,2004-09-16,WW,developer
176,4,42,2004-09-16,NA,publisher
176,4,247,2004-09-16,NA,publisher
176,8,68,2004-09-16,WW,developer
176,8,42,2004-09-16,NA,publisher
176,8,247,2004-09-16,NA,publisher
176,27,68,2004-09-16,WW,developer
176,27,42,2004-09-16,NA,publisher
176,27,247,2004-09-16,NA,publisher
176,23,68,2004-09-16,WW,developer
176,23,42,2004-09-16,NA,publisher
176,23,247,2004-09-16,NA,publisher
176,22,68,2004-09-16,WW,developer
176,22,42,2004-09-16,NA,publisher
176,22,247,2004-09-16,NA,publisher
177,8,861,2007-05-24,WW,developer
177,8,861,2007-05-24,EU,publisher
177,4,861,2007-05-24,WW,developer
177,4,861,2007-05-24,EU,publisher
178,4,82,2004-04-13,WW,developer
178,4,82,2004-04-13,EU,publisher
179,4,68,2003-03-12,WW,developer
179,4,42,2003-03-12,NA,publisher
179,4,247,2003-03-12,NA,publisher
179,4,1103,2003-03-12,NA,publisher
179,8,68,2003-03-12,WW,developer
179,8,42,2003-03-12,NA,publisher
179,8,247,2003-03-12,NA,publisher
179,8,1103,2003-03-12,NA,publisher
179,94,68,2003-03-12,WW,developer
179,94,42,2003-03-12,NA,publisher
179,94,247,2003-03-12,NA,publisher
179,94,1103,2003-03-12,NA,publisher
179,27,68,2003-03-12,WW,developer
179,27,42,2003-03-12,NA,publisher
179,27,247,2003-03-12,NA,publisher
179,27,1103,2003-03-12,NA,publisher
180,22,68,2010-10-26,WW,developer
180,22,102,2010-10-26,WW,developer
180,22,570,2010-10-26,WW,developer
180,22,42,2010-10-26,NA,publisher
180,5,68,2010-10-26,WW,developer
180,5,102,2010-10-26,WW,developer
180,5,570,2010-10-26,WW,developer
180,5,42,2010-10-26,NA,publisher
180,6,68,2010-10-26,WW,developer
180,6,102,2010-10-26,WW,developer
180,6,570,2010-10-26,WW,developer
180,6,42,2010-10-26,NA,publisher
180,92,68,2010-10-26,WW,developer
180,92,102,2010-10-26,WW,developer
180,92,570,2010-10-26,WW,developer
180,92,42,2010-10-26,NA,publisher
180,66,68,2010-10-26,WW,developer
180,66,102,2010-10-26,WW,developer
180,66,570,2010-10-26,WW,developer
180,66,42,2010-10-26,NA,publisher
180,4,68,2010-10-26,WW,developer
180,4,102,2010-10-26,WW,developer
180,4,570,2010-10-26,WW,developer
180,4,42,2010-10-26,NA,publisher
180,58,68,2010-10-26,WW,developer
180,58,102,2010-10-26,WW,developer
180,58,570,2010-10-26,WW,developer
180,58,42,2010-10-26,NA,publisher
180,8,68,2010-10-26,WW,developer
180,8,102,2010-10-26,WW,developer
180,8,570,2010-10-26,WW,developer
180,8,42,2010-10-26,NA,publisher
181,21,40,1987-01-14,WW,developer
181,21,6,1987-01-14,JP,publisher
181,16,40,1987-01-14,WW,developer
181,16,6,1987-01-14,JP,publisher
181,26,40,1987-01-14,WW,developer
181,26,6,1987-01-14,JP,publisher
182,4,224,2010-05-18,WW,developer
182,4,405,2010-05-18,NA,publisher
182,6,224,2010-05-18,WW,developer
182,6,405,2010-05-18,NA,publisher
182,23,224,2010-05-18,WW,developer
182,23,405,2010-05-18,NA,publisher
183,82,334,2001-01-04,WW,developer
183,82,334,2001-01-04,EU,publisher
183,4,334,2001-01-04,WW,developer
183,4,334,2001-01-04,EU,publisher
183,8,334,2001-01-04,WW,developer
183,8,334,2001-01-04,EU,publisher
184,8,544,2002-01-01,WW,developer
184,8,478,2002-01-01,NA,publisher
184,4,544,2002-01-01,WW,developer
184,4,478,2002-01-01,NA,publisher
185,63,589,2023-02-14,WW,developer
185,63,363,2023-02-14,JP,publisher
185,63,589,2023-02-14,JP,publisher
185,63,742,2023-02-14,JP,publisher
187,47,57,1996-01-15,WW,developer
187,47,57,1996-01-15,NA,publisher
188,4,212,2003-08-13,WW,developer
188,4,250,2003-08-13,WW,developer
188,4,754,2003-08-13,WW,developer
188,4,14,2003-08-13,EU,publisher
188,4,212,2003-08-13,NA,publisher
188,4,250,2003-08-13,NA,publisher
189,66,443,2012-10-11,WW,developer
189,66,400,2012-10-11,JP,publisher
190,4,354,2002-12-18,WW,developer
190,4,354,2002-12-18,JP,publisher
190,4,943,2002-12-18,EU,publisher
190,62,354,2002-12-18,WW,developer
190,62,354,2002-12-18,JP,publisher
190,62,943,2002-12-18,EU,publisher
191,62,354,1998-07-23,WW,developer
193,94,68,1996-07-26,WW,developer
193,94,68,1996-07-26,NA,publisher
193,28,68,1996-07-26,WW,developer
193,28,68,1996-07-26,NA,publisher
193,4,68,1996-07-26,WW,developer
193,4,68,1996-07-26,NA,publisher
185,8,589,2023-02-14,WW,developer
185,8,363,2023-02-14,JP,publisher
185,8,589,2023-02-14,JP,publisher
185,8,742,2023-02-14,JP,publisher
185,4,589,2023-02-14,WW,developer
185,4,363,2023-02-14,JP,publisher
185,4,589,2023-02-14,JP,publisher
185,4,742,2023-02-14,JP,publisher
194,8,440,2009-10-27,WW,developer
194,4,440,2009-10-27,WW,developer
195,8,14,2004-08-03,EU,publisher
195,8,231,2004-08-03,NA,publisher
195,8,247,2004-08-03,NA,publisher
195,6,14,2004-08-03,EU,publisher
195,6,231,2004-08-03,NA,publisher
195,6,247,2004-08-03,NA,publisher
195,94,14,2004-08-03,EU,publisher
195,94,231,2004-08-03,NA,publisher
195,94,247,2004-08-03,NA,publisher
195,4,14,2004-08-03,EU,publisher
195,4,231,2004-08-03,NA,publisher
195,4,247,2004-08-03,NA,publisher
197,6,131,2008-11-11,WW,developer
197,6,223,2008-11-11,WW,developer
197,6,945,2008-11-11,WW,developer
197,6,125,2008-11-11,NA,publisher
197,9,131,2008-11-11,WW,developer
197,9,223,2008-11-11,WW,developer
197,9,945,2008-11-11,WW,developer
197,9,125,2008-11-11,NA,publisher
197,5,131,2008-11-11,WW,developer
197,5,223,2008-11-11,WW,developer
197,5,945,2008-11-11,WW,developer
197,5,125,2008-11-11,NA,publisher
197,4,131,2008-11-11,WW,developer
197,4,223,2008-11-11,WW,developer
197,4,945,2008-11-11,WW,developer
197,4,125,2008-11-11,NA,publisher
198,4,45,2002-07-03,WW,developer
198,4,45,2002-07-03,NA,publisher
198,94,45,2002-07-03,WW,developer
198,94,45,2002-07-03,NA,publisher
198,8,45,2002-07-03,WW,developer
198,8,45,2002-07-03,NA,publisher
199,4,254,2000-01-01,WW,developer
199,4,82,2000-01-01,EU,publisher
200,6,246,2014-09-09,WW,developer
201,8,307,2006-01-01,WW,developer
201,8,247,2006-01-01,WW,developer
201,8,92,2006-01-01,JP,publisher
201,8,247,2006-01-01,NA,publisher
201,4,307,2006-01-01,WW,developer
201,4,247,2006-01-01,WW,developer
201,4,92,2006-01-01,JP,publisher
201,4,247,2006-01-01,NA,publisher
202,4,490,2005-03-04,WW,developer
202,4,490,2005-03-04,EU,publisher
202,8,490,2005-03-04,WW,developer
202,8,490,2005-03-04,EU,publisher
202,94,490,2005-03-04,WW,developer
202,94,490,2005-03-04,EU,publisher
203,4,68,2008-09-01,WW,developer
203,4,42,2008-09-01,NA,publisher
203,4,889,2008-09-01,EU,publisher
203,8,68,2008-09-01,WW,developer
203,8,42,2008-09-01,NA,publisher
203,8,889,2008-09-01,EU,publisher
206,16,477,2005-02-04,WW,developer
206,16,6,2005-02-04,JP,publisher
207,4,467,2002-08-29,NA,publisher
207,4,1150,2002-08-29,EU,publisher
208,66,6,1998-11-21,WW,developer
208,66,40,1998-11-21,WW,developer
208,66,6,1998-11-21,JP,publisher
208,5,6,1998-11-21,WW,developer
208,5,40,1998-11-21,WW,developer
208,5,6,1998-11-21,JP,publisher
208,27,6,1998-11-21,WW,developer
208,27,40,1998-11-21,WW,developer
208,27,6,1998-11-21,JP,publisher
208,16,6,1998-11-21,WW,developer
208,16,40,1998-11-21,WW,developer
208,16,6,1998-11-21,JP,publisher
208,76,6,1998-11-21,WW,developer
208,76,40,1998-11-21,WW,developer
208,76,6,1998-11-21,JP,publisher
208,54,6,1998-11-21,WW,developer
208,54,40,1998-11-21,WW,developer
208,54,6,1998-11-21,JP,publisher
208,31,6,1998-11-21,WW,developer
208,31,40,1998-11-21,WW,developer
208,31,6,1998-11-21,JP,publisher
209,4,248,2019-03-26,WW,developer
209,4,56,2019-03-26,JP,publisher
209,4,248,2019-03-26,JP,publisher
210,4,453,2007-03-20,WW,developer
210,4,182,2007-03-20,EU,publisher
210,4,188,2007-03-20,NA,publisher
210,4,348,2007-03-20,EU,publisher
211,31,40,1996-06-23,WW,developer
211,31,6,1996-06-23,JP,publisher
211,16,40,1996-06-23,WW,developer
211,16,6,1996-06-23,JP,publisher
213,94,1227,2021-08-19,WW,developer
213,94,33,2021-08-19,NA,publisher
213,94,231,2021-08-19,NA,publisher
213,94,635,2021-08-19,NA,publisher
213,31,1227,2021-08-19,WW,developer
213,31,33,2021-08-19,NA,publisher
213,31,231,2021-08-19,NA,publisher
213,31,635,2021-08-19,NA,publisher
213,106,1227,2021-08-19,WW,developer
213,106,33,2021-08-19,NA,publisher
213,106,231,2021-08-19,NA,publisher
213,106,635,2021-08-19,NA,publisher
213,4,1227,2021-08-19,WW,developer
213,4,33,2021-08-19,NA,publisher
213,4,231,2021-08-19,NA,publisher
213,4,635,2021-08-19,NA,publisher
214,4,323,2005-02-23,WW,developer
214,4,228,2005-02-23,EU,publisher
217,27,252,2006-10-30,WW,developer
217,27,42,2006-10-30,NA,publisher
217,23,252,2006-10-30,WW,developer
217,23,42,2006-10-30,NA,publisher
217,6,252,2006-10-30,WW,developer
217,6,42,2006-10-30,NA,publisher
217,4,252,2006-10-30,WW,developer
217,4,42,2006-10-30,NA,publisher
217,5,252,2006-10-30,WW,developer
217,5,42,2006-10-30,NA,publisher
217,8,252,2006-10-30,WW,developer
217,8,42,2006-10-30,NA,publisher
217,22,252,2006-10-30,WW,developer
217,22,42,2006-10-30,NA,publisher
244,23,42,2003-11-17,NA,publisher
244,4,42,2003-11-17,NA,publisher
245,4,92,2004-11-17,WW,developer
245,4,92,2004-11-17,JP,publisher
245,33,92,2004-11-17,WW,developer
245,33,92,2004-11-17,JP,publisher
245,6,92,2004-11-17,WW,developer
245,6,92,2004-11-17,JP,publisher
246,4,1206,2012-10-16,WW,developer
246,6,1206,2012-10-16,WW,developer
247,4,1306,2022-12-06,NA,publisher
248,4,175,2002-06-21,NA,publisher
248,27,175,2002-06-21,NA,publisher
249,4,126,2003-02-03,WW,developer
249,4,57,2003-02-03,NA,publisher
250,4,371,2007-03-29,WW,developer
250,4,228,2007-03-29,EU,publisher
251,23,56,2008-12-18,WW,developer
251,23,56,2008-12-18,JP,publisher
252,4,188,2003-05-23,NA,publisher
253,6,538,2011-09-20,WW,developer
253,6,82,2011-09-20,EU,publisher
253,4,538,2011-09-20,WW,developer
253,4,82,2011-09-20,EU,publisher
253,33,538,2011-09-20,WW,developer
253,33,82,2011-09-20,EU,publisher
255,6,42,2008-05-25,WW,developer
255,6,42,2008-05-25,NA,publisher
255,4,42,2008-05-25,WW,developer
255,4,42,2008-05-25,NA,publisher
255,23,42,2008-05-25,WW,developer
255,23,42,2008-05-25,NA,publisher
255,5,42,2008-05-25,WW,developer
255,5,42,2008-05-25,NA,publisher
255,8,42,2008-05-25,WW,developer
255,8,42,2008-05-25,NA,publisher
256,4,1182,2005-04-06,WW,developer
256,4,17,2005-04-06,NA,publisher
256,8,1182,2005-04-06,WW,developer
256,8,17,2005-04-06,NA,publisher
258,92,570,2011-03-22,WW,developer
258,92,42,2011-03-22,NA,publisher
258,8,570,2011-03-22,WW,developer
258,8,42,2011-03-22,NA,publisher
258,4,570,2011-03-22,WW,developer
258,4,42,2011-03-22,NA,publisher
259,4,132,2005-04-20,WW,developer
259,4,77,2005-04-20,EU,publisher
260,4,118,1997-07-17,WW,developer
260,4,118,1997-07-17,JP,publisher
260,8,118,1997-07-17,WW,developer
260,8,118,1997-07-17,JP,publisher
262,5,567,2008-01-22,WW,developer
262,5,271,2008-01-22,JP,publisher
263,8,225,2020-11-12,WW,developer
263,8,225,2020-11-12,EU,publisher
263,4,225,2020-11-12,WW,developer
263,4,225,2020-11-12,EU,publisher
265,4,199,2009-02-10,WW,developer
265,6,199,2009-02-10,WW,developer
265,5,199,2009-02-10,WW,developer
266,6,213,2010-05-27,WW,developer
266,4,213,2010-05-27,WW,developer
269,5,262,2010-02-09,WW,developer
270,23,1251,2005-05-30,WW,developer
270,23,1251,2005-05-30,NA,publisher
270,4,1251,2005-05-30,WW,developer
270,4,1251,2005-05-30,NA,publisher
270,8,1251,2005-05-30,WW,developer
270,8,1251,2005-05-30,NA,publisher
271,8,1295,2002-10-31,WW,developer
271,8,13,2002-10-31,NA,publisher
271,4,1295,2002-10-31,WW,developer
271,4,13,2002-10-31,NA,publisher
271,94,1295,2002-10-31,WW,developer
271,94,13,2002-10-31,NA,publisher
272,30,8,2014-02-28,WW,developer
272,30,8,2014-02-28,JP,publisher
272,4,8,2014-02-28,WW,developer
272,4,8,2014-02-28,JP,publisher
272,6,8,2014-02-28,WW,developer
272,6,8,2014-02-28,JP,publisher
272,27,8,2014-02-28,WW,developer
272,27,8,2014-02-28,JP,publisher
272,5,8,2014-02-28,WW,developer
272,5,8,2014-02-28,JP,publisher
272,23,8,2014-02-28,WW,developer
272,23,8,2014-02-28,JP,publisher
218,8,820,2001-10-17,WW,developer
218,8,13,2001-10-17,NA,publisher
218,94,820,2001-10-17,WW,developer
218,94,13,2001-10-17,NA,publisher
218,4,820,2001-10-17,WW,developer
218,4,13,2001-10-17,NA,publisher
219,8,820,2004-11-09,WW,developer
219,8,13,2004-11-09,NA,publisher
219,4,820,2004-11-09,WW,developer
219,4,13,2004-11-09,NA,publisher
220,27,42,2005-11-11,NA,publisher
220,22,42,2005-11-11,NA,publisher
220,23,42,2005-11-11,NA,publisher
220,6,42,2005-11-11,NA,publisher
220,4,42,2005-11-11,NA,publisher
221,94,13,1998-02-02,NA,publisher
221,4,13,1998-02-02,NA,publisher
221,8,13,1998-02-02,NA,publisher
222,4,624,1996-12-31,WW,developer
222,4,45,1996-12-31,NA,publisher
222,8,624,1996-12-31,WW,developer
222,8,45,1996-12-31,NA,publisher
222,94,624,1996-12-31,WW,developer
222,94,45,1996-12-31,NA,publisher
223,4,803,2009-06-29,WW,developer
223,4,66,2009-06-29,EU,publisher
223,8,803,2009-06-29,WW,developer
223,8,66,2009-06-29,EU,publisher
224,4,365,2009-10-27,WW,developer
224,4,188,2009-10-27,NA,publisher
224,4,311,2009-10-27,EU,publisher
224,4,365,2009-10-27,NA,publisher
224,8,365,2009-10-27,WW,developer
224,8,188,2009-10-27,NA,publisher
224,8,311,2009-10-27,EU,publisher
224,8,365,2009-10-27,NA,publisher
225,33,248,2001-07-19,WW,developer
225,33,248,2001-07-19,JP,publisher
225,6,248,2001-07-19,WW,developer
225,6,248,2001-07-19,JP,publisher
227,4,358,2009-03-23,WW,developer
227,4,358,2009-03-23,JP,publisher
227,94,358,2009-03-23,WW,developer
227,94,358,2009-03-23,JP,publisher
227,5,358,2009-03-23,WW,developer
227,5,358,2009-03-23,JP,publisher
228,22,226,2020-07-13,WW,developer
228,22,6,2020-07-13,JP,publisher
230,8,440,2019-09-03,WW,developer
230,8,440,2019-09-03,NA,publisher
230,4,440,2019-09-03,WW,developer
230,4,440,2019-09-03,NA,publisher
231,8,1123,2005-05-18,WW,developer
231,8,1123,2005-05-18,NA,publisher
231,4,1123,2005-05-18,WW,developer
231,4,1123,2005-05-18,NA,publisher
232,4,1123,2008-07-17,WW,developer
232,4,1123,2008-07-17,NA,publisher
233,6,1025,2009-11-05,WW,developer
233,6,616,2009-11-05,JP,publisher
234,22,688,2007-04-19,WW,developer
234,22,6,2007-04-19,JP,publisher
236,4,42,2007-11-13,NA,publisher
236,6,42,2007-11-13,NA,publisher
237,4,312,2006-05-26,WW,developer
237,4,228,2006-05-26,EU,publisher
237,6,312,2006-05-26,WW,developer
237,6,228,2006-05-26,EU,publisher
238,4,82,2005-03-01,WW,developer
238,4,153,2005-03-01,WW,developer
238,4,159,2005-03-01,EU,publisher
239,4,45,2012-05-15,WW,developer
239,4,45,2012-05-15,NA,publisher
239,8,45,2012-05-15,WW,developer
239,8,45,2012-05-15,NA,publisher
239,6,45,2013-09-03,WW,developer
239,6,45,2013-09-03,NA,publisher
240,8,624,2000-06-28,WW,developer
240,8,45,2000-06-28,NA,publisher
240,4,624,2000-06-28,WW,developer
240,4,45,2000-06-28,NA,publisher
240,94,624,2000-06-28,WW,developer
240,94,45,2000-06-28,NA,publisher
241,4,248,1999-02-11,WW,developer
241,4,248,1999-02-11,JP,publisher
242,6,404,2012-02-07,WW,developer
242,6,17,2012-02-07,NA,publisher
242,4,404,2012-02-07,WW,developer
242,4,17,2012-02-07,NA,publisher
242,8,404,2012-02-07,WW,developer
242,8,17,2012-02-07,NA,publisher
243,4,481,2005-02-24,WW,developer
243,4,278,2005-02-24,JP,publisher
244,27,42,2003-11-17,NA,publisher
409,33,534,2014-04-08,WW,developer
409,33,599,2014-04-08,NA,publisher
409,6,534,2014-04-08,WW,developer
409,6,599,2014-04-08,NA,publisher
409,66,534,2014-04-08,WW,developer
409,66,599,2014-04-08,NA,publisher
409,16,534,2014-04-08,WW,developer
409,16,599,2014-04-08,NA,publisher
410,6,605,2012-05-15,WW,developer
410,4,605,2012-05-15,WW,developer
411,4,147,2008-11-25,WW,developer
411,4,147,2008-11-25,EU,publisher
412,4,179,2000-01-14,WW,developer
412,4,944,2000-01-14,EU,publisher
413,4,181,1998-08-01,WW,developer
413,8,181,1998-08-01,WW,developer
414,4,252,2010-09-28,WW,developer
414,4,288,2010-09-28,NA,publisher
414,23,252,2010-09-28,WW,developer
414,23,288,2010-09-28,NA,publisher
414,22,252,2010-09-28,WW,developer
414,22,288,2010-09-28,NA,publisher
414,5,252,2010-09-28,WW,developer
414,5,288,2010-09-28,NA,publisher
414,6,252,2010-09-28,WW,developer
414,6,288,2010-09-28,NA,publisher
415,4,579,1996-10-31,WW,developer
415,4,42,1996-10-31,NA,publisher
415,36,579,1996-10-31,WW,developer
415,36,42,1996-10-31,NA,publisher
416,22,835,2005-12-29,WW,developer
416,22,6,2005-12-29,JP,publisher
417,28,252,1996-01-01,WW,developer
417,28,288,1996-01-01,NA,publisher
417,4,252,1996-01-01,WW,developer
417,4,288,1996-01-01,NA,publisher
417,32,252,1996-01-01,WW,developer
417,32,288,1996-01-01,NA,publisher
417,24,252,1996-01-01,WW,developer
417,24,288,1996-01-01,NA,publisher
418,23,361,2008-06-11,WW,developer
418,23,631,2008-06-11,WW,developer
418,23,656,2008-06-11,WW,developer
418,23,8,2008-06-11,JP,publisher
419,4,467,2004-08-30,NA,publisher
420,4,288,1996-01-01,WW,developer
420,4,42,1996-01-01,NA,publisher
420,28,288,1996-01-01,WW,developer
420,28,42,1996-01-01,NA,publisher
313,4,474,2005-04-26,WW,developer
315,4,206,2015-01-30,WW,developer
315,4,867,2015-01-30,JP,publisher
316,6,632,2007-04-12,WW,developer
316,6,278,2007-04-12,JP,publisher
317,6,131,2007-03-23,WW,developer
317,6,945,2007-03-23,WW,developer
317,6,527,2007-03-23,JP,publisher
317,5,131,2007-03-23,WW,developer
317,5,945,2007-03-23,WW,developer
317,5,527,2007-03-23,JP,publisher
318,4,396,2005-06-09,WW,developer
318,4,8,2005-06-09,JP,publisher
318,27,396,2005-06-09,WW,developer
318,27,8,2005-06-09,JP,publisher
319,8,1251,2008-01-15,WW,developer
319,8,1251,2008-01-15,NA,publisher
319,4,1251,2008-01-15,WW,developer
319,4,1251,2008-01-15,NA,publisher
319,5,1251,2008-01-15,WW,developer
319,5,1251,2008-01-15,NA,publisher
319,22,1251,2008-01-15,WW,developer
319,22,1251,2008-01-15,NA,publisher
320,5,1251,2008-11-11,WW,developer
320,5,1251,2008-11-11,NA,publisher
320,4,1251,2008-11-11,WW,developer
320,4,1251,2008-11-11,NA,publisher
320,8,1251,2008-11-11,WW,developer
320,8,1251,2008-11-11,NA,publisher
321,106,287,1996-10-25,WW,developer
321,106,228,1996-10-25,EU,publisher
321,106,683,1996-10-25,JP,publisher
321,106,1150,1996-10-25,EU,publisher
321,36,287,1996-10-25,WW,developer
321,36,228,1996-10-25,EU,publisher
321,36,683,1996-10-25,JP,publisher
321,36,1150,1996-10-25,EU,publisher
321,8,287,1996-10-25,WW,developer
321,8,228,1996-10-25,EU,publisher
321,8,683,1996-10-25,JP,publisher
321,8,1150,1996-10-25,EU,publisher
321,24,287,1996-10-25,WW,developer
321,24,228,1996-10-25,EU,publisher
321,24,683,1996-10-25,JP,publisher
321,24,1150,1996-10-25,EU,publisher
321,4,287,1996-10-25,WW,developer
321,4,228,1996-10-25,EU,publisher
321,4,683,1996-10-25,JP,publisher
321,4,1150,1996-10-25,EU,publisher
322,4,223,2012-10-09,WW,developer
322,4,231,2012-10-09,NA,publisher
322,6,223,2012-10-09,WW,developer
322,6,231,2012-10-09,NA,publisher
323,4,472,2006-06-26,WW,developer
323,4,188,2006-06-26,NA,publisher
324,4,56,2006-03-16,WW,developer
324,4,56,2006-03-16,JP,publisher
325,66,565,2011-05-17,WW,developer
325,66,734,2011-05-17,WW,developer
325,66,1286,2011-05-17,WW,developer
325,66,565,2011-05-17,EU,publisher
325,66,887,2011-05-17,NA,publisher
325,66,1035,2011-05-17,JP,publisher
325,16,565,2011-05-17,WW,developer
325,16,734,2011-05-17,WW,developer
325,16,1286,2011-05-17,WW,developer
325,16,565,2011-05-17,EU,publisher
325,16,887,2011-05-17,NA,publisher
325,16,1035,2011-05-17,JP,publisher
325,8,565,2011-05-17,WW,developer
325,8,734,2011-05-17,WW,developer
325,8,1286,2011-05-17,WW,developer
325,8,565,2011-05-17,EU,publisher
325,8,887,2011-05-17,NA,publisher
325,8,1035,2011-05-17,JP,publisher
325,4,565,2011-05-17,WW,developer
325,4,734,2011-05-17,WW,developer
325,4,1286,2011-05-17,WW,developer
325,4,565,2011-05-17,EU,publisher
325,4,887,2011-05-17,NA,publisher
325,4,1035,2011-05-17,JP,publisher
325,92,565,2011-05-17,WW,developer
325,92,734,2011-05-17,WW,developer
325,92,1286,2011-05-17,WW,developer
325,92,565,2011-05-17,EU,publisher
325,92,887,2011-05-17,NA,publisher
325,92,1035,2011-05-17,JP,publisher
325,33,565,2011-05-17,WW,developer
325,33,734,2011-05-17,WW,developer
325,33,1286,2011-05-17,WW,developer
325,33,565,2011-05-17,EU,publisher
325,33,887,2011-05-17,NA,publisher
325,33,1035,2011-05-17,JP,publisher
325,6,565,2011-05-17,WW,developer
325,6,734,2011-05-17,WW,developer
325,6,1286,2011-05-17,WW,developer
325,6,565,2011-05-17,EU,publisher
325,6,887,2011-05-17,NA,publisher
325,6,1035,2011-05-17,JP,publisher
326,4,335,2012-11-20,WW,developer
326,4,335,2012-11-20,NA,publisher
327,6,598,2010-12-29,WW,developer
327,6,42,2010-12-29,NA,publisher
328,33,528,2013-03-07,WW,developer
328,33,11,2013-03-07,NA,publisher
330,8,347,2003-05-06,WW,developer
330,8,517,2003-05-06,WW,developer
330,8,57,2003-05-06,NA,publisher
330,8,347,2003-05-06,EU,publisher
330,8,517,2003-05-06,NA,publisher
330,4,347,2003-05-06,WW,developer
330,4,517,2003-05-06,WW,developer
330,4,57,2003-05-06,NA,publisher
330,4,347,2003-05-06,EU,publisher
330,4,517,2003-05-06,NA,publisher
331,6,501,2004-03-23,EU,publisher
331,4,501,2004-03-23,EU,publisher
332,4,630,2015-11-12,WW,developer
332,4,630,2015-11-12,JP,publisher
332,4,1248,2015-11-12,JP,publisher
333,33,249,2012-03-06,WW,developer
333,33,8,2012-03-06,JP,publisher
333,4,249,2012-03-06,WW,developer
333,4,8,2012-03-06,JP,publisher
333,6,249,2012-03-06,WW,developer
333,6,8,2012-03-06,JP,publisher
334,4,1613,1997-09-30,WW,developer
334,4,1613,1997-09-30,EU,publisher
335,31,304,1997-03-21,WW,developer
335,31,6,1997-03-21,JP,publisher
336,5,681,2008-02-19,WW,developer
336,5,56,2008-02-19,JP,publisher
337,92,234,2009-11-02,WW,developer
337,92,234,2009-11-02,EU,publisher
338,23,686,2006-10-24,WW,developer
338,23,117,2006-10-24,JP,publisher
282,23,352,2009-11-17,WW,developer
282,23,11,2009-11-17,NA,publisher
283,4,323,1999-08-16,WW,developer
283,4,228,1999-08-16,EU,publisher
284,4,534,1997-10-31,WW,developer
285,5,117,2024-08-15,WW,developer
285,5,117,2024-08-15,JP,publisher
285,5,400,2024-08-15,JP,publisher
285,5,1164,2024-08-15,JP,publisher
286,4,246,2010-09-14,WW,developer
286,4,13,2010-09-14,NA,publisher
287,8,368,1997-08-31,WW,developer
287,94,368,1997-08-31,WW,developer
287,4,368,1997-08-31,WW,developer
288,6,1039,2006-04-14,WW,developer
288,6,11,2006-04-14,NA,publisher
288,23,1039,2006-04-14,WW,developer
288,23,11,2006-04-14,NA,publisher
288,33,1039,2006-04-14,WW,developer
288,33,11,2006-04-14,NA,publisher
290,4,206,2006-12-22,WW,developer
290,4,206,2006-12-22,JP,publisher
291,94,564,2003-11-04,WW,developer
291,94,247,2003-11-04,NA,publisher
291,94,467,2003-11-04,NA,publisher
291,27,564,2003-11-04,WW,developer
291,27,247,2003-11-04,NA,publisher
291,27,467,2003-11-04,NA,publisher
291,4,564,2003-11-04,WW,developer
291,4,247,2003-11-04,NA,publisher
291,4,467,2003-11-04,NA,publisher
293,4,315,2009-03-18,WW,developer
293,4,315,2009-03-18,EU,publisher
293,8,315,2009-03-18,WW,developer
293,8,315,2009-03-18,EU,publisher
295,56,294,2018-06-26,WW,developer
295,56,458,2018-06-26,WW,developer
295,56,1014,2018-06-26,WW,developer
295,56,188,2018-06-26,NA,publisher
295,56,1503,2018-06-26,NA,publisher
295,5,294,2018-06-26,WW,developer
295,5,458,2018-06-26,WW,developer
295,5,1014,2018-06-26,WW,developer
295,5,188,2018-06-26,NA,publisher
295,5,1503,2018-06-26,NA,publisher
295,58,294,2018-06-26,WW,developer
295,58,458,2018-06-26,WW,developer
295,58,1014,2018-06-26,WW,developer
295,58,188,2018-06-26,NA,publisher
295,58,1503,2018-06-26,NA,publisher
295,4,294,2018-06-26,WW,developer
295,4,458,2018-06-26,WW,developer
295,4,1014,2018-06-26,WW,developer
295,4,188,2018-06-26,NA,publisher
295,4,1503,2018-06-26,NA,publisher
295,92,294,2018-06-26,WW,developer
295,92,458,2018-06-26,WW,developer
295,92,1014,2018-06-26,WW,developer
295,92,188,2018-06-26,NA,publisher
295,92,1503,2018-06-26,NA,publisher
296,4,415,2007-10-26,WW,developer
296,4,175,2007-10-26,NA,publisher
296,8,415,2007-10-26,WW,developer
296,8,175,2007-10-26,NA,publisher
297,67,338,2000-08-30,WW,developer
297,31,338,2000-08-30,WW,developer
297,4,338,2000-08-30,WW,developer
298,6,536,2012-03-13,WW,developer
298,6,92,2012-03-13,JP,publisher
299,16,312,2011-10-18,WW,developer
299,16,596,2011-10-18,WW,developer
299,16,961,2011-10-18,WW,developer
299,16,599,2011-10-18,NA,publisher
299,6,312,2011-10-18,WW,developer
299,6,596,2011-10-18,WW,developer
299,6,961,2011-10-18,WW,developer
299,6,599,2011-10-18,NA,publisher
299,4,312,2011-10-18,WW,developer
299,4,596,2011-10-18,WW,developer
299,4,961,2011-10-18,WW,developer
299,4,599,2011-10-18,NA,publisher
299,8,312,2011-10-18,WW,developer
299,8,596,2011-10-18,WW,developer
299,8,961,2011-10-18,WW,developer
299,8,599,2011-10-18,NA,publisher
300,6,664,2009-08-04,WW,developer
300,6,42,2009-08-04,NA,publisher
300,5,664,2009-08-04,WW,developer
300,5,42,2009-08-04,NA,publisher
300,22,664,2009-08-04,WW,developer
300,22,42,2009-08-04,NA,publisher
301,27,660,2003-10-07,WW,developer
303,4,368,2005-10-18,WW,developer
303,8,368,2005-10-18,WW,developer
305,92,1034,2010-11-08,WW,developer
305,92,13,2010-11-08,NA,publisher
305,4,1034,2010-11-08,WW,developer
305,4,13,2010-11-08,NA,publisher
306,4,789,2010-06-29,WW,developer
306,4,1052,2010-06-29,NA,publisher
307,4,295,2009-06-17,WW,developer
307,4,295,2009-06-17,EU,publisher
308,4,104,2006-10-25,WW,developer
308,4,17,2006-10-25,NA,publisher
309,22,6,2006-05-15,WW,developer
309,22,6,2006-05-15,JP,publisher
310,8,408,2010-10-19,WW,developer
310,8,188,2010-10-19,NA,publisher
310,6,408,2010-10-19,WW,developer
310,6,188,2010-10-19,NA,publisher
310,4,408,2010-10-19,WW,developer
310,4,188,2010-10-19,NA,publisher
311,4,402,2010-02-09,WW,developer
311,4,17,2010-02-09,NA,publisher
311,6,402,2010-02-09,WW,developer
311,6,17,2010-02-09,NA,publisher
311,8,402,2010-02-09,WW,developer
311,8,17,2010-02-09,NA,publisher
312,4,594,2004-03-17,WW,developer
339,5,460,2007-03-27,WW,developer
339,5,56,2007-03-27,JP,publisher
339,5,435,2007-03-27,JP,publisher
339,28,460,2007-03-27,WW,developer
339,28,56,2007-03-27,JP,publisher
339,28,435,2007-03-27,JP,publisher
340,4,547,2005-03-15,WW,developer
340,4,175,2005-03-15,NA,publisher
341,23,720,2010-11-26,WW,developer
341,23,405,2010-11-26,NA,publisher
341,6,720,2010-11-26,WW,developer
341,6,405,2010-11-26,NA,publisher
341,4,720,2010-11-26,WW,developer
341,4,405,2010-11-26,NA,publisher
341,5,720,2010-11-26,WW,developer
341,5,405,2010-11-26,NA,publisher
342,4,107,2011-03-15,WW,developer
342,4,404,2011-03-15,WW,developer
342,4,188,2011-03-15,NA,publisher
342,4,527,2011-03-15,JP,publisher
342,50,107,2011-03-15,WW,developer
342,50,404,2011-03-15,WW,developer
342,50,188,2011-03-15,NA,publisher
342,50,527,2011-03-15,JP,publisher
342,6,107,2011-03-15,WW,developer
342,6,404,2011-03-15,WW,developer
342,6,188,2011-03-15,NA,publisher
342,6,527,2011-03-15,JP,publisher
343,4,720,2008-02-05,WW,developer
343,4,160,2008-02-05,NA,publisher
343,6,720,2008-02-05,WW,developer
343,6,160,2008-02-05,NA,publisher
344,4,597,2001-09-27,WW,developer
344,4,544,2001-09-27,EU,publisher
345,4,956,2003-11-14,WW,developer
345,4,1024,2003-11-14,NA,publisher
345,94,956,2003-11-14,WW,developer
345,94,1024,2003-11-14,NA,publisher
346,4,3,2000-03-31,NA,publisher
348,5,543,2009-06-23,WW,developer
349,31,304,1997-08-23,WW,developer
349,31,6,1997-08-23,JP,publisher
350,5,40,1991-11-21,WW,developer
350,5,6,1991-11-21,JP,publisher
350,28,40,1991-11-21,WW,developer
350,28,6,1991-11-21,JP,publisher
350,16,40,1991-11-21,WW,developer
350,16,6,1991-11-21,JP,publisher
350,102,40,1991-11-21,WW,developer
350,102,6,1991-11-21,JP,publisher
351,6,391,2006-11-11,WW,developer
351,6,11,2006-11-11,NA,publisher
352,4,682,2007-09-27,WW,developer
352,4,682,2007-09-27,EU,publisher
353,27,479,2004-11-02,WW,developer
353,27,42,2004-11-02,NA,publisher
354,94,336,2000-03-16,WW,developer
354,94,42,2000-03-16,NA,publisher
354,4,336,2000-03-16,WW,developer
354,4,42,2000-03-16,NA,publisher
354,8,336,2000-03-16,WW,developer
354,8,42,2000-03-16,NA,publisher
355,5,691,2010-02-05,WW,developer
355,5,6,2010-02-05,JP,publisher
356,4,278,2000-02-18,WW,developer
356,4,800,2000-02-18,JP,publisher
356,94,278,2000-02-18,WW,developer
356,94,800,2000-02-18,JP,publisher
358,22,363,2006-01-19,WW,developer
358,22,363,2006-01-19,JP,publisher
360,4,614,1997-06-20,WW,developer
360,4,405,1997-06-20,NA,publisher
362,8,368,2002-05-20,WW,developer
362,4,368,2002-05-20,WW,developer
363,5,330,2007-06-26,WW,developer
363,5,57,2007-06-26,NA,publisher
363,4,330,2007-06-26,WW,developer
363,4,57,2007-06-26,NA,publisher
364,22,485,2009-11-26,WW,developer
364,5,485,2009-11-26,WW,developer
364,4,485,2009-11-26,WW,developer
367,4,37,2012-04-18,WW,developer
367,4,13,2012-04-18,NA,publisher
368,6,793,2009-07-23,WW,developer
368,6,793,2009-07-23,EU,publisher
368,4,793,2009-07-23,WW,developer
368,4,793,2009-07-23,EU,publisher
368,8,793,2009-07-23,WW,developer
368,8,793,2009-07-23,EU,publisher
369,24,514,1997-04-17,WW,developer
369,24,212,1997-04-17,NA,publisher
369,24,247,1997-04-17,NA,publisher
369,24,514,1997-04-17,EU,publisher
369,4,514,1997-06-30,WW,developer
369,4,212,1997-06-30,NA,publisher
369,4,247,1997-06-30,NA,publisher
369,4,514,1997-06-30,EU,publisher
369,94,514,1997-01-01,WW,developer
369,94,212,1997-01-01,NA,publisher
369,94,247,1997-01-01,NA,publisher
369,94,514,1997-01-01,EU,publisher
369,43,514,2005-11-29,WW,developer
369,43,212,2005-11-29,NA,publisher
369,43,247,2005-11-29,NA,publisher
369,43,514,2005-11-29,EU,publisher
370,6,520,2010-10-05,WW,developer
370,6,400,2010-10-05,JP,publisher
370,4,520,2010-10-05,WW,developer
370,4,400,2010-10-05,JP,publisher
371,4,851,2006-09-14,WW,developer
371,4,135,2006-09-14,NA,publisher
372,4,576,1999-11-02,WW,developer
372,4,3,1999-11-02,NA,publisher
373,4,131,2017-04-11,WW,developer
373,16,131,2017-04-11,WW,developer
373,6,131,2017-04-11,WW,developer
376,6,8,2000-03-30,WW,developer
376,6,8,2000-03-30,JP,publisher
376,23,8,2000-03-30,WW,developer
376,23,8,2000-03-30,JP,publisher
378,4,199,2001-01-01,WW,developer
378,4,13,2001-01-01,NA,publisher
379,6,409,2010-10-21,WW,developer
379,6,11,2010-10-21,NA,publisher
380,66,1140,2012-06-14,WW,developer
380,66,400,2012-06-14,JP,publisher
381,22,542,2006-04-25,WW,developer
381,22,135,2006-04-25,NA,publisher
382,5,378,2009-10-15,WW,developer
382,5,8,2009-10-15,JP,publisher
383,22,479,2009-09-25,WW,developer
383,22,585,2009-09-25,WW,developer
383,22,42,2009-09-25,NA,publisher
383,5,479,2009-09-25,WW,developer
383,5,585,2009-09-25,WW,developer
383,5,42,2009-09-25,NA,publisher
384,6,563,2009-05-19,WW,developer
384,6,8,2009-05-19,JP,publisher
384,4,563,2009-05-19,WW,developer
384,4,8,2009-05-19,JP,publisher
385,66,627,2011-06-02,WW,developer
385,66,400,2011-06-02,JP,publisher
386,4,339,1997-08-31,WW,developer
386,4,478,1997-08-31,NA,publisher
386,94,339,1997-08-31,WW,developer
386,94,478,1997-08-31,NA,publisher
389,24,80,1996-11-22,WW,developer
389,24,463,1996-11-22,EU,publisher
389,23,80,1996-11-22,WW,developer
389,23,463,1996-11-22,EU,publisher
389,4,80,1996-11-22,WW,developer
389,4,463,1996-11-22,EU,publisher
391,94,63,1996-05-31,WW,developer
391,94,63,1996-05-31,NA,publisher
391,94,1391,1996-05-31,EU,publisher
391,4,63,1996-05-31,WW,developer
391,4,63,1996-05-31,NA,publisher
391,4,1391,1996-05-31,EU,publisher
391,8,63,1996-05-31,WW,developer
391,8,63,1996-05-31,NA,publisher
391,8,1391,1996-05-31,EU,publisher
391,24,63,1996-05-31,WW,developer
391,24,63,1996-05-31,NA,publisher
391,24,1391,1996-05-31,EU,publisher
392,4,373,2014-10-17,WW,developer
392,4,373,2014-10-17,NA,publisher
393,62,354,2002-03-14,WW,developer
393,62,943,2002-03-14,EU,publisher
395,69,6,1984-07-04,WW,developer
395,69,6,1984-07-04,JP,publisher
395,26,6,1984-07-04,WW,developer
395,26,6,1984-07-04,JP,publisher
396,6,56,2015-04-10,WW,developer
396,6,56,2015-04-10,JP,publisher
396,4,56,2015-04-10,WW,developer
396,4,56,2015-04-10,JP,publisher
398,6,552,2008-11-04,WW,developer
398,6,849,2008-11-04,NA,publisher
398,4,552,2008-11-04,WW,developer
398,4,849,2008-11-04,NA,publisher
399,4,319,2008-05-20,WW,developer
399,4,228,2008-05-20,EU,publisher
400,4,33,2007-06-25,NA,publisher
401,4,705,2009-10-06,WW,developer
401,4,92,2009-10-06,JP,publisher
401,6,705,2009-10-06,WW,developer
401,6,92,2009-10-06,JP,publisher
402,4,648,2009-01-07,WW,developer
402,4,82,2009-01-07,EU,publisher
402,6,648,2009-01-07,WW,developer
402,6,82,2009-01-07,EU,publisher
403,4,66,1999-10-31,WW,developer
403,4,200,1999-10-31,WW,developer
403,4,467,1999-10-31,NA,publisher
403,4,1150,1999-10-31,EU,publisher
405,6,705,2010-10-19,WW,developer
405,6,92,2010-10-19,JP,publisher
406,4,33,2007-09-07,WW,developer
406,4,33,2007-09-07,NA,publisher
406,6,33,2007-09-07,WW,developer
406,6,33,2007-09-07,NA,publisher
407,4,107,2008-02-25,WW,developer
407,4,188,2008-02-25,NA,publisher
408,27,42,2001-11-13,WW,developer
408,27,479,2001-11-13,WW,developer
408,27,42,2001-11-13,NA,publisher
409,4,534,2014-04-08,WW,developer
409,4,599,2014-04-08,NA,publisher
548,5,358,2008-09-19,WW,developer
548,5,42,2008-09-19,NA,publisher
549,4,326,2003-09-16,WW,developer
549,4,1068,2003-09-16,EU,publisher
552,8,253,2003-06-20,EU,publisher
552,4,253,2003-06-20,EU,publisher
553,4,1141,1996-09-25,WW,developer
553,4,463,1996-09-25,EU,publisher
553,8,1141,1996-09-25,WW,developer
553,8,463,1996-09-25,EU,publisher
553,24,1141,1996-09-25,WW,developer
553,24,463,1996-09-25,EU,publisher
554,5,519,2009-11-13,WW,developer
554,5,400,2009-11-13,JP,publisher
554,6,519,2009-11-13,WW,developer
554,6,400,2009-11-13,JP,publisher
555,23,244,2009-03-12,WW,developer
555,23,11,2009-03-12,NA,publisher
556,4,592,2023-07-06,WW,developer
556,4,941,2023-07-06,WW,developer
556,4,592,2023-07-06,JP,publisher
556,4,1416,2023-07-06,JP,publisher
556,4,1663,2023-07-06,EU,publisher
556,26,592,2023-07-06,WW,developer
556,26,941,2023-07-06,WW,developer
556,26,592,2023-07-06,JP,publisher
556,26,1416,2023-07-06,JP,publisher
556,26,1663,2023-07-06,EU,publisher
558,22,6,2006-03-20,WW,developer
558,22,6,2006-03-20,JP,publisher
559,8,275,2006-01-01,WW,developer
559,8,544,2006-01-01,EU,publisher
559,4,275,2006-01-01,WW,developer
559,4,544,2006-01-01,EU,publisher
560,4,275,2010-03-02,WW,developer
560,4,544,2010-03-02,EU,publisher
560,8,275,2010-03-02,WW,developer
560,8,544,2010-03-02,EU,publisher
421,4,453,2003-02-05,WW,developer
421,4,88,2003-02-05,EU,publisher
421,4,888,2003-02-05,EU,publisher
422,71,252,1996-07-28,WW,developer
422,71,42,1996-07-28,NA,publisher
422,24,252,1996-07-28,WW,developer
422,24,42,1996-07-28,NA,publisher
422,4,252,1996-07-28,WW,developer
422,4,42,1996-07-28,NA,publisher
424,5,261,2007-01-18,WW,developer
424,5,6,2007-01-18,JP,publisher
426,27,465,2002-06-03,WW,developer
426,27,358,2002-06-03,JP,publisher
427,66,226,2013-02-28,WW,developer
427,66,226,2013-02-28,JP,publisher
428,8,479,2003-10-31,WW,developer
428,8,42,2003-10-31,NA,publisher
428,27,479,2003-10-31,WW,developer
428,27,42,2003-10-31,NA,publisher
428,4,479,2003-10-31,WW,developer
428,4,42,2003-10-31,NA,publisher
429,4,192,2004-12-06,WW,developer
429,4,42,2004-12-06,NA,publisher
430,4,836,2004-11-15,WW,developer
430,4,182,2004-11-15,EU,publisher
431,33,115,2009-03-19,WW,developer
431,33,115,2009-03-19,JP,publisher
432,8,193,2014-06-12,WW,developer
432,8,13,2014-06-12,NA,publisher
432,4,193,2014-06-12,WW,developer
432,4,13,2014-06-12,NA,publisher
433,6,221,2000-12-05,WW,developer
433,6,42,2000-12-05,NA,publisher
433,94,221,2000-12-05,WW,developer
433,94,42,2000-12-05,NA,publisher
433,8,221,2000-12-05,WW,developer
433,8,42,2000-12-05,NA,publisher
433,4,221,2000-12-05,WW,developer
433,4,42,2000-12-05,NA,publisher
434,4,1069,2002-09-19,WW,developer
434,4,1126,2002-09-19,EU,publisher
435,4,198,2004-09-22,WW,developer
435,4,312,2004-09-22,WW,developer
435,4,312,2004-09-22,EU,publisher
435,8,198,2004-09-22,WW,developer
435,8,312,2004-09-22,WW,developer
435,8,312,2004-09-22,EU,publisher
436,23,42,2008-11-18,NA,publisher
436,22,42,2008-11-18,NA,publisher
436,4,42,2008-11-18,NA,publisher
436,92,42,2008-11-18,NA,publisher
436,6,42,2008-11-18,NA,publisher
436,5,42,2008-11-18,NA,publisher
437,6,181,2010-10-14,WW,developer
437,6,236,2010-10-14,EU,publisher
437,4,181,2010-10-14,WW,developer
437,4,236,2010-10-14,EU,publisher
439,4,470,2009-06-09,WW,developer
439,6,470,2009-06-09,WW,developer
440,16,8,2004-11-04,WW,developer
440,16,6,2004-11-04,JP,publisher
440,66,8,2004-11-04,WW,developer
440,66,6,2004-11-04,JP,publisher
441,4,149,2002-08-31,WW,developer
441,4,149,2002-08-31,EU,publisher
442,4,147,2003-10-01,WW,developer
442,4,147,2003-10-01,EU,publisher
443,4,399,1997-11-30,WW,developer
443,4,42,1997-11-30,NA,publisher
444,4,1668,2012-06-26,WW,developer
444,6,1668,2012-06-26,WW,developer
446,23,548,2009-10-15,WW,developer
446,23,1035,2009-10-15,JP,publisher
446,33,548,2009-10-15,WW,developer
446,33,1035,2009-10-15,JP,publisher
446,6,548,2009-10-15,WW,developer
446,6,1035,2009-10-15,JP,publisher
446,4,548,2009-10-15,WW,developer
446,4,1035,2009-10-15,JP,publisher
447,4,278,2007-01-07,WW,developer
447,4,278,2007-01-07,JP,publisher
447,6,278,2007-01-07,WW,developer
447,6,278,2007-01-07,JP,publisher
448,4,148,2004-01-01,WW,developer
448,4,1017,2004-01-01,NA,publisher
449,4,844,2015-05-05,WW,developer
449,4,1292,2015-05-05,WW,developer
449,4,153,2015-05-05,EU,publisher
449,4,1292,2015-05-05,NA,publisher
450,4,371,2001-06-29,WW,developer
450,4,228,2001-06-29,EU,publisher
450,4,1150,2001-06-29,EU,publisher
452,4,1075,2016-08-09,WW,developer
452,4,1075,2016-08-09,EU,publisher
453,4,669,2008-01-01,WW,developer
454,4,880,2015-11-10,WW,developer
454,4,147,2015-11-10,EU,publisher
455,8,157,2012-08-28,WW,developer
455,8,147,2012-08-28,EU,publisher
455,4,157,2012-08-28,WW,developer
455,4,147,2012-08-28,EU,publisher
456,4,149,2007-05-28,WW,developer
456,4,149,2007-05-28,EU,publisher
457,4,158,2014-07-02,WW,developer
457,4,186,2014-07-02,JP,publisher
458,8,131,2011-11-08,WW,developer
458,8,307,2011-11-08,WW,developer
458,8,368,2011-11-08,WW,developer
458,8,56,2011-11-08,JP,publisher
458,22,131,2011-11-08,WW,developer
458,22,307,2011-11-08,WW,developer
458,22,368,2011-11-08,WW,developer
458,22,56,2011-11-08,JP,publisher
458,4,131,2011-11-08,WW,developer
458,4,307,2011-11-08,WW,developer
458,4,368,2011-11-08,WW,developer
458,4,56,2011-11-08,JP,publisher
458,6,131,2011-11-08,WW,developer
458,6,307,2011-11-08,WW,developer
458,6,368,2011-11-08,WW,developer
458,6,56,2011-11-08,JP,publisher
458,5,131,2011-11-08,WW,developer
458,5,307,2011-11-08,WW,developer
458,5,368,2011-11-08,WW,developer
458,5,56,2011-11-08,JP,publisher
459,6,307,2009-11-10,WW,developer
459,6,247,2009-11-10,WW,developer
459,6,56,2009-11-10,JP,publisher
459,8,307,2009-11-10,WW,developer
459,8,247,2009-11-10,WW,developer
459,8,56,2009-11-10,JP,publisher
459,4,307,2009-11-10,WW,developer
459,4,247,2009-11-10,WW,developer
459,4,56,2009-11-10,JP,publisher
460,4,319,2001-06-27,WW,developer
460,4,319,2001-06-27,EU,publisher
461,4,42,2006-01-01,NA,publisher
462,4,158,2003-08-01,WW,developer
462,4,148,2003-08-01,EU,publisher
462,4,210,2003-08-01,EU,publisher
462,4,237,2003-08-01,JP,publisher
463,6,147,2016-01-19,EU,publisher
463,6,311,2016-01-19,EU,publisher
463,6,711,2016-01-19,EU,publisher
463,4,147,2016-01-19,EU,publisher
463,4,311,2016-01-19,EU,publisher
463,4,711,2016-01-19,EU,publisher
464,4,186,2004-06-01,WW,developer
464,4,186,2004-06-01,JP,publisher
465,4,264,2007-10-31,WW,developer
465,4,400,2007-10-31,JP,publisher
467,4,1215,2001-08-30,WW,developer
467,4,1297,2001-08-30,NA,publisher
468,8,1350,2010-08-27,WW,developer
468,8,1350,2010-08-27,EU,publisher
468,4,1350,2010-08-27,WW,developer
468,4,1350,2010-08-27,EU,publisher
468,5,1350,2010-08-27,WW,developer
468,5,1350,2010-08-27,EU,publisher
469,4,147,1998-09-03,WW,developer
469,4,147,1998-09-03,EU,publisher
469,94,147,1998-09-03,WW,developer
469,94,147,1998-09-03,EU,publisher
469,8,147,1998-09-03,WW,developer
469,8,147,1998-09-03,EU,publisher
470,4,186,2003-01-01,WW,developer
470,4,186,2003-01-01,JP,publisher
471,22,186,2010-04-15,WW,developer
471,22,6,2010-04-15,JP,publisher
471,22,186,2010-04-15,JP,publisher
478,4,159,2001-11-01,WW,developer
478,4,159,2001-11-01,EU,publisher
480,4,150,2009-05-01,WW,developer
480,4,150,2009-05-01,EU,publisher
481,6,519,2003-08-29,WW,developer
481,6,117,2003-08-29,JP,publisher
481,4,519,2003-08-29,WW,developer
481,4,117,2003-08-29,JP,publisher
481,27,519,2003-08-29,WW,developer
481,27,117,2003-08-29,JP,publisher
482,4,1077,2015-02-17,WW,developer
482,4,1078,2015-02-17,EU,publisher
483,4,42,2010-03-25,WW,developer
483,4,242,2010-03-25,WW,developer
485,6,161,2011-12-21,WW,developer
485,6,1666,2011-12-21,WW,developer
485,6,136,2011-12-21,EU,publisher
485,4,161,2011-12-21,WW,developer
485,4,1666,2011-12-21,WW,developer
485,4,136,2011-12-21,EU,publisher
486,4,1078,2007-05-03,WW,developer
486,4,311,2007-05-03,EU,publisher
486,4,1078,2007-05-03,EU,publisher
486,4,1219,2007-05-03,JP,publisher
487,66,117,2012-02-14,WW,developer
487,66,691,2012-02-14,WW,developer
487,66,400,2012-02-14,JP,publisher
489,4,188,2006-09-11,NA,publisher
489,8,188,2006-09-11,NA,publisher
490,5,470,2008-10-07,WW,developer
490,23,470,2008-10-07,WW,developer
490,22,470,2008-10-07,WW,developer
492,16,358,2007-11-08,WW,developer
492,16,6,2007-11-08,JP,publisher
492,22,358,2007-11-08,WW,developer
492,22,6,2007-11-08,JP,publisher
493,4,581,2005-11-11,WW,developer
493,4,211,2005-11-11,EU,publisher
494,4,700,2002-09-09,WW,developer
495,4,74,2004-03-31,WW,developer
495,4,340,2004-03-31,EU,publisher
499,4,196,2000-02-29,WW,developer
500,4,12,1998-01-01,WW,developer
500,4,12,1998-01-01,EU,publisher
501,6,708,2009-06-25,WW,developer
501,4,708,2009-06-25,WW,developer
502,4,859,2012-04-12,WW,developer
502,4,859,2012-04-12,NA,publisher
505,31,468,1999-08-06,WW,developer
505,31,795,1999-08-06,NA,publisher
506,4,54,2000-09-17,WW,developer
507,102,304,1994-11-18,WW,developer
507,102,6,1994-11-18,JP,publisher
507,5,304,1994-11-18,WW,developer
507,5,6,1994-11-18,JP,publisher
507,67,304,1994-11-18,WW,developer
507,67,6,1994-11-18,JP,publisher
507,28,304,1994-11-18,WW,developer
507,28,6,1994-11-18,JP,publisher
507,16,304,1994-11-18,WW,developer
507,16,6,1994-11-18,JP,publisher
508,4,66,2007-07-27,EU,publisher
509,22,232,2010-11-29,WW,developer
509,22,6,2010-11-29,JP,publisher
510,5,34,2007-04-09,WW,developer
510,5,6,2007-04-09,JP,publisher
510,16,34,2007-04-09,WW,developer
510,16,6,2007-04-09,JP,publisher
511,6,145,2011-03-03,WW,developer
511,6,422,2011-03-03,JP,publisher
511,6,527,2011-03-03,JP,publisher
511,4,145,2011-03-03,WW,developer
511,4,422,2011-03-03,JP,publisher
511,4,527,2011-03-03,JP,publisher
512,23,527,2010-09-30,WW,developer
512,23,400,2010-09-30,JP,publisher
514,4,1136,2001-12-21,WW,developer
514,4,1136,2001-12-21,JP,publisher
515,6,241,2003-10-14,WW,developer
515,6,11,2003-10-14,NA,publisher
515,33,241,2003-10-14,WW,developer
515,33,11,2003-10-14,NA,publisher
516,6,11,2011-02-22,WW,developer
516,6,119,2011-02-22,WW,developer
516,6,11,2011-02-22,NA,publisher
517,4,198,2000-06-13,WW,developer
517,4,42,2000-06-13,NA,publisher
517,4,1032,2000-06-13,EU,publisher
518,22,560,2009-04-05,WW,developer
518,22,799,2009-04-05,WW,developer
518,22,6,2009-04-05,JP,publisher
519,31,1047,1999-11-30,WW,developer
519,4,1047,1999-11-30,WW,developer
521,6,280,2012-03-07,WW,developer
521,6,718,2012-03-07,WW,developer
521,4,280,2012-03-07,WW,developer
521,4,718,2012-03-07,WW,developer
522,4,839,1997-09-30,WW,developer
522,106,839,1997-09-30,WW,developer
522,24,839,1997-09-30,WW,developer
524,4,82,1997-03-31,WW,developer
526,4,898,2003-09-15,WW,developer
526,4,188,2003-09-15,NA,publisher
528,22,876,2008-12-02,WW,developer
529,4,243,1997-09-30,WW,developer
529,31,243,1997-09-30,WW,developer
531,4,1574,2009-09-08,NA,publisher
532,27,252,2001-06-18,WW,developer
532,27,550,2001-06-18,NA,publisher
533,6,289,2013-02-19,WW,developer
533,6,42,2013-02-19,NA,publisher
533,4,289,2013-02-19,WW,developer
533,4,42,2013-02-19,NA,publisher
534,4,323,2002-03-21,WW,developer
534,4,228,2002-03-21,EU,publisher
534,27,323,2002-03-21,WW,developer
534,27,228,2002-03-21,EU,publisher
536,6,323,2010-08-18,WW,developer
536,6,228,2010-08-18,EU,publisher
536,4,323,2010-08-18,WW,developer
536,4,228,2010-08-18,EU,publisher
536,23,323,2010-08-18,WW,developer
536,23,228,2010-08-18,EU,publisher
538,4,1076,2012-06-22,WW,developer
538,4,186,2012-06-22,JP,publisher
539,6,497,2009-05-19,WW,developer
539,6,188,2009-05-19,NA,publisher
540,8,679,1997-01-01,WW,developer
540,8,679,1997-01-01,EU,publisher
540,4,679,1997-01-01,WW,developer
540,4,679,1997-01-01,EU,publisher
541,5,532,2008-08-28,WW,developer
541,5,6,2008-08-28,JP,publisher
542,4,1448,1998-07-31,WW,developer
543,4,561,1997-10-17,WW,developer
543,4,463,1997-10-17,EU,publisher
543,4,1150,1997-10-17,EU,publisher
543,8,561,1997-10-17,WW,developer
543,8,463,1997-10-17,EU,publisher
543,8,1150,1997-10-17,EU,publisher
544,22,304,1997-11-21,WW,developer
544,22,304,1997-11-21,EU,publisher
544,31,304,1997-11-21,WW,developer
544,31,304,1997-11-21,EU,publisher
545,31,337,1998-11-10,WW,developer
545,31,33,1998-11-10,NA,publisher
696,4,201,2019-01-01,WW,developer
696,4,201,2019-01-01,JP,publisher
697,5,8,2019-05-21,WW,developer
697,5,8,2019-05-21,JP,publisher
697,6,8,2019-05-21,WW,developer
697,6,8,2019-05-21,JP,publisher
697,4,8,2019-05-21,WW,developer
697,4,8,2019-05-21,JP,publisher
697,27,8,2019-05-21,WW,developer
697,27,8,2019-05-21,JP,publisher
698,16,92,2001-03-21,WW,developer
698,16,92,2001-03-21,JP,publisher
699,22,396,2007-01-25,WW,developer
699,22,975,2007-01-25,JP,publisher
700,4,576,2007-04-24,WW,developer
700,4,576,2007-04-24,NA,publisher
700,8,576,2007-04-24,WW,developer
700,8,576,2007-04-24,NA,publisher
601,4,408,2009-10-13,WW,developer
601,4,42,2009-10-13,NA,publisher
601,8,408,2009-10-13,WW,developer
601,8,42,2009-10-13,NA,publisher
601,6,408,2009-10-13,WW,developer
601,6,42,2009-10-13,NA,publisher
602,4,265,2006-06-26,WW,developer
602,4,88,2006-06-26,EU,publisher
603,4,203,2003-12-16,WW,developer
603,4,236,2003-12-16,EU,publisher
604,6,252,2009-10-01,WW,developer
604,6,288,2009-10-01,NA,publisher
604,23,252,2009-10-01,WW,developer
604,23,288,2009-10-01,NA,publisher
604,4,252,2009-10-01,WW,developer
604,4,288,2009-10-01,NA,publisher
604,22,252,2009-10-01,WW,developer
604,22,288,2009-10-01,NA,publisher
604,5,252,2009-10-01,WW,developer
604,5,288,2009-10-01,NA,publisher
606,6,11,2008-07-31,WW,developer
606,6,11,2008-07-31,NA,publisher
606,23,11,2008-07-31,WW,developer
606,23,11,2008-07-31,NA,publisher
607,6,8,2003-01-25,WW,developer
607,6,8,2003-01-25,JP,publisher
608,27,166,2004-03-18,WW,developer
608,27,166,2004-03-18,JP,publisher
609,4,517,1996-01-08,WW,developer
609,4,517,1996-01-08,NA,publisher
609,94,517,1996-01-08,WW,developer
609,94,517,1996-01-08,NA,publisher
611,5,176,2010-11-21,WW,developer
611,5,6,2010-11-21,JP,publisher
613,4,726,1998-04-30,WW,developer
614,5,252,2010-04-27,WW,developer
614,5,288,2010-04-27,NA,publisher
614,23,252,2010-04-27,WW,developer
614,23,288,2010-04-27,NA,publisher
614,6,252,2010-04-27,WW,developer
614,6,288,2010-04-27,NA,publisher
615,6,249,2002-11-02,WW,developer
615,6,400,2002-11-02,JP,publisher
615,27,249,2002-11-02,WW,developer
615,27,400,2002-11-02,JP,publisher
619,4,223,2006-10-24,WW,developer
622,8,128,2013-09-05,WW,developer
622,8,128,2013-09-05,EU,publisher
622,4,128,2013-09-05,WW,developer
622,4,128,2013-09-05,EU,publisher
623,4,295,2007-02-16,WW,developer
623,4,57,2007-02-16,NA,publisher
623,4,565,2007-02-16,EU,publisher
624,31,713,2000-03-01,NA,publisher
625,4,63,1998-10-30,WW,developer
625,4,63,1998-10-30,NA,publisher
625,8,63,1998-10-30,WW,developer
625,8,63,1998-10-30,NA,publisher
625,33,63,1998-10-30,WW,developer
625,33,63,1998-10-30,NA,publisher
626,4,533,2010-11-05,WW,developer
626,23,533,2010-11-05,WW,developer
626,8,533,2010-11-05,WW,developer
627,6,499,2006-12-28,WW,developer
627,6,11,2006-12-28,NA,publisher
628,23,106,1998-07-30,WW,developer
628,23,435,1998-07-30,JP,publisher
628,6,106,2015-12-24,WW,developer
628,6,435,2015-12-24,JP,publisher
629,4,33,1998-10-09,NA,publisher
629,4,1168,1998-10-09,JP,publisher
629,86,33,1998-10-09,NA,publisher
629,86,1168,1998-10-09,JP,publisher
629,79,33,1998-10-09,NA,publisher
629,79,1168,1998-10-09,JP,publisher
629,55,33,1998-10-09,NA,publisher
629,55,1168,1998-10-09,JP,publisher
629,8,33,1998-10-09,NA,publisher
629,8,1168,1998-10-09,JP,publisher
561,4,275,2006-01-01,WW,developer
561,4,697,2006-01-01,EU,publisher
561,4,772,2006-01-01,EU,publisher
562,66,40,2012-07-28,WW,developer
562,66,6,2012-07-28,JP,publisher
564,27,863,2003-03-18,WW,developer
564,27,43,2003-03-18,JP,publisher
567,4,292,2003-04-04,WW,developer
567,4,77,2003-04-04,EU,publisher
568,4,204,2009-06-23,WW,developer
568,4,1613,2009-06-23,WW,developer
569,4,292,1998-09-24,WW,developer
569,4,77,1998-09-24,EU,publisher
570,4,204,2007-10-25,WW,developer
570,4,77,2007-10-25,EU,publisher
571,22,349,2005-02-24,WW,developer
571,22,6,2005-02-24,JP,publisher
572,6,92,2003-10-21,WW,developer
572,6,92,2003-10-21,JP,publisher
573,33,56,2022-10-10,JP,publisher
573,33,422,2022-10-10,JP,publisher
573,6,56,2022-10-10,JP,publisher
573,6,422,2022-10-10,JP,publisher
573,4,56,2020-06-13,JP,publisher
573,4,422,2020-06-13,JP,publisher
574,23,519,2004-12-16,WW,developer
574,23,117,2004-12-16,JP,publisher
576,4,154,2003-04-29,WW,developer
576,4,186,2003-04-29,JP,publisher
576,4,237,2003-04-29,JP,publisher
576,4,903,2003-04-29,EU,publisher
577,6,241,1997-11-01,WW,developer
577,6,11,1997-11-01,NA,publisher
577,23,241,1997-11-01,WW,developer
577,23,11,1997-11-01,NA,publisher
578,4,568,2013-05-14,WW,developer
578,4,182,2013-05-14,EU,publisher
578,8,568,2013-05-14,WW,developer
578,8,182,2013-05-14,EU,publisher
578,6,568,2013-05-14,WW,developer
578,6,182,2013-05-14,EU,publisher
579,4,593,2009-04-07,WW,developer
579,4,57,2009-04-07,NA,publisher
579,8,593,2009-04-07,WW,developer
579,8,57,2009-04-07,NA,publisher
579,6,593,2009-04-07,WW,developer
579,6,57,2009-04-07,NA,publisher
581,5,646,2011-08-04,WW,developer
581,5,405,2011-08-04,NA,publisher
583,6,434,2010-11-02,WW,developer
583,6,11,2010-11-02,NA,publisher
583,23,434,2010-11-02,WW,developer
583,23,11,2010-11-02,NA,publisher
584,6,11,2011-10-25,NA,publisher
584,23,11,2011-10-25,NA,publisher
586,4,42,2003-09-26,NA,publisher
586,27,42,2003-09-26,NA,publisher
587,23,497,2005-11-11,WW,developer
587,23,188,2005-11-11,NA,publisher
588,4,123,1996-03-29,WW,developer
588,4,212,1996-03-29,NA,publisher
588,4,463,1996-03-29,EU,publisher
588,28,123,1996-03-29,WW,developer
588,28,212,1996-03-29,NA,publisher
588,28,463,1996-03-29,EU,publisher
590,4,274,2004-03-09,WW,developer
590,4,33,2004-03-09,NA,publisher
591,4,42,2012-12-18,WW,developer
591,4,186,2012-12-18,JP,publisher
593,4,82,1997-11-01,WW,developer
593,4,82,1997-11-01,EU,publisher
594,6,252,2012-09-11,WW,developer
594,6,288,2012-09-11,NA,publisher
596,4,42,2010-05-26,WW,developer
596,4,42,2010-05-26,NA,publisher
597,4,36,1999-10-31,WW,developer
598,22,567,2006-11-23,WW,developer
598,22,6,2006-11-23,JP,publisher
600,6,323,2011-03-22,WW,developer
600,6,228,2011-03-22,EU,publisher
600,8,323,2011-03-22,WW,developer
600,8,228,2011-03-22,EU,publisher
600,4,323,2011-03-22,WW,developer
600,4,228,2011-03-22,EU,publisher
600,23,323,2011-03-22,WW,developer
600,23,228,2011-03-22,EU,publisher
600,5,323,2011-03-22,WW,developer
600,5,228,2011-03-22,EU,publisher
671,73,6,1984-01-01,WW,developer
671,73,6,1984-01-01,JP,publisher
671,42,6,1984-01-01,WW,developer
671,42,6,1984-01-01,JP,publisher
671,26,6,1984-01-01,WW,developer
671,26,6,1984-01-01,JP,publisher
672,26,486,2018-02-18,WW,developer
672,26,964,2018-02-18,WW,developer
672,26,486,2018-02-18,JP,publisher
672,26,1164,2018-02-18,JP,publisher
672,68,486,2018-02-18,WW,developer
672,68,964,2018-02-18,WW,developer
672,68,486,2018-02-18,JP,publisher
672,68,1164,2018-02-18,JP,publisher
672,5,486,2018-02-18,WW,developer
672,5,964,2018-02-18,WW,developer
672,5,486,2018-02-18,JP,publisher
672,5,1164,2018-02-18,JP,publisher
673,4,610,2001-06-21,WW,developer
673,4,467,2001-06-21,NA,publisher
674,23,643,2002-11-28,WW,developer
674,23,117,2002-11-28,JP,publisher
675,6,92,2010-05-20,WW,developer
675,6,92,2010-05-20,JP,publisher
675,4,92,2010-05-20,WW,developer
675,4,92,2010-05-20,JP,publisher
675,5,92,2010-05-20,WW,developer
675,5,92,2010-05-20,JP,publisher
675,23,92,2010-05-20,WW,developer
675,23,92,2010-05-20,JP,publisher
676,4,207,2004-06-17,WW,developer
676,4,92,2004-06-17,JP,publisher
676,6,207,2004-06-17,WW,developer
676,6,92,2004-06-17,JP,publisher
677,4,127,2007-03-22,WW,developer
677,4,260,2007-03-22,WW,developer
677,4,798,2007-03-22,WW,developer
677,4,188,2007-03-22,NA,publisher
677,23,127,2007-03-22,WW,developer
677,23,260,2007-03-22,WW,developer
677,23,798,2007-03-22,WW,developer
677,23,188,2007-03-22,NA,publisher
677,5,127,2007-03-22,WW,developer
677,5,260,2007-03-22,WW,developer
677,5,798,2007-03-22,WW,developer
677,5,188,2007-03-22,NA,publisher
677,27,127,2007-03-22,WW,developer
677,27,260,2007-03-22,WW,developer
677,27,798,2007-03-22,WW,developer
677,27,188,2007-03-22,NA,publisher
677,22,127,2007-03-22,WW,developer
677,22,260,2007-03-22,WW,developer
677,22,798,2007-03-22,WW,developer
677,22,188,2007-03-22,NA,publisher
678,23,445,2012-05-04,WW,developer
678,23,445,2012-05-04,NA,publisher
678,6,445,2012-05-04,WW,developer
678,6,445,2012-05-04,NA,publisher
678,8,445,2012-05-04,WW,developer
678,8,445,2012-05-04,NA,publisher
678,4,445,2012-05-04,WW,developer
678,4,445,2012-05-04,NA,publisher
678,5,445,2012-05-04,WW,developer
678,5,445,2012-05-04,NA,publisher
679,23,421,2009-08-24,WW,developer
679,23,1233,2009-08-24,NA,publisher
679,4,421,2004-11-29,WW,developer
679,4,1233,2004-11-29,NA,publisher
680,24,366,1996-12-13,WW,developer
680,24,366,1996-12-13,NA,publisher
680,28,366,1996-12-13,WW,developer
680,28,366,1996-12-13,NA,publisher
680,71,366,1996-12-13,WW,developer
680,71,366,1996-12-13,NA,publisher
680,32,366,1996-12-13,WW,developer
680,32,366,1996-12-13,NA,publisher
680,40,366,1996-12-13,WW,developer
680,40,366,1996-12-13,NA,publisher
681,8,493,2008-09-02,WW,developer
681,8,109,2008-09-02,EU,publisher
681,4,493,2008-09-02,WW,developer
681,4,109,2008-09-02,EU,publisher
682,31,323,1999-03-01,WW,developer
682,31,228,1999-03-01,EU,publisher
683,6,495,2011-05-10,WW,developer
683,6,231,2011-05-10,NA,publisher
683,4,495,2011-05-10,WW,developer
683,4,231,2011-05-10,NA,publisher
684,4,297,2012-02-07,WW,developer
684,4,599,2012-02-07,NA,publisher
684,23,297,2012-02-07,WW,developer
684,23,599,2012-02-07,NA,publisher
684,6,297,2012-02-07,WW,developer
684,6,599,2012-02-07,NA,publisher
686,31,317,2000-11-30,WW,developer
686,31,92,2000-11-30,JP,publisher
687,4,1436,2012-09-13,WW,developer
687,4,182,2012-09-13,EU,publisher
689,4,995,2011-10-18,WW,developer
689,4,335,2011-10-18,NA,publisher
689,6,995,2011-10-18,WW,developer
689,6,335,2011-10-18,NA,publisher
690,28,201,2007-01-15,WW,developer
690,28,436,2007-01-15,JP,publisher
690,5,201,2007-01-15,WW,developer
690,5,436,2007-01-15,JP,publisher
691,6,668,2013-04-03,WW,developer
691,6,599,2013-04-03,NA,publisher
691,4,668,2013-04-03,WW,developer
691,4,599,2013-04-03,NA,publisher
691,16,668,2013-04-03,WW,developer
691,16,599,2013-04-03,NA,publisher
691,33,668,2013-04-03,WW,developer
691,33,599,2013-04-03,NA,publisher
692,22,809,2014-02-13,WW,developer
692,22,442,2014-02-13,NA,publisher
692,66,809,2014-02-13,WW,developer
692,66,442,2014-02-13,NA,publisher
694,4,287,2003-06-20,WW,developer
694,4,228,2003-06-20,EU,publisher
694,4,1150,2003-06-20,EU,publisher
694,8,287,2003-06-20,WW,developer
694,8,228,2003-06-20,EU,publisher
694,8,1150,2003-06-20,EU,publisher
695,16,805,2012-10-30,WW,developer
672,65,486,2018-02-18,WW,developer
672,65,964,2018-02-18,WW,developer
672,65,486,2018-02-18,JP,publisher
672,65,1164,2018-02-18,JP,publisher
630,27,252,2005-09-26,WW,developer
630,27,288,2005-09-26,NA,publisher
630,23,252,2005-09-26,WW,developer
630,23,288,2005-09-26,NA,publisher
630,4,252,2005-09-26,WW,developer
630,4,288,2005-09-26,NA,publisher
632,27,117,2003-12-12,WW,developer
632,27,6,2003-12-12,JP,publisher
633,4,510,2002-03-29,WW,developer
633,4,367,2002-03-29,NA,publisher
634,4,212,1999-06-30,NA,publisher
635,4,895,1998-01-01,WW,developer
635,4,1145,1998-01-01,EU,publisher
636,6,497,2012-02-14,WW,developer
636,6,188,2012-02-14,NA,publisher
636,23,497,2012-02-14,WW,developer
636,23,188,2012-02-14,NA,publisher
637,5,1267,2010-08-16,WW,developer
637,5,1267,2010-08-16,EU,publisher
638,32,545,1992-10-21,WW,developer
638,32,6,1992-10-21,JP,publisher
639,4,43,2000-04-14,WW,developer
639,4,371,2000-04-14,WW,developer
639,4,43,2000-04-14,JP,publisher
639,4,228,2000-04-14,EU,publisher
639,31,43,2000-04-14,WW,developer
639,31,371,2000-04-14,WW,developer
639,31,43,2000-04-14,JP,publisher
639,31,228,2000-04-14,EU,publisher
639,67,43,2000-04-14,WW,developer
639,67,371,2000-04-14,WW,developer
639,67,43,2000-04-14,JP,publisher
639,67,228,2000-04-14,EU,publisher
640,4,542,2014-02-13,WW,developer
640,4,542,2014-02-13,JP,publisher
640,4,1274,2014-02-13,EU,publisher
640,6,542,2014-02-13,WW,developer
640,6,542,2014-02-13,JP,publisher
640,6,1274,2014-02-13,EU,publisher
641,4,117,2006-03-03,WW,developer
641,4,117,2006-03-03,JP,publisher
642,23,614,2000-11-06,WW,developer
642,23,11,2000-11-06,NA,publisher
643,4,1030,2011-01-01,WW,developer
643,4,76,2011-01-01,EU,publisher
644,31,33,1999-04-05,WW,developer
644,31,33,1999-04-05,NA,publisher
646,106,147,2024-10-01,WW,developer
646,106,147,2024-10-01,EU,publisher
646,4,147,2024-10-01,WW,developer
646,4,147,2024-10-01,EU,publisher
647,5,226,2012-09-28,WW,developer
647,5,6,2012-09-28,JP,publisher
648,4,8,2000-01-27,WW,developer
648,4,228,2000-01-27,EU,publisher
651,4,695,2000-07-14,WW,developer
651,4,1250,2000-07-14,WW,developer
651,4,12,2000-07-14,EU,publisher
651,94,695,2000-07-14,WW,developer
651,94,1250,2000-07-14,WW,developer
651,94,12,2000-07-14,EU,publisher
651,8,695,2000-07-14,WW,developer
651,8,1250,2000-07-14,WW,developer
651,8,12,2000-07-14,EU,publisher
652,23,276,2007-06-28,WW,developer
652,23,255,2007-06-28,JP,publisher
653,23,675,2013-02-28,WW,developer
654,4,1079,2013-01-15,WW,developer
654,4,311,2013-01-15,EU,publisher
655,6,840,2010-01-19,WW,developer
655,6,8,2010-01-19,JP,publisher
655,4,840,2010-01-19,WW,developer
655,4,8,2010-01-19,JP,publisher
656,4,1317,2002-05-09,WW,developer
656,4,1317,2002-05-09,EU,publisher
657,4,732,2004-01-01,WW,developer
659,4,984,2002-05-27,WW,developer
661,8,749,2012-04-27,WW,developer
661,8,42,2012-04-27,NA,publisher
661,4,749,2012-04-27,WW,developer
661,4,42,2012-04-27,NA,publisher
661,6,749,2012-04-27,WW,developer
661,6,42,2012-04-27,NA,publisher
662,27,497,2005-08-29,WW,developer
662,27,188,2005-08-29,NA,publisher
665,4,80,1999-03-03,WW,developer
665,4,42,1999-03-03,NA,publisher
666,4,914,2008-08-28,WW,developer
666,4,914,2008-08-28,NA,publisher
667,5,778,2012-03-02,WW,developer
667,5,6,2012-03-02,JP,publisher
668,6,11,2009-02-25,WW,developer
668,6,119,2009-02-25,WW,developer
668,6,11,2009-02-25,NA,publisher
671,52,6,1984-01-01,WW,developer
671,52,6,1984-01-01,JP,publisher
671,68,6,1984-01-01,WW,developer
671,68,6,1984-01-01,JP,publisher
671,86,6,1984-01-01,WW,developer
671,86,6,1984-01-01,JP,publisher
671,10,6,1984-01-01,WW,developer
671,10,6,1984-01-01,JP,publisher
644,67,33,1999-04-05,WW,developer
644,67,33,1999-04-05,NA,publisher
701,67,358,1997-12-12,WW,developer
701,67,6,1997-12-12,JP,publisher
701,32,358,1997-12-12,WW,developer
701,32,6,1997-12-12,JP,publisher
702,4,186,2009-07-21,JP,publisher
703,4,152,2008-12-25,WW,developer
704,6,56,2005-12-22,WW,developer
704,6,56,2005-12-22,JP,publisher
705,66,263,2012-09-05,WW,developer
705,66,6,2012-09-05,JP,publisher
708,4,243,1997-10-23,WW,developer
708,4,305,1997-10-23,NA,publisher
709,4,213,2006-10-31,WW,developer
709,4,253,2006-10-31,EU,publisher
709,8,213,2006-10-31,WW,developer
709,8,253,2006-10-31,EU,publisher
710,8,198,2006-11-11,WW,developer
710,4,198,2006-11-11,WW,developer
713,5,338,2008-06-27,WW,developer
713,8,338,2008-06-27,WW,developer
713,6,338,2008-06-27,WW,developer
713,4,338,2008-06-27,WW,developer
714,16,40,1986-06-03,WW,developer
714,16,6,1986-06-03,JP,publisher
714,5,40,1986-06-03,WW,developer
714,5,6,1986-06-03,JP,publisher
714,21,40,1986-06-03,WW,developer
714,21,6,1986-06-03,JP,publisher
714,66,40,1986-06-03,WW,developer
714,66,6,1986-06-03,JP,publisher
714,26,40,1986-06-03,WW,developer
714,26,6,1986-06-03,JP,publisher
715,6,33,2008-11-16,WW,developer
715,6,33,2008-11-16,NA,publisher
716,4,475,2001-08-21,WW,developer
717,22,993,2006-10-24,WW,developer
717,22,795,2006-10-24,NA,publisher
718,6,278,2012-12-20,WW,developer
718,6,481,2012-12-20,JP,publisher
718,16,278,2012-12-20,WW,developer
718,16,481,2012-12-20,JP,publisher
719,6,248,2003-03-13,WW,developer
719,6,56,2003-03-13,JP,publisher
719,6,248,2003-03-13,JP,publisher
719,33,248,2003-03-13,WW,developer
719,33,56,2003-03-13,JP,publisher
719,33,248,2003-03-13,JP,publisher
720,4,192,2007-03-28,WW,developer
720,4,42,2007-03-28,NA,publisher
720,8,192,2007-03-28,WW,developer
720,8,42,2007-03-28,NA,publisher
721,6,74,2012-03-21,WW,developer
721,6,13,2012-03-21,NA,publisher
721,4,74,2012-03-21,WW,developer
721,4,13,2012-03-21,NA,publisher
721,103,74,2012-03-21,WW,developer
721,103,13,2012-03-21,NA,publisher
721,33,74,2012-03-21,WW,developer
721,33,13,2012-03-21,NA,publisher
722,66,34,2011-10-05,WW,developer
722,66,6,2011-10-05,JP,publisher
723,4,192,2010-03-16,WW,developer
723,4,42,2010-03-16,NA,publisher
726,4,803,2007-01-26,WW,developer
726,4,66,2007-01-26,EU,publisher
726,8,803,2007-01-26,WW,developer
726,8,66,2007-01-26,EU,publisher
727,4,13,2006-11-07,NA,publisher
728,4,1107,2011-03-01,WW,developer
728,4,1107,2011-03-01,NA,publisher
729,5,229,2008-10-13,WW,developer
729,5,229,2008-10-13,NA,publisher
729,57,229,2008-10-13,WW,developer
729,57,229,2008-10-13,NA,publisher
729,4,229,2008-10-13,WW,developer
729,4,229,2008-10-13,NA,publisher
729,8,229,2008-10-13,WW,developer
729,8,229,2008-10-13,NA,publisher
730,4,630,2007-03-30,WW,developer
731,28,40,1988-10-23,WW,developer
731,28,6,1988-10-23,JP,publisher
731,26,40,1988-10-23,WW,developer
731,26,6,1988-10-23,JP,publisher
732,4,187,1997-12-05,WW,developer
732,4,723,1997-12-05,JP,publisher
733,27,40,2002-07-19,WW,developer
733,27,6,2002-07-19,JP,publisher
734,8,42,2009-06-23,WW,developer
734,8,200,2009-06-23,WW,developer
734,8,82,2009-06-23,EU,publisher
734,6,42,2009-06-23,WW,developer
734,6,200,2009-06-23,WW,developer
734,6,82,2009-06-23,EU,publisher
734,4,42,2009-06-23,WW,developer
734,4,200,2009-06-23,WW,developer
734,4,82,2009-06-23,EU,publisher
735,4,728,2008-08-27,WW,developer
735,4,11,2008-08-27,NA,publisher
735,4,13,2008-08-27,NA,publisher
735,8,728,2008-08-27,WW,developer
735,8,11,2008-08-27,NA,publisher
735,8,13,2008-08-27,NA,publisher
735,6,728,2008-08-27,WW,developer
735,6,11,2008-08-27,NA,publisher
735,6,13,2008-08-27,NA,publisher
735,23,728,2008-08-27,WW,developer
735,23,11,2008-08-27,NA,publisher
735,23,13,2008-08-27,NA,publisher
736,94,510,2002-03-28,WW,developer
736,94,367,2002-03-28,NA,publisher
736,4,510,2002-03-28,WW,developer
736,4,367,2002-03-28,NA,publisher
737,6,683,2001-07-05,WW,developer
737,6,827,2001-07-05,JP,publisher
837,6,244,2001-11-06,WW,developer
837,6,11,2001-11-06,NA,publisher
838,8,59,2002-01-22,WW,developer
838,8,42,2002-01-22,NA,publisher
838,4,59,2002-01-22,WW,developer
838,4,42,2002-01-22,NA,publisher
839,6,869,2010-11-23,WW,developer
839,6,400,2010-11-23,JP,publisher
840,4,650,2006-11-03,WW,developer
840,4,650,2006-11-03,EU,publisher
769,4,610,2000-11-18,WW,developer
769,4,467,2000-11-18,NA,publisher
770,4,605,2011-09-28,WW,developer
771,10,287,2019-08-22,WW,developer
771,10,586,2019-08-22,EU,publisher
772,4,514,1998-11-30,WW,developer
772,94,514,1998-11-30,WW,developer
772,31,514,1998-11-30,WW,developer
772,67,514,1998-11-30,WW,developer
773,4,297,2005-11-16,WW,developer
774,23,499,1997-10-31,WW,developer
774,23,692,1997-10-31,JP,publisher
775,23,118,2008-11-21,WW,developer
775,23,11,2008-11-21,NA,publisher
776,4,188,2000-10-26,NA,publisher
776,94,188,2000-10-26,NA,publisher
777,94,212,1998-12-21,NA,publisher
777,4,212,1998-12-21,NA,publisher
778,5,252,2008-02-01,WW,developer
778,5,42,2008-02-01,NA,publisher
778,4,252,2008-02-01,WW,developer
778,4,42,2008-02-01,NA,publisher
778,23,252,2008-02-01,WW,developer
778,23,42,2008-02-01,NA,publisher
778,22,252,2008-02-01,WW,developer
778,22,42,2008-02-01,NA,publisher
778,6,252,2008-02-01,WW,developer
778,6,42,2008-02-01,NA,publisher
780,4,142,2003-01-01,WW,developer
780,4,387,2003-01-01,NA,publisher
780,27,142,2003-01-01,WW,developer
780,27,387,2003-01-01,NA,publisher
782,6,409,2012-10-30,WW,developer
782,6,11,2012-10-30,NA,publisher
784,8,405,2012-06-19,NA,publisher
784,6,405,2012-06-19,NA,publisher
784,4,405,2012-06-19,NA,publisher
784,5,405,2012-06-19,NA,publisher
784,22,405,2012-06-19,NA,publisher
785,28,920,2009-04-14,WW,developer
785,28,1259,2009-04-14,JP,publisher
785,78,920,2009-04-14,WW,developer
785,78,1259,2009-04-14,JP,publisher
785,4,920,2009-04-14,WW,developer
785,4,1259,2009-04-14,JP,publisher
786,5,42,2011-06-25,WW,developer
786,5,42,2011-06-25,NA,publisher
786,6,42,2011-06-25,WW,developer
786,6,42,2011-06-25,NA,publisher
786,4,42,2011-06-25,WW,developer
786,4,42,2011-06-25,NA,publisher
786,22,42,2011-06-25,WW,developer
786,22,42,2011-06-25,NA,publisher
787,6,323,2006-04-07,WW,developer
787,6,228,2006-04-07,EU,publisher
787,4,323,2006-04-07,WW,developer
787,4,228,2006-04-07,EU,publisher
787,23,323,2006-04-07,WW,developer
787,23,228,2006-04-07,EU,publisher
787,27,323,2006-04-07,WW,developer
787,27,228,2006-04-07,EU,publisher
788,5,40,2008-10-16,WW,developer
788,5,6,2008-10-16,JP,publisher
789,4,290,2005-10-28,WW,developer
789,4,182,2005-10-28,EU,publisher
789,8,290,2005-10-28,WW,developer
789,8,182,2005-10-28,EU,publisher
790,4,425,2003-11-11,WW,developer
790,8,425,2003-11-11,WW,developer
791,6,118,2010-09-16,WW,developer
791,6,11,2010-09-16,NA,publisher
792,23,272,2007-05-10,WW,developer
792,23,11,2007-05-10,NA,publisher
792,6,272,2007-05-10,WW,developer
792,6,11,2007-05-10,NA,publisher
793,31,1054,1997-12-19,WW,developer
793,31,111,1997-12-19,JP,publisher
794,8,287,1999-11-24,WW,developer
794,8,8,1999-11-24,JP,publisher
794,8,228,1999-11-24,EU,publisher
794,4,287,1999-11-24,WW,developer
794,4,8,1999-11-24,JP,publisher
794,4,228,1999-11-24,EU,publisher
794,94,287,1999-11-24,WW,developer
794,94,8,1999-11-24,JP,publisher
794,94,228,1999-11-24,EU,publisher
795,4,1089,2003-04-25,WW,developer
795,4,1089,2003-04-25,JP,publisher
796,6,42,2011-03-22,NA,publisher
796,4,42,2011-03-22,NA,publisher
797,27,916,2002-09-17,WW,developer
797,4,916,2002-09-17,WW,developer
798,16,400,2011-09-14,WW,developer
798,16,400,2011-09-14,JP,publisher
798,6,400,2011-09-14,WW,developer
798,6,400,2011-09-14,JP,publisher
799,4,544,2003-10-28,EU,publisher
800,4,972,2006-10-26,WW,developer
800,22,972,2006-10-26,WW,developer
801,4,167,2007-06-05,WW,developer
801,4,82,2007-06-05,EU,publisher
802,4,295,2013-09-12,WW,developer
802,4,295,2013-09-12,EU,publisher
771,4,287,2019-08-22,WW,developer
771,4,586,2019-08-22,EU,publisher
802,8,295,2013-09-12,WW,developer
802,8,295,2013-09-12,EU,publisher
804,27,616,2002-04-25,WW,developer
806,4,11,2015-07-21,NA,publisher
806,6,11,2015-07-21,NA,publisher
808,4,803,2012-02-14,WW,developer
808,4,66,2012-02-14,EU,publisher
808,8,803,2012-02-14,WW,developer
808,8,66,2012-02-14,EU,publisher
809,33,248,2002-05-16,WW,developer
809,33,11,2002-05-16,NA,publisher
809,4,248,2002-05-16,WW,developer
809,4,11,2002-05-16,NA,publisher
810,4,474,2001-11-12,WW,developer
811,27,779,2008-06-24,WW,developer
811,27,284,2008-06-24,EU,publisher
811,5,779,2008-06-24,WW,developer
811,5,284,2008-06-24,EU,publisher
811,22,779,2008-06-24,WW,developer
811,22,284,2008-06-24,EU,publisher
811,4,779,2008-06-24,WW,developer
811,4,284,2008-06-24,EU,publisher
813,5,446,2008-03-18,WW,developer
813,5,188,2008-03-18,NA,publisher
814,4,446,2015-07-16,WW,developer
814,4,463,2015-07-16,EU,publisher
814,4,595,2015-07-16,EU,publisher
814,36,446,2015-07-16,WW,developer
814,36,463,2015-07-16,EU,publisher
814,36,595,2015-07-16,EU,publisher
815,28,827,1996-10-31,WW,developer
815,28,595,1996-10-31,EU,publisher
816,4,13,2013-05-24,NA,publisher
816,8,13,2013-05-24,NA,publisher
817,6,421,2015-02-11,WW,developer
817,6,281,2015-02-11,JP,publisher
817,6,426,2015-02-11,JP,publisher
817,6,1233,2015-02-11,NA,publisher
817,4,421,2011-06-24,WW,developer
817,4,281,2011-06-24,JP,publisher
817,4,426,2011-06-24,JP,publisher
817,4,1233,2011-06-24,NA,publisher
817,23,421,2014-04-17,WW,developer
817,23,281,2014-04-17,JP,publisher
817,23,426,2014-04-17,JP,publisher
817,23,1233,2014-04-17,NA,publisher
817,33,421,2014-08-28,WW,developer
817,33,281,2014-08-28,JP,publisher
817,33,426,2014-08-28,JP,publisher
817,33,1233,2014-08-28,NA,publisher
818,27,390,2006-02-21,WW,developer
818,4,390,2006-02-21,WW,developer
820,6,278,2008-12-18,WW,developer
820,6,271,2008-12-18,JP,publisher
822,22,378,2005-11-02,WW,developer
822,22,8,2005-11-02,JP,publisher
823,4,533,1996-09-27,WW,developer
823,4,228,1996-09-27,EU,publisher
825,4,428,2008-10-17,WW,developer
825,4,760,2008-10-17,EU,publisher
826,22,236,2004-05-05,WW,developer
826,22,373,2004-05-05,NA,publisher
826,27,236,2004-05-05,WW,developer
826,27,373,2004-05-05,NA,publisher
826,4,236,2004-05-05,WW,developer
826,4,373,2004-05-05,NA,publisher
827,4,80,2000-10-23,WW,developer
827,4,42,2000-10-23,NA,publisher
828,33,429,2012-09-19,WW,developer
828,33,725,2012-09-19,WW,developer
828,33,11,2012-09-19,NA,publisher
829,22,1436,2009-05-08,WW,developer
829,22,182,2009-05-08,EU,publisher
829,4,1436,2009-05-08,WW,developer
829,4,182,2009-05-08,EU,publisher
829,5,1436,2009-05-08,WW,developer
829,5,182,2009-05-08,EU,publisher
831,4,270,2004-11-30,WW,developer
831,4,413,2004-11-30,NA,publisher
832,6,531,2008-03-06,WW,developer
832,6,42,2008-03-06,NA,publisher
833,31,358,1998-04-30,WW,developer
833,31,6,1998-04-30,JP,publisher
834,5,199,2008-02-15,WW,developer
834,5,6,2008-02-15,JP,publisher
835,8,335,2011-03-29,WW,developer
835,8,335,2011-03-29,NA,publisher
835,6,335,2011-03-29,WW,developer
835,6,335,2011-03-29,NA,publisher
835,4,335,2011-03-29,WW,developer
835,4,335,2011-03-29,NA,publisher
738,6,936,2011-08-23,WW,developer
738,6,56,2011-08-23,JP,publisher
738,6,312,2011-08-23,EU,publisher
738,16,936,2011-08-23,WW,developer
738,16,56,2011-08-23,JP,publisher
738,16,312,2011-08-23,EU,publisher
738,8,936,2011-08-23,WW,developer
738,8,56,2011-08-23,JP,publisher
738,8,312,2011-08-23,EU,publisher
738,4,936,2011-08-23,WW,developer
738,4,56,2011-08-23,JP,publisher
738,4,312,2011-08-23,EU,publisher
739,94,287,2000-11-17,WW,developer
739,94,228,2000-11-17,EU,publisher
739,94,1150,2000-11-17,EU,publisher
739,4,287,2000-11-17,WW,developer
739,4,228,2000-11-17,EU,publisher
739,4,1150,2000-11-17,EU,publisher
740,4,563,2009-03-17,WW,developer
740,4,599,2009-03-17,NA,publisher
740,6,563,2009-03-17,WW,developer
740,6,599,2009-03-17,NA,publisher
741,66,40,2011-12-04,WW,developer
741,66,410,2011-12-04,WW,developer
741,66,6,2011-12-04,JP,publisher
742,94,371,2012-05-16,WW,developer
742,94,228,2012-05-16,EU,publisher
742,94,1150,2012-05-16,EU,publisher
742,6,371,2012-05-16,WW,developer
742,6,228,2012-05-16,EU,publisher
742,6,1150,2012-05-16,EU,publisher
742,4,371,2012-05-16,WW,developer
742,4,228,2012-05-16,EU,publisher
742,4,1150,2012-05-16,EU,publisher
743,4,55,2002-02-01,WW,developer
743,4,695,2002-02-01,WW,developer
743,4,12,2002-02-01,EU,publisher
743,94,55,2002-02-01,WW,developer
743,94,695,2002-02-01,WW,developer
743,94,12,2002-02-01,EU,publisher
743,8,55,2002-02-01,WW,developer
743,8,695,2002-02-01,WW,developer
743,8,12,2002-02-01,EU,publisher
744,22,8,2002-01-01,WW,developer
744,22,8,2002-01-01,JP,publisher
744,22,989,2002-01-01,EU,publisher
744,16,8,2002-01-01,WW,developer
744,16,8,2002-01-01,JP,publisher
744,16,989,2002-01-01,EU,publisher
744,4,8,2002-01-01,WW,developer
744,4,8,2002-01-01,JP,publisher
744,4,989,2002-01-01,EU,publisher
745,22,42,2009-01-21,WW,developer
745,22,42,2009-01-21,NA,publisher
745,5,42,2009-01-21,WW,developer
745,5,42,2009-01-21,NA,publisher
746,4,474,2006-05-11,WW,developer
746,4,231,2006-05-11,NA,publisher
747,33,442,2014-02-05,NA,publisher
747,4,442,2014-02-05,NA,publisher
747,6,442,2014-02-05,NA,publisher
747,8,442,2014-02-05,NA,publisher
748,24,757,2001-09-01,WW,developer
748,24,236,2001-09-01,EU,publisher
748,4,757,2001-09-01,WW,developer
748,4,236,2001-09-01,EU,publisher
748,8,757,2001-09-01,WW,developer
748,8,236,2001-09-01,EU,publisher
749,32,40,1989-04-21,WW,developer
749,32,6,1989-04-21,JP,publisher
750,22,188,2005-09-12,NA,publisher
750,27,188,2005-09-12,NA,publisher
751,5,166,2006-12-02,WW,developer
751,5,271,2006-12-02,JP,publisher
752,4,205,2010-02-18,WW,developer
752,4,1118,2010-02-18,WW,developer
752,4,11,2010-02-18,NA,publisher
752,6,205,2010-02-18,WW,developer
752,6,1118,2010-02-18,WW,developer
752,6,11,2010-02-18,NA,publisher
753,4,510,1999-01-01,WW,developer
753,4,367,1999-01-01,NA,publisher
754,6,242,2008-06-23,WW,developer
754,6,42,2008-06-23,NA,publisher
755,33,244,2012-12-04,WW,developer
755,33,11,2012-12-04,NA,publisher
756,6,607,2011-06-14,WW,developer
756,6,42,2011-06-14,NA,publisher
756,4,607,2011-06-14,WW,developer
756,4,42,2011-06-14,NA,publisher
758,33,447,2012-05-29,WW,developer
758,33,11,2012-05-29,NA,publisher
759,33,54,2012-03-06,WW,developer
759,33,11,2012-03-06,NA,publisher
760,23,129,2005-03-24,WW,developer
760,23,11,2005-03-24,NA,publisher
761,4,252,2004-09-28,WW,developer
761,4,42,2004-09-28,NA,publisher
761,27,252,2004-09-28,WW,developer
761,27,42,2004-09-28,NA,publisher
762,4,252,2008-04-17,WW,developer
762,4,288,2008-04-17,NA,publisher
762,6,252,2008-04-17,WW,developer
762,6,288,2008-04-17,NA,publisher
762,23,252,2008-04-17,WW,developer
762,23,288,2008-04-17,NA,publisher
763,4,110,1999-12-29,WW,developer
764,5,1008,2008-02-06,WW,developer
764,5,599,2008-02-06,NA,publisher
765,22,665,2006-11-22,WW,developer
765,22,42,2006-11-22,NA,publisher
766,4,327,2000-12-06,WW,developer
766,4,212,2000-12-06,NA,publisher
766,94,327,2000-12-06,WW,developer
766,94,212,2000-12-06,NA,publisher
766,8,327,2000-12-06,WW,developer
766,8,212,2000-12-06,NA,publisher
768,22,40,2007-06-23,WW,developer
768,22,6,2007-06-23,JP,publisher
768,16,40,2007-06-23,WW,developer
768,16,6,2007-06-23,JP,publisher
769,8,610,2000-11-18,WW,developer
769,8,467,2000-11-18,NA,publisher
769,94,610,2000-11-18,WW,developer
769,94,467,2000-11-18,NA,publisher
747,5,442,2014-02-05,NA,publisher
842,23,266,2005-11-18,WW,developer
842,23,11,2005-11-18,NA,publisher
843,4,704,2004-01-15,WW,developer
843,4,87,2004-01-15,NA,publisher
846,8,357,2013-03-30,WW,developer
846,4,357,2013-03-30,WW,developer
847,23,1116,2012-01-11,WW,developer
847,23,1191,2012-01-11,EU,publisher
847,6,1116,2012-01-11,WW,developer
847,6,1191,2012-01-11,EU,publisher
848,4,1016,2009-03-19,WW,developer
848,4,109,2009-03-19,EU,publisher
850,66,226,2011-01-28,WW,developer
850,66,226,2011-01-28,JP,publisher
850,22,226,2011-01-28,WW,developer
850,22,226,2011-01-28,JP,publisher
851,6,556,2012-04-30,WW,developer
851,6,565,2012-04-30,EU,publisher
851,4,556,2012-04-30,WW,developer
851,4,565,2012-04-30,EU,publisher
851,16,556,2012-04-30,WW,developer
851,16,565,2012-04-30,EU,publisher
852,4,707,2008-09-18,WW,developer
852,4,42,2008-09-18,NA,publisher
852,8,707,2008-09-18,WW,developer
852,8,42,2008-09-18,NA,publisher
853,4,594,2000-01-01,WW,developer
853,4,700,2000-01-01,WW,developer
853,4,1070,2000-01-01,EU,publisher
854,4,92,2015-09-01,JP,publisher
854,6,92,2015-09-01,JP,publisher
855,4,223,2002-06-28,WW,developer
855,4,236,2002-06-28,EU,publisher
856,5,631,2007-01-01,WW,developer
856,5,433,2007-01-01,JP,publisher
857,4,241,1996-09-09,WW,developer
857,4,11,1996-09-09,NA,publisher
859,4,68,2003-01-14,WW,developer
859,4,42,2003-01-14,NA,publisher
859,4,247,2003-01-14,NA,publisher
859,8,68,2003-01-14,WW,developer
859,8,42,2003-01-14,NA,publisher
859,8,247,2003-01-14,NA,publisher
860,23,252,2008-10-02,WW,developer
860,23,288,2008-10-02,NA,publisher
860,22,252,2008-10-02,WW,developer
860,22,288,2008-10-02,NA,publisher
860,5,252,2008-10-02,WW,developer
860,5,288,2008-10-02,NA,publisher
860,4,252,2008-10-02,WW,developer
860,4,288,2008-10-02,NA,publisher
860,6,252,2008-10-02,WW,developer
860,6,288,2008-10-02,NA,publisher
861,8,744,2001-11-16,WW,developer
861,8,42,2001-11-16,NA,publisher
861,27,744,2001-11-16,WW,developer
861,27,42,2001-11-16,NA,publisher
861,4,744,2001-11-16,WW,developer
861,4,42,2001-11-16,NA,publisher
863,27,92,2003-10-21,WW,developer
863,27,92,2003-10-21,JP,publisher
863,4,92,2003-10-21,WW,developer
863,4,92,2003-10-21,JP,publisher
864,4,300,1997-05-23,WW,developer
864,4,473,1997-05-23,JP,publisher
865,4,214,2005-07-21,WW,developer
865,4,458,2005-07-21,EU,publisher
866,16,8,2004-01-23,WW,developer
866,16,989,2004-01-23,EU,publisher
866,22,8,2004-01-23,WW,developer
866,22,989,2004-01-23,EU,publisher
866,4,8,2004-01-23,WW,developer
866,4,989,2004-01-23,EU,publisher
867,4,948,2012-10-02,WW,developer
867,4,66,2012-10-02,EU,publisher
868,36,911,2004-05-25,WW,developer
868,36,2,2004-05-25,EU,publisher
869,4,42,2010-01-26,NA,publisher
869,6,42,2010-01-26,NA,publisher
870,22,252,2006-09-25,WW,developer
870,22,288,2006-09-25,NA,publisher
870,4,252,2006-09-25,WW,developer
870,4,288,2006-09-25,NA,publisher
870,27,252,2006-09-25,WW,developer
870,27,288,2006-09-25,NA,publisher
870,23,252,2006-09-25,WW,developer
870,23,288,2006-09-25,NA,publisher
871,4,63,2003-01-01,NA,publisher
871,8,63,2003-01-01,NA,publisher
872,67,744,2002-11-05,WW,developer
872,67,42,2002-11-05,NA,publisher
872,27,744,2002-11-05,WW,developer
872,27,42,2002-11-05,NA,publisher
872,8,744,2002-11-05,WW,developer
872,8,42,2002-11-05,NA,publisher
872,4,744,2002-11-05,WW,developer
872,4,42,2002-11-05,NA,publisher
873,22,252,2004-11-09,WW,developer
873,22,42,2004-11-09,NA,publisher
873,27,252,2004-11-09,WW,developer
873,27,42,2004-11-09,NA,publisher
873,4,252,2004-11-09,WW,developer
873,4,42,2004-11-09,NA,publisher
874,43,1150,1999-12-02,EU,publisher
874,18,1150,1999-12-02,EU,publisher
874,4,1150,1999-12-02,EU,publisher
874,23,1150,1999-12-02,EU,publisher
874,94,1150,1999-12-02,EU,publisher
875,4,597,2006-09-15,WW,developer
875,4,77,2006-09-15,EU,publisher
876,6,71,1996-01-29,WW,developer
876,6,357,1996-01-29,WW,developer
876,6,364,1996-01-29,WW,developer
876,6,71,1996-01-29,NA,publisher
876,6,635,1996-01-29,NA,publisher
876,6,931,1996-01-29,NA,publisher
876,4,71,1996-01-29,WW,developer
876,4,357,1996-01-29,WW,developer
876,4,364,1996-01-29,WW,developer
876,4,71,1996-01-29,NA,publisher
876,4,635,1996-01-29,NA,publisher
876,4,931,1996-01-29,NA,publisher
876,31,71,1996-01-29,WW,developer
876,31,357,1996-01-29,WW,developer
876,31,364,1996-01-29,WW,developer
876,31,71,1996-01-29,NA,publisher
876,31,635,1996-01-29,NA,publisher
876,31,931,1996-01-29,NA,publisher
876,94,71,1996-01-29,WW,developer
876,94,357,1996-01-29,WW,developer
876,94,364,1996-01-29,WW,developer
876,94,71,1996-01-29,NA,publisher
876,94,635,1996-01-29,NA,publisher
876,94,931,1996-01-29,NA,publisher
876,24,71,1996-01-29,WW,developer
876,24,357,1996-01-29,WW,developer
876,24,364,1996-01-29,WW,developer
876,24,71,1996-01-29,NA,publisher
876,24,635,1996-01-29,NA,publisher
876,24,931,1996-01-29,NA,publisher
876,8,71,1996-01-29,WW,developer
876,8,357,1996-01-29,WW,developer
876,8,364,1996-01-29,WW,developer
876,8,71,1996-01-29,NA,publisher
876,8,635,1996-01-29,NA,publisher
876,8,931,1996-01-29,NA,publisher
876,40,71,1996-01-29,WW,developer
876,40,357,1996-01-29,WW,developer
876,40,364,1996-01-29,WW,developer
876,40,71,1996-01-29,NA,publisher
876,40,635,1996-01-29,NA,publisher
876,40,931,1996-01-29,NA,publisher
878,4,687,2004-02-04,WW,developer
879,6,260,2010-09-07,WW,developer
879,4,260,2010-09-07,WW,developer
879,5,260,2010-09-07,WW,developer
879,22,260,2010-09-07,WW,developer
880,53,437,2022-11-15,WW,developer
880,53,57,2022-11-15,NA,publisher
881,33,680,2021-06-09,WW,developer
881,33,481,2021-06-09,JP,publisher
881,6,680,2021-06-09,WW,developer
881,6,481,2021-06-09,JP,publisher
882,4,406,2000-03-30,WW,developer
883,22,656,2004-01-01,WW,developer
883,22,57,2004-01-01,NA,publisher
884,5,353,2011-07-17,WW,developer
885,4,214,2009-10-29,WW,developer
885,4,182,2009-10-29,EU,publisher
886,27,40,2000-04-27,WW,developer
886,27,6,2000-04-27,JP,publisher
886,31,40,2000-04-27,WW,developer
886,31,6,2000-04-27,JP,publisher
886,16,40,2000-04-27,WW,developer
886,16,6,2000-04-27,JP,publisher
888,4,521,2011-02-22,WW,developer
888,4,42,2011-02-22,NA,publisher
888,4,1567,2011-02-22,NA,publisher
888,6,521,2011-02-22,WW,developer
888,6,42,2011-02-22,NA,publisher
888,6,1567,2011-02-22,NA,publisher
889,4,82,2001-02-21,EU,publisher
890,4,8,1998-01-21,WW,developer
890,4,20,1998-01-21,WW,developer
890,4,238,1998-01-21,WW,developer
890,4,8,1998-01-21,JP,publisher
890,27,8,1998-01-21,WW,developer
890,27,20,1998-01-21,WW,developer
890,27,238,1998-01-21,WW,developer
890,27,8,1998-01-21,JP,publisher
890,31,8,1998-01-21,WW,developer
890,31,20,1998-01-21,WW,developer
890,31,238,1998-01-21,WW,developer
890,31,8,1998-01-21,JP,publisher
891,6,527,2010-11-02,WW,developer
891,6,166,2010-11-02,JP,publisher
892,16,40,2005-01-01,WW,developer
892,16,6,2005-01-01,JP,publisher
892,5,40,2005-01-01,WW,developer
892,5,6,2005-01-01,JP,publisher
892,27,40,2005-01-01,WW,developer
892,27,6,2005-01-01,JP,publisher
893,4,586,1997-03-31,WW,developer
893,4,212,1997-03-31,NA,publisher
893,24,586,1997-03-31,WW,developer
893,24,212,1997-03-31,NA,publisher
894,6,42,2009-11-03,NA,publisher
894,4,42,2009-11-03,NA,publisher
894,8,42,2009-11-03,NA,publisher
895,6,554,2013-06-20,WW,developer
895,8,554,2013-06-20,WW,developer
895,4,554,2013-06-20,WW,developer
896,27,123,2003-05-14,WW,developer
896,27,57,2003-05-14,NA,publisher
896,27,136,2003-05-14,EU,publisher
896,27,166,2003-05-14,JP,publisher
896,4,123,2003-05-14,WW,developer
896,4,57,2003-05-14,NA,publisher
896,4,136,2003-05-14,EU,publisher
896,4,166,2003-05-14,JP,publisher
897,6,527,2011-10-25,WW,developer
897,6,400,2011-10-25,JP,publisher
898,4,1187,2008-07-15,WW,developer
898,4,1187,2008-07-15,EU,publisher
899,4,594,2000-01-01,WW,developer
881,4,680,2021-06-09,WW,developer
881,4,481,2021-06-09,JP,publisher
880,4,437,2022-11-15,WW,developer
880,4,57,2022-11-15,NA,publisher
901,36,234,2004-11-15,WW,developer
901,36,234,2004-11-15,EU,publisher
901,22,234,2004-11-15,WW,developer
901,22,234,2004-11-15,EU,publisher
903,8,42,2012-03-01,NA,publisher
903,4,42,2012-03-01,NA,publisher
905,55,451,2015-08-18,WW,developer
905,55,800,2015-08-18,WW,developer
905,55,451,2015-08-18,JP,publisher
905,55,1164,2015-08-18,JP,publisher
905,42,451,2015-08-18,WW,developer
905,42,800,2015-08-18,WW,developer
905,42,451,2015-08-18,JP,publisher
905,42,1164,2015-08-18,JP,publisher
905,10,451,2015-08-18,WW,developer
905,10,800,2015-08-18,WW,developer
905,10,451,2015-08-18,JP,publisher
905,10,1164,2015-08-18,JP,publisher
905,32,451,2015-08-18,WW,developer
905,32,800,2015-08-18,WW,developer
905,32,451,2015-08-18,JP,publisher
905,32,1164,2015-08-18,JP,publisher
905,79,451,2015-08-18,WW,developer
905,79,800,2015-08-18,WW,developer
905,79,451,2015-08-18,JP,publisher
905,79,1164,2015-08-18,JP,publisher
906,67,34,2000-09-21,WW,developer
906,67,6,2000-09-21,JP,publisher
907,4,205,1999-10-29,WW,developer
907,4,228,1999-10-29,EU,publisher
908,4,227,2006-10-13,WW,developer
908,4,236,2006-10-13,EU,publisher
909,22,92,2006-10-27,WW,developer
909,22,92,2006-10-27,JP,publisher
909,4,92,2006-10-27,WW,developer
909,4,92,2006-10-27,JP,publisher
909,23,92,2006-10-27,WW,developer
909,23,92,2006-10-27,JP,publisher
910,71,103,1996-01-19,WW,developer
910,71,463,1996-01-19,EU,publisher
910,24,103,1996-01-19,WW,developer
910,24,463,1996-01-19,EU,publisher
910,60,103,1996-01-19,WW,developer
910,60,463,1996-01-19,EU,publisher
912,66,422,1997-11-13,JP,publisher
915,27,8,1999-09-22,WW,developer
915,27,8,1999-09-22,JP,publisher
915,6,8,1999-09-22,WW,developer
915,6,8,1999-09-22,JP,publisher
915,4,8,1999-09-22,WW,developer
915,4,8,1999-09-22,JP,publisher
916,4,803,2002-11-24,WW,developer
916,4,544,2002-11-24,EU,publisher
916,8,803,2002-11-24,WW,developer
916,8,544,2002-11-24,EU,publisher
916,94,803,2002-11-24,WW,developer
916,94,544,2002-11-24,EU,publisher
917,22,579,2005-05-24,WW,developer
917,4,579,2005-05-24,WW,developer
917,27,579,2005-05-24,WW,developer
919,4,45,1996-01-01,WW,developer
919,4,42,1996-01-01,NA,publisher
919,4,45,1996-01-01,NA,publisher
919,94,45,1996-01-01,WW,developer
919,94,42,1996-01-01,NA,publisher
919,94,45,1996-01-01,NA,publisher
919,24,45,1996-01-01,WW,developer
919,24,42,1996-01-01,NA,publisher
919,24,45,1996-01-01,NA,publisher
921,4,1104,2005-09-28,WW,developer
921,4,82,2005-09-28,EU,publisher
923,31,358,2000-12-07,WW,developer
923,31,6,2000-12-07,JP,publisher
924,31,194,1999-09-30,WW,developer
924,31,674,1999-09-30,WW,developer
924,31,6,1999-09-30,JP,publisher
926,4,525,2012-04-19,WW,developer
926,4,412,2012-04-19,EU,publisher
926,4,525,2012-04-19,EU,publisher
926,4,889,2012-04-19,EU,publisher
957,6,248,2018-02-27,WW,developer
957,6,56,2018-02-27,JP,publisher
957,6,248,2018-02-27,JP,publisher
958,5,117,2009-11-10,WW,developer
958,5,117,2009-11-10,JP,publisher
959,4,687,1996-08-31,WW,developer
961,24,197,1996-09-30,WW,developer
961,24,42,1996-09-30,NA,publisher
961,4,197,1996-09-30,WW,developer
961,4,42,1996-09-30,NA,publisher
963,66,6,2012-11-11,WW,developer
963,66,6,2012-11-11,JP,publisher
964,94,803,2001-12-11,WW,developer
964,94,544,2001-12-11,EU,publisher
964,94,767,2001-12-11,NA,publisher
964,94,1108,2001-12-11,EU,publisher
964,8,803,2001-12-11,WW,developer
964,8,544,2001-12-11,EU,publisher
964,8,767,2001-12-11,NA,publisher
964,8,1108,2001-12-11,EU,publisher
964,4,803,2001-12-11,WW,developer
964,4,544,2001-12-11,EU,publisher
964,4,767,2001-12-11,NA,publisher
964,4,1108,2001-12-11,EU,publisher
965,4,401,2012-07-30,WW,developer
965,4,401,2012-07-30,NA,publisher
966,4,526,2009-04-30,WW,developer
967,16,249,2004-06-07,WW,developer
967,16,390,2004-06-07,WW,developer
969,4,1161,2020-04-07,WW,developer
969,4,1161,2020-04-07,JP,publisher
969,4,1539,2020-04-07,NA,publisher
969,6,1161,2020-04-07,WW,developer
969,6,1161,2020-04-07,JP,publisher
969,6,1539,2020-04-07,NA,publisher
970,5,681,2006-12-14,WW,developer
970,5,6,2006-12-14,JP,publisher
971,6,344,2011-03-16,WW,developer
971,6,11,2011-03-16,NA,publisher
972,4,1105,2011-10-18,WW,developer
972,4,1358,2011-10-18,NA,publisher
972,8,1105,2011-10-18,WW,developer
972,8,1358,2011-10-18,NA,publisher
972,6,1105,2011-10-18,WW,developer
972,6,1358,2011-10-18,NA,publisher
973,6,344,2006-12-14,WW,developer
973,6,11,2006-12-14,NA,publisher
975,4,608,2009-02-27,WW,developer
975,4,14,2009-02-27,EU,publisher
976,4,803,2008-04-18,WW,developer
976,4,66,2008-04-18,EU,publisher
976,8,803,2008-04-18,WW,developer
976,8,66,2008-04-18,EU,publisher
977,6,92,2012-04-10,JP,publisher
977,6,528,2012-04-10,JP,publisher
977,6,906,2012-04-10,NA,publisher
977,4,92,2013-08-22,JP,publisher
977,4,528,2013-08-22,JP,publisher
977,4,906,2013-08-22,NA,publisher
978,6,344,2008-09-11,WW,developer
978,6,11,2008-09-11,NA,publisher
980,4,227,2001-03-15,WW,developer
980,4,458,2001-03-15,EU,publisher
980,4,573,2001-03-15,EU,publisher
968,6,201,2015-02-18,WW,developer
968,6,201,2015-02-18,JP,publisher
968,6,565,2015-02-18,EU,publisher
968,6,817,2015-02-18,NA,publisher
926,8,525,2012-04-19,WW,developer
926,8,412,2012-04-19,EU,publisher
926,8,525,2012-04-19,EU,publisher
926,8,889,2012-04-19,EU,publisher
927,4,833,2003-11-20,WW,developer
927,4,954,2003-11-20,NA,publisher
928,16,56,2012-08-02,WW,developer
928,16,56,2012-08-02,JP,publisher
928,4,56,2012-08-02,WW,developer
928,4,56,2012-08-02,JP,publisher
928,5,56,2012-08-02,WW,developer
928,5,56,2012-08-02,JP,publisher
928,66,56,2012-08-02,WW,developer
928,66,56,2012-08-02,JP,publisher
929,6,596,2009-08-25,WW,developer
929,6,228,2009-08-25,EU,publisher
929,8,596,2009-08-25,WW,developer
929,8,228,2009-08-25,EU,publisher
929,4,596,2009-08-25,WW,developer
929,4,228,2009-08-25,EU,publisher
930,8,452,1996-07-31,WW,developer
930,8,452,1996-07-31,NA,publisher
930,4,452,1996-07-31,WW,developer
930,4,452,1996-07-31,NA,publisher
930,24,452,1996-07-31,WW,developer
930,24,452,1996-07-31,NA,publisher
931,6,192,2008-10-28,WW,developer
931,6,42,2008-10-28,NA,publisher
931,4,192,2008-10-28,WW,developer
931,4,42,2008-10-28,NA,publisher
931,8,192,2008-10-28,WW,developer
931,8,42,2008-10-28,NA,publisher
932,6,1094,2017-07-27,WW,developer
932,6,1406,2017-07-27,WW,developer
932,6,708,2017-07-27,JP,publisher
932,33,1094,2017-07-27,WW,developer
932,33,1406,2017-07-27,WW,developer
932,33,708,2017-07-27,JP,publisher
932,23,1094,2017-07-27,WW,developer
932,23,1406,2017-07-27,WW,developer
932,23,708,2017-07-27,JP,publisher
932,22,1094,2017-07-27,WW,developer
932,22,1406,2017-07-27,WW,developer
932,22,708,2017-07-27,JP,publisher
933,27,87,2004-04-12,NA,publisher
934,4,13,2017-04-20,NA,publisher
935,4,814,2004-03-19,WW,developer
935,4,57,2004-03-19,NA,publisher
935,27,814,2004-03-19,WW,developer
935,27,57,2004-03-19,NA,publisher
937,4,744,2004-05-25,WW,developer
937,4,42,2004-05-25,NA,publisher
937,27,744,2004-05-25,WW,developer
937,27,42,2004-05-25,NA,publisher
938,65,166,1999-12-15,WW,developer
938,65,166,1999-12-15,JP,publisher
939,8,745,2004-01-01,WW,developer
939,4,745,2004-01-01,WW,developer
940,4,342,2002-07-31,WW,developer
940,4,16,2002-07-31,NA,publisher
941,94,297,2002-09-30,WW,developer
941,94,767,2002-09-30,NA,publisher
941,94,829,2002-09-30,JP,publisher
941,8,297,2002-09-30,WW,developer
941,8,767,2002-09-30,NA,publisher
941,8,829,2002-09-30,JP,publisher
941,4,297,2002-09-30,WW,developer
941,4,767,2002-09-30,NA,publisher
941,4,829,2002-09-30,JP,publisher
943,6,8,2008-01-31,WW,developer
943,6,8,2008-01-31,JP,publisher
943,4,8,2008-01-31,WW,developer
943,4,8,2008-01-31,JP,publisher
944,23,285,2009-02-26,WW,developer
944,23,856,2009-02-26,JP,publisher
945,6,207,2002-02-22,WW,developer
945,6,92,2002-02-22,JP,publisher
945,4,207,2002-02-22,WW,developer
945,4,92,2002-02-22,JP,publisher
947,4,92,1999-02-23,WW,developer
947,4,207,1999-02-23,WW,developer
947,4,92,1999-02-23,JP,publisher
948,16,42,2012-03-06,NA,publisher
948,6,42,2012-03-06,NA,publisher
948,4,42,2012-03-06,NA,publisher
949,4,213,2010-10-19,WW,developer
949,4,231,2010-10-19,NA,publisher
949,6,213,2010-10-19,WW,developer
949,6,231,2010-10-19,NA,publisher
951,4,80,1999-08-27,WW,developer
951,4,42,1999-08-27,NA,publisher
952,4,198,2011-03-15,WW,developer
952,4,312,2011-03-15,EU,publisher
952,8,198,2011-03-15,WW,developer
952,8,312,2011-03-15,EU,publisher
953,4,453,2008-08-22,WW,developer
953,4,182,2008-08-22,EU,publisher
953,4,453,2008-08-22,EU,publisher
954,4,12,1997-09-30,WW,developer
954,4,386,1997-09-30,NA,publisher
954,24,12,1997-09-30,WW,developer
954,24,386,1997-09-30,NA,publisher
957,28,248,2018-02-27,WW,developer
957,28,56,2018-02-27,JP,publisher
957,28,248,2018-02-27,JP,publisher
957,23,248,2018-02-27,WW,developer
957,23,56,2018-02-27,JP,publisher
957,23,248,2018-02-27,JP,publisher
957,22,248,2018-02-27,WW,developer
957,22,56,2018-02-27,JP,publisher
957,22,248,2018-02-27,JP,publisher
957,4,248,2018-02-27,WW,developer
957,4,56,2018-02-27,JP,publisher
957,4,248,2018-02-27,JP,publisher
957,5,248,2018-02-27,WW,developer
957,5,56,2018-02-27,JP,publisher
957,5,248,2018-02-27,JP,publisher
957,33,248,2018-02-27,WW,developer
957,33,56,2018-02-27,JP,publisher
957,33,248,2018-02-27,JP,publisher
981,4,1548,2004-05-17,WW,developer
982,4,917,2009-05-22,WW,developer
982,4,82,2009-05-22,EU,publisher
982,6,917,2009-05-22,WW,developer
982,6,82,2009-05-22,EU,publisher
984,5,358,2007-05-29,WW,developer
984,5,6,2007-05-29,JP,publisher
985,4,417,2004-01-01,WW,developer
985,4,417,2004-01-01,EU,publisher
985,4,1297,2004-01-01,NA,publisher
987,23,1022,2007-09-27,WW,developer
987,4,1022,2007-09-27,WW,developer
987,6,1022,2007-09-27,WW,developer
988,23,680,2010-03-30,WW,developer
988,23,481,2010-03-30,JP,publisher
989,23,403,2008-05-29,WW,developer
989,23,422,2008-05-29,JP,publisher
991,6,252,2012-02-28,WW,developer
991,6,288,2012-02-28,NA,publisher
992,6,520,2007-09-12,WW,developer
992,6,11,2007-09-12,NA,publisher
994,6,360,2010-11-24,WW,developer
994,6,11,2010-11-24,NA,publisher
995,6,231,2009-09-15,NA,publisher
996,6,616,2008-03-19,WW,developer
997,23,298,2002-04-26,WW,developer
997,23,351,2002-04-26,JP,publisher
997,4,298,2002-04-26,WW,developer
997,4,351,2002-04-26,JP,publisher
997,33,298,2002-04-26,WW,developer
997,33,351,2002-04-26,JP,publisher
998,31,304,1999-11-22,WW,developer
998,31,6,1999-11-22,JP,publisher
1000,6,41,2007-09-07,WW,developer
1000,6,136,2007-09-07,EU,publisher
1000,4,41,2007-09-07,WW,developer
1000,4,136,2007-09-07,EU,publisher
1001,4,674,2001-09-24,WW,developer
1001,4,33,2001-09-24,NA,publisher
1001,8,674,2001-09-24,WW,developer
1001,8,33,2001-09-24,NA,publisher
1001,27,674,2001-09-24,WW,developer
1001,27,33,2001-09-24,NA,publisher
1002,27,33,2002-11-16,WW,developer
1002,27,33,2002-11-16,NA,publisher
1002,32,33,2002-11-16,WW,developer
1002,32,33,2002-11-16,NA,publisher
1003,6,353,2011-10-07,WW,developer
1003,5,353,2011-10-07,WW,developer
1004,4,1002,1999-08-31,WW,developer
1004,67,1002,1999-08-31,WW,developer
1004,31,1002,1999-08-31,WW,developer
1005,31,586,1999-01-01,WW,developer
1005,31,586,1999-01-01,EU,publisher
1005,4,586,1999-01-01,WW,developer
1005,4,586,1999-01-01,EU,publisher
1007,4,445,2008-01-17,WW,developer
1007,4,1103,2008-01-17,WW,developer
1007,5,445,2008-01-17,WW,developer
1007,5,1103,2008-01-17,WW,developer
1007,8,445,2008-01-17,WW,developer
1007,8,1103,2008-01-17,WW,developer
1009,6,680,2012-03-20,WW,developer
1009,6,481,2012-03-20,JP,publisher
1009,16,680,2012-03-20,WW,developer
1009,16,481,2012-03-20,JP,publisher
1011,27,631,2006-07-20,WW,developer
1011,27,400,2006-07-20,JP,publisher
1012,4,375,2012-08-21,WW,developer
1012,6,375,2012-08-21,WW,developer
1013,4,301,2010-10-28,WW,developer
1013,4,42,2010-10-28,NA,publisher
1015,4,215,2004-09-13,WW,developer
1015,4,16,2004-09-13,NA,publisher
1017,27,131,2006-06-29,WW,developer
1017,27,92,2006-06-29,JP,publisher
1018,4,363,1997-03-28,WW,developer
1018,31,363,1997-03-28,WW,developer
1019,6,54,2010-01-26,WW,developer
1019,6,11,2010-01-26,NA,publisher
1020,4,417,1997-01-01,WW,developer
1020,4,417,1997-01-01,EU,publisher
1021,6,8,2011-02-15,WW,developer
1021,6,631,2011-02-15,WW,developer
1021,6,8,2011-02-15,JP,publisher
1022,4,453,2009-10-02,WW,developer
1022,4,453,2009-10-02,EU,publisher
1059,24,561,2009-10-07,WW,developer
1059,24,463,2009-10-07,EU,publisher
1059,8,561,2009-10-07,WW,developer
1059,8,463,2009-10-07,EU,publisher
1059,4,561,2009-10-07,WW,developer
1059,4,463,2009-10-07,EU,publisher
1060,4,297,2005-10-18,WW,developer
1060,4,379,2005-10-18,EU,publisher
1060,6,297,2005-10-18,WW,developer
1060,6,379,2005-10-18,EU,publisher
1061,6,306,2005-03-22,WW,developer
1061,6,11,2005-03-22,NA,publisher
1061,33,306,2005-03-22,WW,developer
1061,33,11,2005-03-22,NA,publisher
1063,67,103,2000-11-13,WW,developer
1063,67,11,2000-11-13,NA,publisher
1063,4,103,2000-11-13,WW,developer
1063,4,11,2000-11-13,NA,publisher
1064,4,502,2003-11-18,WW,developer
1064,4,63,2003-11-18,NA,publisher
1065,96,474,2016-12-08,WW,developer
1065,96,506,2016-12-08,WW,developer
1065,96,554,2016-12-08,WW,developer
1065,99,474,2016-12-08,WW,developer
1065,99,506,2016-12-08,WW,developer
1065,99,554,2016-12-08,WW,developer
1065,5,474,2016-12-08,WW,developer
1065,5,506,2016-12-08,WW,developer
1065,5,554,2016-12-08,WW,developer
1065,4,474,2008-10-21,WW,developer
1065,4,506,2008-10-21,WW,developer
1065,4,554,2008-10-21,WW,developer
1066,5,358,2007-02-23,WW,developer
1066,5,358,2007-02-23,JP,publisher
1068,4,502,2002-02-22,WW,developer
1069,8,357,2001-06-12,WW,developer
1069,4,357,2001-06-12,WW,developer
1070,23,56,2007-09-13,WW,developer
1070,23,56,2007-09-13,JP,publisher
1071,6,241,1999-09-30,WW,developer
1071,6,11,1999-09-30,NA,publisher
1071,23,241,1999-09-30,WW,developer
1071,23,11,1999-09-30,NA,publisher
1071,33,241,1999-09-30,WW,developer
1071,33,11,1999-09-30,NA,publisher
1072,4,151,2001-09-19,WW,developer
1072,4,852,2001-09-19,EU,publisher
1073,4,562,2005-10-15,WW,developer
1073,4,562,2005-10-15,EU,publisher
1074,10,305,2023-04-23,WW,developer
1074,10,305,2023-04-23,NA,publisher
1075,4,470,2003-09-16,WW,developer
1075,27,470,2003-09-16,WW,developer
1076,4,92,2003-05-23,WW,developer
1076,4,92,2003-05-23,JP,publisher
1077,23,1125,1996-01-01,WW,developer
1077,23,443,1996-01-01,JP,publisher
1077,28,1125,1996-01-01,WW,developer
1077,28,443,1996-01-01,JP,publisher
1077,22,1125,1996-01-01,WW,developer
1077,22,443,1996-01-01,JP,publisher
1078,4,66,2001-02-21,WW,developer
1078,4,803,2001-02-21,WW,developer
1078,4,544,2001-02-21,EU,publisher
1078,4,1108,2001-02-21,EU,publisher
1080,4,476,2010-11-16,WW,developer
1080,4,42,2010-11-16,NA,publisher
1080,6,476,2010-11-16,WW,developer
1080,6,42,2010-11-16,NA,publisher
1080,5,476,2010-11-16,WW,developer
1080,5,42,2010-11-16,NA,publisher
1080,92,476,2010-11-16,WW,developer
1080,92,42,2010-11-16,NA,publisher
1081,4,80,2002-02-26,WW,developer
1081,4,42,2002-02-26,NA,publisher
1086,22,42,2007-01-01,NA,publisher
1086,22,102,2007-01-01,NA,publisher
1088,5,40,2008-04-10,WW,developer
1088,5,6,2008-04-10,JP,publisher
1089,4,1561,2003-12-08,WW,developer
1089,4,182,2003-12-08,EU,publisher
1089,8,1561,2003-12-08,WW,developer
1089,8,182,2003-12-08,EU,publisher
1091,8,198,2009-03-03,WW,developer
1091,8,312,2009-03-03,WW,developer
1091,8,312,2009-03-03,EU,publisher
1091,4,198,2009-03-03,WW,developer
1091,4,312,2009-03-03,WW,developer
1091,4,312,2009-03-03,EU,publisher
1092,4,340,2003-07-30,WW,developer
1092,4,386,2003-07-30,NA,publisher
1093,4,8,2005-02-17,WW,developer
1093,4,8,2005-02-17,JP,publisher
1093,6,8,2005-02-17,WW,developer
1093,6,8,2005-02-17,JP,publisher
1094,5,40,2007-12-01,WW,developer
1094,5,6,2007-12-01,JP,publisher
1076,6,92,2003-05-23,WW,developer
1076,6,92,2003-05-23,JP,publisher
1074,4,305,2023-04-23,WW,developer
1074,4,305,2023-04-23,NA,publisher
1095,6,63,2008-09-16,WW,developer
1095,6,63,2008-09-16,NA,publisher
1095,23,63,2008-09-16,WW,developer
1095,23,63,2008-09-16,NA,publisher
1095,4,63,2008-09-16,WW,developer
1095,4,63,2008-09-16,NA,publisher
1095,5,63,2008-09-16,WW,developer
1095,5,63,2008-09-16,NA,publisher
1095,22,63,2008-09-16,WW,developer
1095,22,63,2008-09-16,NA,publisher
1095,8,63,2008-09-16,WW,developer
1095,8,63,2008-09-16,NA,publisher
1096,4,602,2002-02-05,WW,developer
1096,4,467,2002-02-05,NA,publisher
1098,23,241,1998-10-31,WW,developer
1098,23,11,1998-10-31,NA,publisher
1101,23,92,2007-11-06,JP,publisher
1103,22,234,2008-11-10,WW,developer
1103,22,1453,2008-11-10,WW,developer
1103,8,234,2008-11-10,WW,developer
1103,8,1453,2008-11-10,WW,developer
1103,5,234,2008-11-10,WW,developer
1103,5,1453,2008-11-10,WW,developer
1103,6,234,2008-11-10,WW,developer
1103,6,1453,2008-11-10,WW,developer
1105,6,8,2001-08-23,WW,developer
1105,6,8,2001-08-23,JP,publisher
1106,31,304,2001-03-05,WW,developer
1106,31,6,2001-03-05,JP,publisher
1106,31,188,2001-03-05,NA,publisher
1108,4,801,2000-04-25,WW,developer
1108,4,587,2000-04-25,NA,publisher
1109,8,1074,2006-01-01,WW,developer
1109,8,754,2006-01-01,NA,publisher
1109,4,1074,2006-01-01,WW,developer
1109,4,754,2006-01-01,NA,publisher
1110,4,252,2007-09-27,WW,developer
1110,4,288,2007-09-27,NA,publisher
1110,22,252,2007-09-27,WW,developer
1110,22,288,2007-09-27,NA,publisher
1110,6,252,2007-09-27,WW,developer
1110,6,288,2007-09-27,NA,publisher
1110,5,252,2007-09-27,WW,developer
1110,5,288,2007-09-27,NA,publisher
1110,23,252,2007-09-27,WW,developer
1110,23,288,2007-09-27,NA,publisher
1111,4,479,2011-01-25,WW,developer
1111,4,42,2011-01-25,NA,publisher
1111,6,479,2011-01-25,WW,developer
1111,6,42,2011-01-25,NA,publisher
1113,4,308,2002-01-21,WW,developer
1113,4,580,2002-01-21,NA,publisher
1114,6,41,2009-03-03,WW,developer
1114,4,41,2009-03-03,WW,developer
1115,5,430,2008-01-31,WW,developer
1115,5,6,2008-01-31,JP,publisher
1116,33,850,2015-06-11,EU,publisher
1116,33,1127,2015-06-11,NA,publisher
1116,6,850,2015-06-11,EU,publisher
1116,6,1127,2015-06-11,NA,publisher
1116,23,850,2015-06-11,EU,publisher
1116,23,1127,2015-06-11,NA,publisher
1116,4,850,2015-06-11,EU,publisher
1116,4,1127,2015-06-11,NA,publisher
1117,6,541,2004-11-11,WW,developer
1117,6,56,2004-11-11,JP,publisher
1102,6,201,2015-02-18,WW,developer
1102,6,201,2015-02-18,JP,publisher
1102,6,817,2015-02-18,NA,publisher
1023,4,377,2007-10-30,WW,developer
1023,4,970,2007-10-30,EU,publisher
1024,4,203,2009-03-23,WW,developer
1024,4,42,2009-03-23,NA,publisher
1025,4,242,2011-04-04,WW,developer
1025,4,42,2011-04-04,NA,publisher
1026,4,242,2004-06-28,WW,developer
1026,4,42,2004-06-28,NA,publisher
1026,8,242,2004-06-28,WW,developer
1026,8,42,2004-06-28,NA,publisher
1027,4,242,2004-03-14,WW,developer
1027,4,42,2004-03-14,NA,publisher
1028,6,242,2011-10-25,WW,developer
1028,6,42,2011-10-25,NA,publisher
1028,4,242,2011-10-25,WW,developer
1028,4,42,2011-10-25,NA,publisher
1029,4,6,2009-10-29,JP,publisher
1029,6,6,2009-10-29,JP,publisher
1029,16,6,2009-10-29,JP,publisher
1031,4,371,2004-05-25,WW,developer
1031,4,228,2004-05-25,EU,publisher
1032,4,382,2000-02-29,WW,developer
1032,4,228,2000-02-29,EU,publisher
1033,31,166,1999-06-25,WW,developer
1033,31,271,1999-06-25,JP,publisher
1034,6,543,2011-07-14,WW,developer
1034,6,661,2011-07-14,WW,developer
1034,6,673,2011-07-14,WW,developer
1034,66,543,2011-07-14,WW,developer
1034,66,661,2011-07-14,WW,developer
1034,66,673,2011-07-14,WW,developer
1034,22,543,2011-07-14,WW,developer
1034,22,661,2011-07-14,WW,developer
1034,22,673,2011-07-14,WW,developer
1034,5,543,2011-07-14,WW,developer
1034,5,661,2011-07-14,WW,developer
1034,5,673,2011-07-14,WW,developer
1035,4,8,2000-04-27,WW,developer
1035,4,8,2000-04-27,JP,publisher
1036,6,259,2012-11-29,WW,developer
1036,6,280,2012-11-29,WW,developer
1036,4,259,2012-11-29,WW,developer
1036,4,280,2012-11-29,WW,developer
1038,5,357,2008-09-23,WW,developer
1038,4,357,2008-09-23,WW,developer
1038,8,357,2008-09-23,WW,developer
1040,106,250,2022-07-20,WW,developer
1040,106,212,2022-07-20,NA,publisher
1040,4,250,2022-07-20,WW,developer
1040,4,212,2022-07-20,NA,publisher
1040,8,250,2022-07-20,WW,developer
1040,8,212,2022-07-20,NA,publisher
1041,27,543,2021-12-17,WW,developer
1041,27,637,2021-12-17,WW,developer
1041,27,250,2021-12-17,NA,publisher
1041,4,543,2021-12-17,WW,developer
1041,4,637,2021-12-17,WW,developer
1041,4,250,2021-12-17,NA,publisher
1041,8,543,2021-12-17,WW,developer
1041,8,637,2021-12-17,WW,developer
1041,8,250,2021-12-17,NA,publisher
1042,4,212,2001-09-01,NA,publisher
1042,4,250,2001-09-01,NA,publisher
1042,4,767,2001-09-01,NA,publisher
1042,8,212,2001-09-01,NA,publisher
1042,8,250,2001-09-01,NA,publisher
1042,8,767,2001-09-01,NA,publisher
1042,94,212,2001-09-01,NA,publisher
1042,94,250,2001-09-01,NA,publisher
1042,94,767,2001-09-01,NA,publisher
1043,22,395,2008-03-19,WW,developer
1043,22,652,2008-03-19,JP,publisher
1046,31,304,2000-11-20,WW,developer
1046,31,6,2000-11-20,JP,publisher
1047,8,1040,2012-04-26,WW,developer
1047,8,599,2012-04-26,NA,publisher
1047,6,1040,2012-04-26,WW,developer
1047,6,599,2012-04-26,NA,publisher
1047,4,1040,2012-04-26,WW,developer
1047,4,599,2012-04-26,NA,publisher
1047,3,1040,2012-04-26,WW,developer
1047,3,599,2012-04-26,NA,publisher
1047,33,1040,2012-04-26,WW,developer
1047,33,599,2012-04-26,NA,publisher
1048,27,116,2003-12-05,WW,developer
1048,27,407,2003-12-05,WW,developer
1048,27,271,2003-12-05,JP,publisher
1049,24,437,1997-09-18,WW,developer
1049,4,437,1997-09-18,WW,developer
1050,4,648,2001-11-07,WW,developer
1051,6,242,2009-07-08,WW,developer
1051,6,42,2009-07-08,NA,publisher
1052,4,242,2006-10-17,WW,developer
1052,4,42,2006-10-17,NA,publisher
1052,8,242,2006-10-17,WW,developer
1052,8,42,2006-10-17,NA,publisher
1054,4,89,1999-01-01,WW,developer
1055,27,110,2002-07-19,WW,developer
1056,4,170,2011-09-14,WW,developer
1057,31,674,1999-02-28,WW,developer
1057,31,42,1999-02-28,NA,publisher
1058,94,287,1997-10-31,WW,developer
1058,94,635,1997-10-31,WW,developer
1058,94,228,1997-10-31,EU,publisher
1058,94,247,1997-10-31,NA,publisher
1058,94,683,1997-10-31,JP,publisher
1058,4,287,1997-10-31,WW,developer
1058,4,635,1997-10-31,WW,developer
1058,4,228,1997-10-31,EU,publisher
1058,4,247,1997-10-31,NA,publisher
1058,4,683,1997-10-31,JP,publisher
1058,8,287,1997-10-31,WW,developer
1058,8,635,1997-10-31,WW,developer
1058,8,228,1997-10-31,EU,publisher
1058,8,247,1997-10-31,NA,publisher
1058,8,683,1997-10-31,JP,publisher
1059,48,561,2009-10-07,WW,developer
1059,48,463,2009-10-07,EU,publisher
1121,8,1173,2014-01-01,WW,developer
1121,8,182,2014-01-01,EU,publisher
1121,4,1173,2014-01-01,WW,developer
1121,4,182,2014-01-01,EU,publisher
1122,4,74,1997-01-01,WW,developer
1122,24,74,1997-01-01,WW,developer
1123,4,769,2000-11-07,WW,developer
1123,4,1024,2000-11-07,NA,publisher
1124,4,8,2007-06-21,WW,developer
1124,4,13,2007-06-21,NA,publisher
1125,4,214,2001-11-19,WW,developer
1125,4,1348,2001-11-19,WW,developer
1125,4,1373,2001-11-19,EU,publisher
1129,6,325,2005-10-18,WW,developer
1129,6,11,2005-10-18,NA,publisher
1130,6,92,2008-06-12,JP,publisher
1131,22,491,2008-03-04,WW,developer
1131,22,1059,2008-03-04,NA,publisher
1131,4,491,2008-03-04,WW,developer
1131,4,1059,2008-03-04,NA,publisher
1131,5,491,2008-03-04,WW,developer
1131,5,1059,2008-03-04,NA,publisher
1132,22,642,2008-10-20,WW,developer
1132,22,188,2008-10-20,NA,publisher
1132,5,642,2008-10-20,WW,developer
1132,5,188,2008-10-20,NA,publisher
1133,4,189,2005-04-22,WW,developer
1133,4,189,2005-04-22,JP,publisher
1134,6,252,2008-09-04,WW,developer
1134,6,550,2008-09-04,NA,publisher
1134,5,252,2008-09-04,WW,developer
1134,5,550,2008-09-04,NA,publisher
1135,6,665,2009-03-19,WW,developer
1135,6,288,2009-03-19,NA,publisher
1135,5,665,2009-03-19,WW,developer
1135,5,288,2009-03-19,NA,publisher
1136,4,298,2008-12-26,WW,developer
1136,4,351,2008-12-26,JP,publisher
1137,23,1124,2010-09-30,WW,developer
1137,23,1124,2010-09-30,JP,publisher
1137,4,1124,2010-09-30,WW,developer
1137,4,1124,2010-09-30,JP,publisher
1138,4,250,1999-12-12,WW,developer
1138,4,212,1999-12-12,NA,publisher
1138,4,1150,1999-12-12,EU,publisher
1139,4,298,2003-09-26,WW,developer
1139,4,298,2003-09-26,JP,publisher
1140,4,298,2005-09-22,WW,developer
1140,4,351,2005-09-22,JP,publisher
1141,23,42,2006-06-13,WW,developer
1141,23,42,2006-06-13,NA,publisher
1141,27,42,2006-06-13,WW,developer
1141,27,42,2006-06-13,NA,publisher
1141,22,42,2006-06-13,WW,developer
1141,22,42,2006-06-13,NA,publisher
1141,4,42,2006-06-13,WW,developer
1141,4,42,2006-06-13,NA,publisher
1142,6,357,2008-09-23,WW,developer
1142,4,357,2008-09-23,WW,developer
1143,6,192,2010-10-12,WW,developer
1143,6,42,2010-10-12,NA,publisher
1143,4,192,2010-10-12,WW,developer
1143,4,42,2010-10-12,NA,publisher
1145,62,354,1996-09-20,WW,developer
1145,62,354,1996-09-20,JP,publisher
1147,27,40,2002-12-13,WW,developer
1147,27,6,2002-12-13,JP,publisher
1148,4,815,2003-11-28,WW,developer
1148,4,815,2003-11-28,JP,publisher
1150,4,534,1996-11-01,WW,developer
1151,28,40,2019-02-13,WW,developer
1151,28,1285,2019-02-13,NA,publisher
1151,16,40,2019-02-13,WW,developer
1151,16,1285,2019-02-13,NA,publisher
1151,26,40,2019-02-13,WW,developer
1151,26,1285,2019-02-13,NA,publisher
1151,66,40,2019-02-13,WW,developer
1151,66,1285,2019-02-13,NA,publisher
1151,5,40,2019-02-13,WW,developer
1151,5,1285,2019-02-13,NA,publisher
1152,5,40,2010-05-23,WW,developer
1152,5,6,2010-05-23,JP,publisher
1152,16,40,2010-05-23,WW,developer
1152,16,6,2010-05-23,JP,publisher
1153,23,1087,2006-11-21,WW,developer
1153,23,626,2006-11-21,NA,publisher
1153,23,1087,2006-11-21,JP,publisher
1153,4,1087,2006-11-21,WW,developer
1153,4,626,2006-11-21,NA,publisher
1153,4,1087,2006-11-21,JP,publisher
1155,33,525,2009-10-16,WW,developer
1155,33,525,2009-10-16,EU,publisher
1155,4,525,2009-10-16,WW,developer
1155,4,525,2009-10-16,EU,publisher
1155,8,525,2009-10-16,WW,developer
1155,8,525,2009-10-16,EU,publisher
1155,6,525,2009-10-16,WW,developer
1155,6,525,2009-10-16,EU,publisher
1156,6,391,1998-09-10,WW,developer
1156,6,11,1998-09-10,NA,publisher
1157,16,40,2005-11-14,WW,developer
1157,16,6,2005-11-14,JP,publisher
1157,22,40,2005-11-14,WW,developer
1157,22,6,2005-11-14,JP,publisher
1158,6,814,2010-03-23,WW,developer
1158,22,814,2010-03-23,WW,developer
1158,5,814,2010-03-23,WW,developer
1234,22,390,2007-07-26,WW,developer
1234,5,390,2007-07-26,WW,developer
1235,4,604,2008-09-16,WW,developer
1235,4,604,2008-09-16,EU,publisher
1235,8,604,2008-09-16,WW,developer
1235,8,604,2008-09-16,EU,publisher
1236,8,112,2004-10-26,WW,developer
1236,8,175,2004-10-26,NA,publisher
1236,4,112,2004-10-26,WW,developer
1236,4,175,2004-10-26,NA,publisher
1237,4,74,2000-04-10,WW,developer
1237,8,74,2000-04-10,WW,developer
1239,4,181,2001-04-20,WW,developer
1239,4,1150,2001-04-20,EU,publisher
1239,8,181,2001-04-20,WW,developer
1239,8,1150,2001-04-20,EU,publisher
1240,4,236,2003-06-20,WW,developer
1240,4,236,2003-06-20,EU,publisher
1240,27,236,2003-06-20,WW,developer
1240,27,236,2003-06-20,EU,publisher
1240,22,236,2003-06-20,WW,developer
1240,22,236,2003-06-20,EU,publisher
1241,4,198,2010-02-23,WW,developer
1241,4,312,2010-02-23,WW,developer
1241,4,312,2010-02-23,EU,publisher
1241,8,198,2010-02-23,WW,developer
1241,8,312,2010-02-23,WW,developer
1241,8,312,2010-02-23,EU,publisher
1242,33,92,2001-11-13,WW,developer
1242,33,92,2001-11-13,JP,publisher
1242,4,92,2001-11-13,WW,developer
1242,4,92,2001-11-13,JP,publisher
1242,6,92,2001-11-13,WW,developer
1242,6,92,2001-11-13,JP,publisher
1243,4,90,2003-02-16,WW,developer
1243,4,90,2003-02-16,EU,publisher
1244,4,474,2007-11-06,WW,developer
1247,22,358,2007-07-19,WW,developer
1247,22,358,2007-07-19,JP,publisher
1249,4,542,2016-03-31,WW,developer
1249,4,542,2016-03-31,JP,publisher
1250,58,102,2009-11-23,NA,publisher
1250,9,102,2009-11-23,NA,publisher
1252,4,285,2004-03-26,WW,developer
1252,4,285,2004-03-26,JP,publisher
1253,4,319,2006-04-17,WW,developer
1253,4,247,2006-04-17,NA,publisher
1255,5,400,2008-04-18,WW,developer
1255,5,253,2008-04-18,EU,publisher
1255,5,400,2008-04-18,JP,publisher
1257,4,235,2009-10-09,WW,developer
1257,4,235,2009-10-09,EU,publisher
1258,6,481,2011-05-26,WW,developer
1258,6,481,2011-05-26,JP,publisher
1259,4,313,2008-05-29,WW,developer
1259,4,313,2008-05-29,JP,publisher
1259,4,1233,2008-05-29,NA,publisher
1260,6,605,2012-10-11,WW,developer
1260,4,605,2012-10-11,WW,developer
1159,4,278,1998-12-11,WW,developer
1159,4,278,1998-12-11,JP,publisher
1160,4,1053,2002-05-12,WW,developer
1160,4,1053,2002-05-12,JP,publisher
1163,23,1539,2022-09-27,NA,publisher
1163,4,1539,2022-09-27,NA,publisher
1163,33,1539,2022-09-27,NA,publisher
1164,4,564,2004-10-12,WW,developer
1164,4,135,2004-10-12,NA,publisher
1165,16,40,2011-11-18,WW,developer
1165,16,6,2011-11-18,JP,publisher
1165,5,40,2011-11-18,WW,developer
1165,5,6,2011-11-18,JP,publisher
1166,23,710,1997-04-11,WW,developer
1166,23,11,1997-04-11,NA,publisher
1168,23,42,2010-07-02,WW,developer
1168,23,42,2010-07-02,NA,publisher
1168,5,42,2010-07-02,WW,developer
1168,5,42,2010-07-02,NA,publisher
1168,6,42,2010-07-02,WW,developer
1168,6,42,2010-07-02,NA,publisher
1168,22,42,2010-07-02,WW,developer
1168,22,42,2010-07-02,NA,publisher
1168,4,42,2010-07-02,WW,developer
1168,4,42,2010-07-02,NA,publisher
1169,4,63,2005-03-01,WW,developer
1169,4,63,2005-03-01,NA,publisher
1170,5,219,2008-05-16,WW,developer
1170,5,405,2008-05-16,NA,publisher
1173,8,198,2014-09-03,WW,developer
1173,4,198,2014-09-03,WW,developer
1174,31,252,1998-03-31,WW,developer
1174,31,288,1998-03-31,NA,publisher
1174,4,252,1998-03-31,WW,developer
1174,4,288,1998-03-31,NA,publisher
1175,22,92,2005-09-29,WW,developer
1175,22,92,2005-09-29,JP,publisher
1176,22,358,2007-11-17,WW,developer
1176,22,358,2007-11-17,JP,publisher
1178,4,291,2019-12-20,WW,developer
1178,4,1233,2019-12-20,NA,publisher
1179,22,40,2005-04-21,WW,developer
1179,22,6,2005-04-21,JP,publisher
1180,4,1233,2017-12-18,NA,publisher
1181,4,357,2008-09-23,WW,developer
1181,5,357,2008-09-23,WW,developer
1181,8,357,2008-09-23,WW,developer
1182,33,357,2006-11-07,WW,developer
1182,23,357,2006-11-07,WW,developer
1184,33,465,2012-02-02,WW,developer
1184,33,856,2012-02-02,JP,publisher
1184,6,465,2012-02-02,WW,developer
1184,6,856,2012-02-02,JP,publisher
1185,4,86,2002-04-05,WW,developer
1185,4,13,2002-04-05,NA,publisher
1185,8,86,2002-04-05,WW,developer
1185,8,13,2002-04-05,NA,publisher
1186,4,42,2002-09-30,NA,publisher
1186,27,42,2002-09-30,NA,publisher
1187,4,418,2011-04-28,WW,developer
1187,4,418,2011-04-28,JP,publisher
1190,22,751,2010-06-25,WW,developer
1190,22,795,2010-06-25,NA,publisher
1191,4,66,2014-01-09,EU,publisher
1191,8,66,2014-01-09,EU,publisher
1193,6,82,2007-10-23,EU,publisher
1193,4,82,2007-10-23,EU,publisher
1194,16,117,2001-07-19,WW,developer
1194,16,400,2001-07-19,JP,publisher
1195,4,82,2003-09-19,WW,developer
1195,4,82,2003-09-19,EU,publisher
1197,6,56,2010-09-30,WW,developer
1197,6,56,2010-09-30,JP,publisher
1197,4,56,2010-09-30,WW,developer
1197,4,56,2010-09-30,JP,publisher
1197,106,56,2010-09-30,WW,developer
1197,106,56,2010-09-30,JP,publisher
1197,8,56,2010-09-30,WW,developer
1197,8,56,2010-09-30,JP,publisher
1198,94,80,1995-08-31,WW,developer
1198,94,6,1995-08-31,JP,publisher
1198,94,463,1995-08-31,EU,publisher
1198,23,80,1995-08-31,WW,developer
1198,23,6,1995-08-31,JP,publisher
1198,23,463,1995-08-31,EU,publisher
1198,31,80,1995-08-31,WW,developer
1198,31,6,1995-08-31,JP,publisher
1198,31,463,1995-08-31,EU,publisher
1198,4,80,1995-08-31,WW,developer
1198,4,6,1995-08-31,JP,publisher
1198,4,463,1995-08-31,EU,publisher
1198,24,80,1995-08-31,WW,developer
1198,24,6,1995-08-31,JP,publisher
1198,24,463,1995-08-31,EU,publisher
1199,22,40,2009-12-07,WW,developer
1199,22,6,2009-12-07,JP,publisher
1199,16,40,2009-12-07,WW,developer
1199,16,6,2009-12-07,JP,publisher
1201,4,1007,2011-01-01,WW,developer
1201,4,1007,2011-01-01,NA,publisher
1202,27,534,2002-04-16,WW,developer
1203,23,470,2005-10-19,WW,developer
1203,27,470,2005-10-19,WW,developer
1204,5,470,2007-10-02,WW,developer
1204,23,470,2007-10-02,WW,developer
1205,23,400,2007-11-26,WW,developer
1205,23,117,2007-11-26,JP,publisher
1205,6,400,2007-11-26,WW,developer
1205,6,117,2007-11-26,JP,publisher
1207,31,370,1999-01-21,WW,developer
1207,31,6,1999-01-21,JP,publisher
1208,8,495,2003-05-29,WW,developer
1208,4,495,2003-05-29,WW,developer
1209,8,19,2007-12-06,WW,developer
1209,8,19,2007-12-06,JP,publisher
1209,6,19,2007-12-06,WW,developer
1209,6,19,2007-12-06,JP,publisher
1209,33,19,2007-12-06,WW,developer
1209,33,19,2007-12-06,JP,publisher
1209,23,19,2007-12-06,WW,developer
1209,23,19,2007-12-06,JP,publisher
1209,4,19,2007-12-06,WW,developer
1209,4,19,2007-12-06,JP,publisher
1209,16,19,2007-12-06,WW,developer
1209,16,19,2007-12-06,JP,publisher
1210,4,803,2003-01-01,WW,developer
1210,4,544,2003-01-01,EU,publisher
1210,4,782,2003-01-01,EU,publisher
1210,8,803,2003-01-01,WW,developer
1210,8,544,2003-01-01,EU,publisher
1210,8,782,2003-01-01,EU,publisher
1212,5,40,2006-12-02,WW,developer
1212,5,6,2006-12-02,JP,publisher
1213,16,40,2005-11-23,WW,developer
1213,16,6,2005-11-23,JP,publisher
1213,22,40,2005-11-23,WW,developer
1213,22,6,2005-11-23,JP,publisher
1214,6,280,2006-10-17,WW,developer
1214,5,280,2006-10-17,WW,developer
1214,4,280,2006-10-17,WW,developer
1214,27,280,2006-10-17,WW,developer
1215,8,257,2001-03-25,WW,developer
1215,8,42,2001-03-25,NA,publisher
1215,8,312,2001-03-25,EU,publisher
1215,8,1032,2001-03-25,EU,publisher
1215,4,257,2001-03-25,WW,developer
1215,4,42,2001-03-25,NA,publisher
1215,4,312,2001-03-25,EU,publisher
1215,4,1032,2001-03-25,EU,publisher
1215,94,257,2001-03-25,WW,developer
1215,94,42,2001-03-25,NA,publisher
1215,94,312,2001-03-25,EU,publisher
1215,94,1032,2001-03-25,EU,publisher
1216,4,559,2003-10-17,WW,developer
1216,4,620,2003-10-17,NA,publisher
1217,28,45,1996-01-31,WW,developer
1217,28,212,1996-01-31,NA,publisher
1217,94,45,1996-01-31,WW,developer
1217,94,212,1996-01-31,NA,publisher
1217,24,45,1996-01-31,WW,developer
1217,24,212,1996-01-31,NA,publisher
1218,4,80,1997-10-31,WW,developer
1218,4,463,1997-10-31,EU,publisher
1218,4,1150,1997-10-31,EU,publisher
1219,24,297,1997-05-31,WW,developer
1219,4,297,1997-05-31,WW,developer
1220,4,505,2010-05-25,WW,developer
1220,4,125,2010-05-25,NA,publisher
1220,6,505,2010-05-25,WW,developer
1220,6,125,2010-05-25,NA,publisher
1221,31,33,1998-10-20,NA,publisher
1222,4,374,2003-12-26,WW,developer
1222,4,374,2003-12-26,JP,publisher
1222,4,566,2003-12-26,NA,publisher
1223,4,846,2005-05-20,WW,developer
1223,4,57,2005-05-20,NA,publisher
1224,66,443,2013-03-14,WW,developer
1224,66,400,2013-03-14,JP,publisher
1226,6,247,2014-05-13,WW,developer
1226,6,357,2014-05-13,WW,developer
1226,6,961,2014-05-13,WW,developer
1226,6,17,2014-05-13,NA,publisher
1226,33,247,2014-05-13,WW,developer
1226,33,357,2014-05-13,WW,developer
1226,33,961,2014-05-13,WW,developer
1226,33,17,2014-05-13,NA,publisher
1226,4,247,2014-05-13,WW,developer
1226,4,357,2014-05-13,WW,developer
1226,4,961,2014-05-13,WW,developer
1226,4,17,2014-05-13,NA,publisher
1226,8,247,2014-05-13,WW,developer
1226,8,357,2014-05-13,WW,developer
1226,8,961,2014-05-13,WW,developer
1226,8,17,2014-05-13,NA,publisher
1227,4,312,2009-10-20,WW,developer
1227,4,357,2009-10-20,WW,developer
1227,4,17,2009-10-20,NA,publisher
1227,8,312,2009-10-20,WW,developer
1227,8,357,2009-10-20,WW,developer
1227,8,17,2009-10-20,NA,publisher
1227,6,312,2009-10-20,WW,developer
1227,6,357,2009-10-20,WW,developer
1227,6,17,2009-10-20,NA,publisher
1230,6,951,2003-09-26,WW,developer
1230,6,951,2003-09-26,JP,publisher
1230,33,951,2003-09-26,WW,developer
1230,33,951,2003-09-26,JP,publisher
1230,4,951,2003-09-26,WW,developer
1230,4,951,2003-09-26,JP,publisher
1230,23,951,2003-09-26,WW,developer
1230,23,951,2003-09-26,JP,publisher
1231,8,459,1999-11-30,WW,developer
1231,8,297,1999-11-30,NA,publisher
1231,4,459,1999-11-30,WW,developer
1231,4,297,1999-11-30,NA,publisher
1232,4,881,2013-12-19,WW,developer
1232,4,1472,2013-12-19,WW,developer
1232,4,42,2013-12-19,NA,publisher
1232,4,1396,2013-12-19,EU,publisher
1232,8,881,2013-12-19,WW,developer
1232,8,1472,2013-12-19,WW,developer
1232,8,42,2013-12-19,NA,publisher
1232,8,1396,2013-12-19,EU,publisher
1232,92,881,2013-12-19,WW,developer
1232,92,1472,2013-12-19,WW,developer
1232,92,42,2013-12-19,NA,publisher
1232,92,1396,2013-12-19,EU,publisher
1232,57,881,2013-12-19,WW,developer
1232,57,1472,2013-12-19,WW,developer
1232,57,42,2013-12-19,NA,publisher
1232,57,1396,2013-12-19,EU,publisher
1233,4,525,2003-01-01,EU,publisher
1233,8,525,2003-01-01,EU,publisher
1200,4,422,2021-08-31,WW,developer
1200,4,1539,2021-08-31,NA,publisher
1232,66,881,2013-12-19,WW,developer
1232,66,1472,2013-12-19,WW,developer
1232,66,42,2013-12-19,NA,publisher
1232,66,1396,2013-12-19,EU,publisher
1329,23,391,2000-10-11,WW,developer
1329,23,11,2000-10-11,NA,publisher
1329,6,391,2000-10-11,WW,developer
1329,6,11,2000-10-11,NA,publisher
1330,27,614,2004-11-03,WW,developer
1331,22,173,2005-10-18,WW,developer
1332,4,1683,2001-03-23,EU,publisher
1333,31,172,2000-05-02,WW,developer
1333,31,333,2000-05-02,JP,publisher
1335,4,257,2007-12-04,WW,developer
1335,4,13,2007-12-04,NA,publisher
1335,8,257,2007-12-04,WW,developer
1335,8,13,2007-12-04,NA,publisher
1337,4,1144,2005-10-24,WW,developer
1337,4,231,2005-10-24,NA,publisher
1339,4,948,2012-06-12,WW,developer
1339,4,948,2012-06-12,EU,publisher
1339,8,948,2012-06-12,WW,developer
1339,8,948,2012-06-12,EU,publisher
1343,4,602,2001-03-21,WW,developer
1343,4,467,2001-03-21,NA,publisher
1343,4,931,2001-03-21,NA,publisher
1343,4,1150,2001-03-21,EU,publisher
1344,8,42,2008-01-29,WW,developer
1344,8,42,2008-01-29,NA,publisher
1344,4,42,2008-01-29,WW,developer
1344,4,42,2008-01-29,NA,publisher
1345,6,338,2010-09-24,WW,developer
1345,5,338,2010-09-24,WW,developer
1346,24,8,1997-10-26,WW,developer
1346,24,8,1997-10-26,JP,publisher
1346,26,8,1997-10-26,WW,developer
1346,26,8,1997-10-26,JP,publisher
1346,6,8,1997-10-26,WW,developer
1346,6,8,1997-10-26,JP,publisher
1348,27,92,2003-03-28,WW,developer
1348,27,92,2003-03-28,JP,publisher
1348,4,92,2003-03-28,WW,developer
1348,4,92,2003-03-28,JP,publisher
1349,4,399,1997-03-14,WW,developer
1349,4,42,1997-03-14,NA,publisher
1349,8,399,1997-03-14,WW,developer
1349,8,42,1997-03-14,NA,publisher
1349,24,399,1997-03-14,WW,developer
1349,24,42,1997-03-14,NA,publisher
1350,22,666,2004-12-02,WW,developer
1350,22,6,2004-12-02,JP,publisher
1351,94,230,1997-09-30,WW,developer
1351,4,230,1997-09-30,WW,developer
1352,36,68,2003-12-02,WW,developer
1352,36,661,2003-12-02,WW,developer
1352,36,42,2003-12-02,NA,publisher
1352,27,68,2003-12-02,WW,developer
1352,27,661,2003-12-02,WW,developer
1352,27,42,2003-12-02,NA,publisher
1353,4,396,2021-06-09,WW,developer
1353,4,975,2021-06-09,JP,publisher
1353,107,396,2021-06-09,WW,developer
1353,107,975,2021-06-09,JP,publisher
1353,5,396,2021-06-09,WW,developer
1353,5,975,2021-06-09,JP,publisher
1354,22,1132,2007-04-20,WW,developer
1354,22,228,2007-04-20,EU,publisher
1355,16,34,2001-01-01,WW,developer
1355,16,6,2001-01-01,JP,publisher
1356,28,612,2013-11-06,WW,developer
1356,28,612,2013-11-06,JP,publisher
1356,106,612,2013-11-06,WW,developer
1356,106,612,2013-11-06,JP,publisher
1356,16,612,2013-11-06,WW,developer
1356,16,612,2013-11-06,JP,publisher
1356,65,612,2013-11-06,WW,developer
1356,65,612,2013-11-06,JP,publisher
1356,23,612,2013-11-06,WW,developer
1356,23,612,2013-11-06,JP,publisher
1356,4,612,2013-11-06,WW,developer
1356,4,612,2013-11-06,JP,publisher
1357,6,497,2010-10-26,WW,developer
1357,6,188,2010-10-26,NA,publisher
1357,23,497,2010-10-26,WW,developer
1357,23,188,2010-10-26,NA,publisher
1357,5,497,2010-10-26,WW,developer
1357,5,188,2010-10-26,NA,publisher
1358,27,826,2003-03-31,WW,developer
1358,27,550,2003-03-31,NA,publisher
1359,16,778,2001-03-21,WW,developer
1359,16,6,2001-03-21,JP,publisher
1360,24,687,1996-05-31,WW,developer
1361,8,295,2001-06-22,WW,developer
1361,8,82,2001-06-22,EU,publisher
1361,8,295,2001-06-22,EU,publisher
1361,4,295,2001-06-22,WW,developer
1361,4,82,2001-06-22,EU,publisher
1361,4,295,2001-06-22,EU,publisher
1363,66,481,2012-01-12,WW,developer
1363,66,6,2012-01-12,JP,publisher
1364,66,226,2012-11-29,WW,developer
1364,66,226,2012-11-29,JP,publisher
1365,4,1387,2007-10-15,WW,developer
1365,4,1119,2007-10-15,NA,publisher
1366,94,167,2000-03-22,WW,developer
1366,94,187,2000-03-22,NA,publisher
1366,4,167,2000-03-22,WW,developer
1366,4,187,2000-03-22,NA,publisher
1367,4,66,2003-07-25,WW,developer
1367,4,200,2003-07-25,WW,developer
1367,4,467,2003-07-25,NA,publisher
1368,16,737,2006-11-02,WW,developer
1368,16,6,2006-11-02,JP,publisher
1368,22,737,2006-11-02,WW,developer
1368,22,6,2006-11-02,JP,publisher
1369,4,297,2005-03-22,WW,developer
1370,6,241,2004-11-09,WW,developer
1370,6,11,2004-11-09,NA,publisher
1370,33,241,2004-11-09,WW,developer
1370,33,11,2004-11-09,NA,publisher
1371,23,11,1999-05-31,WW,developer
1371,23,11,1999-05-31,NA,publisher
1373,6,381,2012-05-08,WW,developer
1373,6,11,2012-05-08,NA,publisher
1375,4,71,2011-06-10,WW,developer
1375,4,17,2011-06-10,NA,publisher
1375,6,71,2011-06-10,WW,developer
1375,6,17,2011-06-10,NA,publisher
1375,8,71,2011-06-10,WW,developer
1375,8,17,2011-06-10,NA,publisher
1376,8,1254,2012-06-26,WW,developer
1376,8,17,2012-06-26,NA,publisher
1376,6,1254,2012-06-26,WW,developer
1376,6,17,2012-06-26,NA,publisher
1376,4,1254,2012-06-26,WW,developer
1376,4,17,2012-06-26,NA,publisher
1377,4,289,2004-09-03,WW,developer
1377,4,82,2004-09-03,EU,publisher
1377,27,289,2004-09-03,WW,developer
1377,27,82,2004-09-03,EU,publisher
1378,6,404,2008-03-25,WW,developer
1378,6,442,2008-03-25,NA,publisher
1378,4,404,2008-03-25,WW,developer
1378,4,442,2008-03-25,NA,publisher
1382,6,534,2011-05-10,WW,developer
1382,6,405,2011-05-10,NA,publisher
1382,8,534,2011-05-10,WW,developer
1382,8,405,2011-05-10,NA,publisher
1382,5,534,2011-05-10,WW,developer
1382,5,405,2011-05-10,NA,publisher
1382,22,534,2011-05-10,WW,developer
1382,22,405,2011-05-10,NA,publisher
1382,23,534,2011-05-10,WW,developer
1382,23,405,2011-05-10,NA,publisher
1382,4,534,2011-05-10,WW,developer
1382,4,405,2011-05-10,NA,publisher
1384,27,40,2004-03-18,WW,developer
1384,27,6,2004-03-18,JP,publisher
1385,4,1360,2009-05-01,WW,developer
1385,4,682,2009-05-01,EU,publisher
1386,4,13,2000-04-22,NA,publisher
1387,71,305,2013-08-27,WW,developer
1387,71,187,2013-08-27,NA,publisher
1387,4,305,2013-08-27,WW,developer
1387,4,187,2013-08-27,NA,publisher
1387,24,305,2013-08-27,WW,developer
1387,24,187,2013-08-27,NA,publisher
1388,4,528,2021-07-08,JP,publisher
1388,4,1127,2021-07-08,NA,publisher
1388,4,1539,2021-07-08,NA,publisher
1388,33,528,2021-07-08,JP,publisher
1388,33,1127,2021-07-08,NA,publisher
1388,33,1539,2021-07-08,NA,publisher
1388,6,528,2021-07-08,JP,publisher
1388,6,1127,2021-07-08,NA,publisher
1388,6,1539,2021-07-08,NA,publisher
1390,4,481,2004-09-16,WW,developer
1390,4,278,2004-09-16,JP,publisher
1391,4,193,2006-05-09,WW,developer
1391,4,13,2006-05-09,NA,publisher
1392,4,57,2008-06-20,NA,publisher
1392,6,57,2008-06-20,NA,publisher
1392,5,57,2008-06-20,NA,publisher
1393,4,305,2001-04-18,WW,developer
1393,4,187,2001-04-18,NA,publisher
1394,6,82,2013-05-27,WW,developer
1394,6,82,2013-05-27,EU,publisher
1394,4,82,2013-05-27,WW,developer
1394,4,82,2013-05-27,EU,publisher
1395,6,390,2011-11-01,WW,developer
1395,106,390,2011-11-01,WW,developer
1395,4,390,2011-11-01,WW,developer
1396,27,470,2003-05-27,WW,developer
1396,4,470,2003-05-27,WW,developer
1397,22,603,2008-02-05,WW,developer
1397,4,603,2008-02-05,WW,developer
1397,5,603,2008-02-05,WW,developer
1398,4,552,2008-02-26,WW,developer
1398,4,82,2008-02-26,EU,publisher
1398,6,552,2008-02-26,WW,developer
1398,6,82,2008-02-26,EU,publisher
1399,4,54,1999-01-01,WW,developer
1399,4,305,1999-01-01,NA,publisher
1400,4,852,2007-12-10,WW,developer
1400,4,5,2007-12-10,NA,publisher
1291,4,42,2007-02-06,WW,developer
1291,4,42,2007-02-06,NA,publisher
1291,8,42,2007-02-06,WW,developer
1291,8,42,2007-02-06,NA,publisher
1292,6,92,2013-02-19,JP,publisher
1292,8,92,2013-02-19,JP,publisher
1292,4,92,2013-02-19,JP,publisher
1294,5,358,2011-01-04,WW,developer
1294,5,358,2011-01-04,JP,publisher
1295,4,382,1998-11-30,WW,developer
1295,4,228,1998-11-30,EU,publisher
1296,4,192,2007-09-04,WW,developer
1296,4,42,2007-09-04,NA,publisher
1296,6,192,2007-09-04,WW,developer
1296,6,42,2007-09-04,NA,publisher
1297,4,192,2004-11-04,WW,developer
1297,4,42,2004-11-04,NA,publisher
1298,4,469,2010-11-12,WW,developer
1298,4,757,2010-11-12,EU,publisher
1298,6,469,2010-11-12,WW,developer
1298,6,757,2010-11-12,EU,publisher
1298,8,469,2010-11-12,WW,developer
1298,8,757,2010-11-12,EU,publisher
1299,5,753,2015-01-01,WW,developer
1299,5,362,2015-01-01,JP,publisher
1299,16,753,2015-01-01,WW,developer
1299,16,362,2015-01-01,JP,publisher
1300,31,6,1996-06-23,WW,developer
1300,31,6,1996-06-23,JP,publisher
1302,6,56,2011-10-04,JP,publisher
1302,6,231,2011-10-04,NA,publisher
1302,6,247,2011-10-04,NA,publisher
1302,8,56,2011-10-04,JP,publisher
1302,8,231,2011-10-04,NA,publisher
1302,8,247,2011-10-04,NA,publisher
1302,4,56,2011-10-04,JP,publisher
1302,4,231,2011-10-04,NA,publisher
1302,4,247,2011-10-04,NA,publisher
1305,22,997,2011-01-11,WW,developer
1305,22,442,2011-01-11,NA,publisher
1305,5,997,2011-01-11,WW,developer
1305,5,442,2011-01-11,NA,publisher
1305,6,997,2011-01-11,WW,developer
1305,6,442,2011-01-11,NA,publisher
1306,4,1265,2014-01-10,WW,developer
1306,4,689,2014-01-10,EU,publisher
1306,4,1265,2014-01-10,EU,publisher
1306,8,1265,2014-01-10,WW,developer
1306,8,689,2014-01-10,EU,publisher
1306,8,1265,2014-01-10,EU,publisher
1307,4,731,2003-08-27,WW,developer
1307,4,228,2003-08-27,EU,publisher
1307,8,731,2003-08-27,WW,developer
1307,8,228,2003-08-27,EU,publisher
1309,27,92,2005-07-14,WW,developer
1309,27,6,2005-07-14,JP,publisher
1310,4,16,2000-04-28,WW,developer
1310,4,499,2000-04-28,EU,publisher
1311,5,40,2004-12-16,WW,developer
1311,5,6,2004-12-16,JP,publisher
1311,27,40,2004-12-16,WW,developer
1311,27,6,2004-12-16,JP,publisher
1312,8,297,2000-12-08,WW,developer
1312,4,297,2000-12-08,WW,developer
1313,4,3,2003-03-04,NA,publisher
1313,4,13,2003-03-04,NA,publisher
1314,4,346,2000-02-24,WW,developer
1314,4,228,2000-02-24,EU,publisher
1315,22,56,2009-05-30,WW,developer
1315,22,56,2009-05-30,JP,publisher
1315,6,56,2009-05-30,WW,developer
1315,6,56,2009-05-30,JP,publisher
1316,4,664,2008-09-30,WW,developer
1316,4,92,2008-09-30,JP,publisher
1316,6,664,2008-09-30,WW,developer
1316,6,92,2008-09-30,JP,publisher
1317,4,270,2011-10-13,WW,developer
1317,4,1118,2011-10-13,WW,developer
1317,4,1232,2011-10-13,WW,developer
1318,8,445,2012-04-24,WW,developer
1318,8,445,2012-04-24,NA,publisher
1318,6,445,2012-04-24,WW,developer
1318,6,445,2012-04-24,NA,publisher
1318,33,445,2012-04-24,WW,developer
1318,33,445,2012-04-24,NA,publisher
1318,23,445,2012-04-24,WW,developer
1318,23,445,2012-04-24,NA,publisher
1318,4,445,2012-04-24,WW,developer
1318,4,445,2012-04-24,NA,publisher
1319,6,244,1999-02-16,WW,developer
1319,6,321,1999-02-16,NA,publisher
1320,23,398,2011-03-29,WW,developer
1320,23,42,2011-03-29,NA,publisher
1320,4,398,2011-03-29,WW,developer
1320,4,42,2011-03-29,NA,publisher
1320,6,398,2011-03-29,WW,developer
1320,6,42,2011-03-29,NA,publisher
1321,4,422,2002-01-31,WW,developer
1321,4,977,2002-01-31,NA,publisher
1322,22,627,2007-11-15,WW,developer
1322,22,400,2007-11-15,JP,publisher
1323,4,193,2012-02-07,WW,developer
1323,4,891,2012-02-07,WW,developer
1323,4,42,2012-02-07,NA,publisher
1323,6,193,2012-02-07,WW,developer
1323,6,891,2012-02-07,WW,developer
1323,6,42,2012-02-07,NA,publisher
1324,94,130,1997-01-01,WW,developer
1324,94,130,1997-01-01,EU,publisher
1324,4,130,1997-01-01,WW,developer
1324,4,130,1997-01-01,EU,publisher
1324,8,130,1997-01-01,WW,developer
1324,8,130,1997-01-01,EU,publisher
1326,4,327,2003-12-02,WW,developer
1326,4,63,2003-12-02,NA,publisher
1327,23,391,1999-11-02,WW,developer
1327,23,11,1999-11-02,NA,publisher
1261,4,304,2006-11-09,WW,developer
1261,4,13,2006-11-09,NA,publisher
1262,4,252,1997-01-01,WW,developer
1262,4,288,1997-01-01,NA,publisher
1262,31,252,1997-01-01,WW,developer
1262,31,288,1997-01-01,NA,publisher
1262,28,252,1997-01-01,WW,developer
1262,28,288,1997-01-01,NA,publisher
1262,32,252,1997-01-01,WW,developer
1262,32,288,1997-01-01,NA,publisher
1263,4,175,2004-03-16,NA,publisher
1263,8,175,2004-03-16,NA,publisher
1264,4,785,1999-07-05,WW,developer
1265,6,8,2008-07-18,WW,developer
1265,6,249,2008-07-18,WW,developer
1265,6,8,2008-07-18,JP,publisher
1265,4,8,2008-07-18,WW,developer
1265,4,249,2008-07-18,WW,developer
1265,4,8,2008-07-18,JP,publisher
1266,6,658,2018-03-30,WW,developer
1266,6,8,2018-03-30,JP,publisher
1266,6,658,2018-03-30,EU,publisher
1266,67,658,2018-03-30,WW,developer
1266,67,8,2018-03-30,JP,publisher
1266,67,658,2018-03-30,EU,publisher
1266,8,658,2018-03-30,WW,developer
1266,8,8,2018-03-30,JP,publisher
1266,8,658,2018-03-30,EU,publisher
1266,4,658,2018-03-30,WW,developer
1266,4,8,2018-03-30,JP,publisher
1266,4,658,2018-03-30,EU,publisher
1266,5,658,2018-03-30,WW,developer
1266,5,8,2018-03-30,JP,publisher
1266,5,658,2018-03-30,EU,publisher
1266,16,658,2018-03-30,WW,developer
1266,16,8,2018-03-30,JP,publisher
1266,16,658,2018-03-30,EU,publisher
1266,92,658,2018-03-30,WW,developer
1266,92,8,2018-03-30,JP,publisher
1266,92,658,2018-03-30,EU,publisher
1267,6,323,2009-01-23,WW,developer
1267,6,228,2009-01-23,EU,publisher
1267,22,323,2009-01-23,WW,developer
1267,22,228,2009-01-23,EU,publisher
1267,8,323,2009-01-23,WW,developer
1267,8,228,2009-01-23,EU,publisher
1267,5,323,2009-01-23,WW,developer
1267,5,228,2009-01-23,EU,publisher
1267,4,323,2009-01-23,WW,developer
1267,4,228,2009-01-23,EU,publisher
1268,8,415,2011-05-17,WW,developer
1268,8,175,2011-05-17,NA,publisher
1268,8,348,2011-05-17,EU,publisher
1268,8,400,2011-05-17,JP,publisher
1268,4,415,2011-05-17,WW,developer
1268,4,175,2011-05-17,NA,publisher
1268,4,348,2011-05-17,EU,publisher
1268,4,400,2011-05-17,JP,publisher
1270,4,68,2013-03-05,WW,developer
1270,4,42,2013-03-05,NA,publisher
1270,8,68,2013-08-29,WW,developer
1270,8,42,2013-08-29,NA,publisher
1271,4,82,2010-09-22,WW,developer
1271,4,82,2010-09-22,EU,publisher
1271,6,82,2010-09-22,WW,developer
1271,6,82,2010-09-22,EU,publisher
1272,4,319,1999-11-19,WW,developer
1273,31,438,1998-12-02,WW,developer
1273,31,438,1998-12-02,JP,publisher
1274,5,400,2008-06-19,WW,developer
1274,5,6,2008-06-19,JP,publisher
1275,4,648,2006-10-05,WW,developer
1275,4,405,2006-10-05,NA,publisher
1276,31,723,1999-12-09,WW,developer
1276,31,723,1999-12-09,JP,publisher
1278,22,395,2006-01-26,WW,developer
1279,6,665,2007-07-17,WW,developer
1279,6,288,2007-07-17,NA,publisher
1280,4,33,1997-10-15,WW,developer
1280,4,33,1997-10-15,NA,publisher
1280,67,33,1997-10-15,WW,developer
1280,67,33,1997-10-15,NA,publisher
1280,31,33,1997-10-15,WW,developer
1280,31,33,1997-10-15,NA,publisher
1281,5,556,2009-02-20,WW,developer
1281,5,228,2009-02-20,EU,publisher
1281,4,556,2009-02-20,WW,developer
1281,4,228,2009-02-20,EU,publisher
1282,27,33,2005-09-30,NA,publisher
1282,4,33,2005-09-30,NA,publisher
1283,6,297,2008-03-11,WW,developer
1284,4,188,2009-02-19,NA,publisher
1284,8,188,2009-02-19,NA,publisher
1285,6,1065,2011-02-03,WW,developer
1285,5,1065,2011-02-03,WW,developer
1286,22,667,2008-12-05,WW,developer
1286,22,667,2008-12-05,EU,publisher
1287,23,497,2006-11-14,WW,developer
1287,23,188,2006-11-14,NA,publisher
1287,6,497,2006-11-14,WW,developer
1287,6,188,2006-11-14,NA,publisher
1288,4,252,2000-09-26,WW,developer
1288,4,288,2000-09-26,NA,publisher
1290,4,717,2005-01-25,WW,developer
1290,4,501,2005-01-25,EU,publisher
1290,4,855,2005-01-25,NA,publisher
1531,4,485,2004-05-15,WW,developer
1531,4,777,2004-05-15,EU,publisher
1532,8,534,2010-06-25,WW,developer
1532,8,599,2010-06-25,NA,publisher
1532,22,534,2010-06-25,WW,developer
1532,22,599,2010-06-25,NA,publisher
1532,6,534,2010-06-25,WW,developer
1532,6,599,2010-06-25,NA,publisher
1532,4,534,2010-06-25,WW,developer
1532,4,599,2010-06-25,NA,publisher
1532,5,534,2010-06-25,WW,developer
1532,5,599,2010-06-25,NA,publisher
1532,23,534,2010-06-25,WW,developer
1532,23,599,2010-06-25,NA,publisher
1533,4,401,2011-10-05,WW,developer
1533,4,13,2011-10-05,NA,publisher
1534,4,340,2009-10-08,WW,developer
1534,4,340,2009-10-08,EU,publisher
1535,5,730,2008-07-24,WW,developer
1535,5,6,2008-07-24,JP,publisher
1537,4,305,2014-10-17,WW,developer
1537,4,305,2014-10-17,NA,publisher
1537,8,305,2014-10-17,WW,developer
1537,8,305,2014-10-17,NA,publisher
1537,24,305,2014-10-17,WW,developer
1537,24,305,2014-10-17,NA,publisher
1538,4,359,2003-08-30,WW,developer
1538,4,236,2003-08-30,EU,publisher
1539,23,920,1999-11-25,WW,developer
1539,4,920,1999-11-25,WW,developer
1540,4,390,2007-01-30,WW,developer
1540,6,390,2007-01-30,WW,developer
1429,23,706,2006-03-23,WW,developer
1429,4,706,2006-03-23,WW,developer
1430,4,278,2007-03-21,WW,developer
1430,4,188,2007-03-21,NA,publisher
1430,4,278,2007-03-21,JP,publisher
1430,5,278,2007-03-21,WW,developer
1430,5,188,2007-03-21,NA,publisher
1430,5,278,2007-03-21,JP,publisher
1432,22,779,2008-06-20,WW,developer
1432,22,1139,2008-06-20,EU,publisher
1433,4,706,2024-05-29,WW,developer
1433,4,706,2024-05-29,JP,publisher
1433,23,706,2024-05-29,WW,developer
1433,23,706,2024-05-29,JP,publisher
1434,4,1001,2006-04-28,WW,developer
1434,4,998,2006-04-28,NA,publisher
1435,4,111,1999-12-22,JP,publisher
1435,29,111,1999-12-22,JP,publisher
1436,8,775,2008-01-16,WW,developer
1436,8,775,2008-01-16,NA,publisher
1436,4,775,2008-01-16,WW,developer
1436,4,775,2008-01-16,NA,publisher
1401,4,354,1998-10-16,WW,developer
1401,62,354,1998-10-16,WW,developer
1402,4,257,2010-08-02,WW,developer
1402,4,13,2010-08-02,NA,publisher
1405,4,841,2006-01-18,WW,developer
1405,4,572,2006-01-18,NA,publisher
1405,8,841,2006-01-18,WW,developer
1405,8,572,2006-01-18,NA,publisher
1406,6,182,2013-04-23,EU,publisher
1406,4,182,2013-04-23,EU,publisher
1407,22,1399,2006-11-06,WW,developer
1407,22,92,2006-11-06,JP,publisher
1409,4,731,2004-09-28,WW,developer
1412,8,490,2006-09-29,WW,developer
1412,8,490,2006-09-29,EU,publisher
1412,4,490,2006-09-29,WW,developer
1412,4,490,2006-09-29,EU,publisher
1413,5,358,2008-03-19,WW,developer
1413,5,358,2008-03-19,JP,publisher
1414,8,82,2008-05-30,WW,developer
1414,8,82,2008-05-30,EU,publisher
1414,4,82,2008-05-30,WW,developer
1414,4,82,2008-05-30,EU,publisher
1414,6,82,2008-05-30,WW,developer
1414,6,82,2008-05-30,EU,publisher
1415,5,219,2009-02-13,WW,developer
1415,5,771,2009-02-13,WW,developer
1415,5,405,2009-02-13,NA,publisher
1415,22,219,2009-02-13,WW,developer
1415,22,771,2009-02-13,WW,developer
1415,22,405,2009-02-13,NA,publisher
1415,4,219,2009-02-13,WW,developer
1415,4,771,2009-02-13,WW,developer
1415,4,405,2009-02-13,NA,publisher
1415,6,219,2009-02-13,WW,developer
1415,6,771,2009-02-13,WW,developer
1415,6,405,2009-02-13,NA,publisher
1417,22,670,2006-12-14,WW,developer
1417,22,56,2006-12-14,JP,publisher
1421,27,40,2001-09-14,WW,developer
1421,27,410,2001-09-14,WW,developer
1421,27,6,2001-09-14,JP,publisher
1422,16,248,2022-12-01,WW,developer
1422,16,56,2022-12-01,JP,publisher
1422,4,248,2022-12-01,WW,developer
1422,4,56,2022-12-01,JP,publisher
1422,28,248,2022-12-01,WW,developer
1422,28,56,2022-12-01,JP,publisher
1422,75,248,2022-12-01,WW,developer
1422,75,56,2022-12-01,JP,publisher
1423,22,601,2007-08-30,WW,developer
1424,4,80,2001-06-12,WW,developer
1424,4,960,2001-06-12,WW,developer
1424,4,42,2001-06-12,NA,publisher
1426,4,747,2001-03-15,WW,developer
1426,4,212,2001-03-15,NA,publisher
1427,4,390,2008-01-25,WW,developer
1428,81,408,2018-09-13,WW,developer
1428,81,408,2018-09-13,NA,publisher
1428,4,408,2018-09-13,WW,developer
1428,4,408,2018-09-13,NA,publisher
1428,33,408,2018-09-13,WW,developer
1428,33,408,2018-09-13,NA,publisher
1428,8,408,2018-09-13,WW,developer
1428,8,408,2018-09-13,NA,publisher
1437,6,476,2008-01-21,WW,developer
1437,6,42,2008-01-21,NA,publisher
1437,4,476,2008-01-21,WW,developer
1437,4,42,2008-01-21,NA,publisher
1437,106,476,2008-01-21,WW,developer
1437,106,42,2008-01-21,NA,publisher
1438,5,180,2009-04-03,WW,developer
1438,5,135,2009-04-03,NA,publisher
1439,6,739,2007-11-02,WW,developer
1439,6,11,2007-11-02,NA,publisher
1440,6,768,2007-10-30,WW,developer
1440,6,11,2007-10-30,NA,publisher
1441,4,583,2015-01-29,WW,developer
1441,4,583,2015-01-29,JP,publisher
1441,8,583,2015-01-29,WW,developer
1441,8,583,2015-01-29,JP,publisher
1445,23,383,2005-01-01,WW,developer
1445,23,383,2005-01-01,JP,publisher
1445,4,383,2005-01-01,WW,developer
1445,4,383,2005-01-01,JP,publisher
1446,22,809,2010-09-07,WW,developer
1446,22,599,2010-09-07,NA,publisher
1446,5,809,2010-09-07,WW,developer
1446,5,599,2010-09-07,NA,publisher
1447,4,564,2013-03-21,WW,developer
1447,6,564,2013-03-21,WW,developer
1447,16,564,2013-03-21,WW,developer
1448,23,527,2010-01-01,WW,developer
1448,23,527,2010-01-01,JP,publisher
1448,33,527,2010-01-01,WW,developer
1448,33,527,2010-01-01,JP,publisher
1448,8,527,2010-01-01,WW,developer
1448,8,527,2010-01-01,JP,publisher
1448,4,527,2010-01-01,WW,developer
1448,4,527,2010-01-01,JP,publisher
1449,4,1084,2005-11-24,WW,developer
1449,4,149,2005-11-24,EU,publisher
1450,6,228,2002-09-30,EU,publisher
1450,27,228,2002-09-30,EU,publisher
1450,4,228,2002-09-30,EU,publisher
1451,94,533,2001-10-12,WW,developer
1451,94,228,2001-10-12,EU,publisher
1451,4,533,2001-10-12,WW,developer
1451,4,228,2001-10-12,EU,publisher
1452,5,479,2024-11-19,WW,developer
1452,5,585,2024-11-19,WW,developer
1452,5,42,2024-11-19,NA,publisher
1452,4,479,2024-11-19,WW,developer
1452,4,585,2024-11-19,WW,developer
1452,4,42,2024-11-19,NA,publisher
1452,22,479,2024-11-19,WW,developer
1452,22,585,2024-11-19,WW,developer
1452,22,42,2024-11-19,NA,publisher
1453,5,1134,2008-10-15,WW,developer
1453,5,92,2008-10-15,JP,publisher
1453,6,1134,2008-10-15,WW,developer
1453,6,92,2008-10-15,JP,publisher
1453,22,1134,2008-10-15,WW,developer
1453,22,92,2008-10-15,JP,publisher
1454,22,299,2004-12-02,WW,developer
1454,22,6,2004-12-02,JP,publisher
1458,4,708,2007-09-27,WW,developer
1458,6,708,2007-09-27,WW,developer
1459,4,399,1997-09-24,WW,developer
1459,4,42,1997-09-24,NA,publisher
1461,24,1061,2022-12-24,WW,developer
1461,94,1061,2022-12-24,WW,developer
1461,10,1061,2022-12-24,WW,developer
1461,42,1061,2022-12-24,WW,developer
1462,5,148,2007-06-08,WW,developer
1462,5,451,2007-06-08,JP,publisher
1463,4,262,2008-12-04,WW,developer
1463,5,262,2008-12-04,WW,developer
1463,23,262,2008-12-04,WW,developer
1463,6,262,2008-12-04,WW,developer
1461,4,1061,2022-12-24,WW,developer
1452,8,479,2024-11-19,WW,developer
1452,8,585,2024-11-19,WW,developer
1452,8,42,2024-11-19,NA,publisher
1460,88,8,1996-03-22,WW,developer
1460,88,8,1996-03-22,JP,publisher
1465,28,40,1995-08-05,WW,developer
1465,28,6,1995-08-05,JP,publisher
1465,102,40,1995-08-05,WW,developer
1465,102,6,1995-08-05,JP,publisher
1466,66,751,2007-08-28,WW,developer
1466,66,713,2007-08-28,NA,publisher
1466,16,751,2007-08-28,WW,developer
1466,16,713,2007-08-28,NA,publisher
1466,5,751,2007-08-28,WW,developer
1466,5,713,2007-08-28,NA,publisher
1466,23,751,2007-08-28,WW,developer
1466,23,713,2007-08-28,NA,publisher
1466,6,751,2007-08-28,WW,developer
1466,6,713,2007-08-28,NA,publisher
1467,4,188,2010-09-02,NA,publisher
1468,31,40,1996-12-14,WW,developer
1468,31,6,1996-12-14,JP,publisher
1468,16,40,1996-12-14,WW,developer
1468,16,6,1996-12-14,JP,publisher
1469,6,338,2008-05-22,WW,developer
1469,5,338,2008-05-22,WW,developer
1469,4,338,2008-05-22,WW,developer
1469,8,338,2008-05-22,WW,developer
1470,23,199,2007-05-25,WW,developer
1470,23,1134,2007-05-25,WW,developer
1471,4,383,2007-08-24,WW,developer
1471,4,383,2007-08-24,JP,publisher
1472,8,254,2003-07-18,WW,developer
1472,4,254,2003-07-18,WW,developer
1473,94,161,1997-11-14,WW,developer
1473,94,1499,1997-11-14,NA,publisher
1473,4,161,1997-11-14,WW,developer
1473,4,1499,1997-11-14,NA,publisher
1473,8,161,1997-11-14,WW,developer
1473,8,1499,1997-11-14,NA,publisher
1474,4,420,2004-12-30,WW,developer
1474,4,420,2004-12-30,JP,publisher
1475,4,420,2009-08-15,WW,developer
1475,4,420,2009-08-15,JP,publisher
1476,27,8,2000-02-03,WW,developer
1476,27,8,2000-02-03,JP,publisher
1476,6,8,2000-02-03,WW,developer
1476,6,8,2000-02-03,JP,publisher
1476,23,8,2000-02-03,WW,developer
1476,23,8,2000-02-03,JP,publisher
1477,66,40,2011-11-03,WW,developer
1477,66,868,2011-11-03,WW,developer
1477,66,6,2011-11-03,JP,publisher
1481,8,104,2001-04-21,WW,developer
1481,8,312,2001-04-21,WW,developer
1481,8,312,2001-04-21,EU,publisher
1481,8,467,2001-04-21,NA,publisher
1481,8,635,2001-04-21,NA,publisher
1481,94,104,2001-04-21,WW,developer
1481,94,312,2001-04-21,WW,developer
1481,94,312,2001-04-21,EU,publisher
1481,94,467,2001-04-21,NA,publisher
1481,94,635,2001-04-21,NA,publisher
1481,4,104,2001-04-21,WW,developer
1481,4,312,2001-04-21,WW,developer
1481,4,312,2001-04-21,EU,publisher
1481,4,467,2001-04-21,NA,publisher
1481,4,635,2001-04-21,NA,publisher
1482,6,118,2011-06-23,WW,developer
1482,6,11,2011-06-23,NA,publisher
1483,22,395,2007-02-15,WW,developer
1484,4,13,1999-02-27,NA,publisher
1487,8,988,2010-12-10,NA,publisher
1487,4,988,2010-12-10,NA,publisher
1487,5,988,2010-12-10,NA,publisher
1487,22,988,2010-12-10,NA,publisher
1488,6,33,2007-11-12,NA,publisher
1488,4,33,2007-11-12,NA,publisher
1490,27,370,2001-11-24,WW,developer
1490,27,6,2001-11-24,JP,publisher
1492,5,8,2007-11-13,WW,developer
1492,5,8,2007-11-13,JP,publisher
1492,6,8,2007-11-13,WW,developer
1492,6,8,2007-11-13,JP,publisher
1493,87,354,1998-03-19,WW,developer
1493,87,354,1998-03-19,JP,publisher
1493,62,354,1998-03-19,WW,developer
1493,62,354,1998-03-19,JP,publisher
1494,27,280,2004-03-23,WW,developer
1494,6,280,2004-03-23,WW,developer
1494,4,280,2004-03-23,WW,developer
1495,68,57,2010-11-03,NA,publisher
1495,68,1041,2010-11-03,EU,publisher
1495,23,57,2010-11-03,NA,publisher
1495,23,1041,2010-11-03,EU,publisher
1495,32,57,2010-11-03,NA,publisher
1495,32,1041,2010-11-03,EU,publisher
1495,49,57,2010-11-03,NA,publisher
1495,49,1041,2010-11-03,EU,publisher
1495,51,57,2010-11-03,NA,publisher
1495,51,1041,2010-11-03,EU,publisher
1495,6,57,2010-11-03,NA,publisher
1495,6,1041,2010-11-03,EU,publisher
1495,67,57,2010-11-03,NA,publisher
1495,67,1041,2010-11-03,EU,publisher
1495,61,57,2010-11-03,NA,publisher
1495,61,1041,2010-11-03,EU,publisher
1495,4,57,2010-11-03,NA,publisher
1495,4,1041,2010-11-03,EU,publisher
1495,33,57,2010-11-03,NA,publisher
1495,33,1041,2010-11-03,EU,publisher
1495,52,57,2010-11-03,NA,publisher
1495,52,1041,2010-11-03,EU,publisher
1496,4,334,2012-12-12,WW,developer
1496,4,334,2012-12-12,EU,publisher
1496,8,334,2012-12-12,WW,developer
1496,8,334,2012-12-12,EU,publisher
1487,66,988,2010-12-10,NA,publisher
1497,4,206,2001-08-31,WW,developer
1497,4,206,2001-08-31,JP,publisher
1498,4,206,2004-07-23,WW,developer
1498,4,206,2004-07-23,JP,publisher
1499,22,8,2010-09-30,WW,developer
1499,22,8,2010-09-30,JP,publisher
1500,27,8,2019-05-21,WW,developer
1500,27,8,2019-05-21,JP,publisher
1500,5,8,2019-05-21,WW,developer
1500,5,8,2019-05-21,JP,publisher
1500,6,8,2019-05-21,WW,developer
1500,6,8,2019-05-21,JP,publisher
1500,4,8,2019-05-21,WW,developer
1500,4,8,2019-05-21,JP,publisher
1502,22,648,2011-04-28,WW,developer
1502,5,648,2011-04-28,WW,developer
1502,6,648,2011-04-28,WW,developer
1503,8,390,2004-02-04,WW,developer
1503,22,390,2004-02-04,WW,developer
1503,4,390,2004-02-04,WW,developer
1503,27,390,2004-02-04,WW,developer
1503,23,390,2004-02-04,WW,developer
1504,6,92,2003-02-13,WW,developer
1504,6,1153,2003-02-13,WW,developer
1504,6,92,2003-02-13,JP,publisher
1504,4,92,2003-02-13,WW,developer
1504,4,1153,2003-02-13,WW,developer
1504,4,92,2003-02-13,JP,publisher
1505,66,390,2011-07-14,WW,developer
1505,23,390,2011-07-14,WW,developer
1505,5,390,2011-07-14,WW,developer
1505,22,390,2011-07-14,WW,developer
1506,5,6,1993-07-14,WW,developer
1506,5,40,1993-07-14,WW,developer
1506,5,6,1993-07-14,JP,publisher
1506,28,6,1993-07-14,WW,developer
1506,28,40,1993-07-14,WW,developer
1506,28,6,1993-07-14,JP,publisher
1507,4,92,2001-01-01,WW,developer
1507,4,92,2001-01-01,JP,publisher
1508,5,673,2007-05-25,WW,developer
1508,5,6,2007-05-25,JP,publisher
1509,32,40,1993-12-01,WW,developer
1509,32,6,1993-12-01,JP,publisher
1509,67,40,1993-12-01,WW,developer
1509,67,6,1993-12-01,JP,publisher
1510,4,803,2005-01-04,WW,developer
1510,4,66,2005-01-04,EU,publisher
1510,8,803,2005-01-04,WW,developer
1510,8,66,2005-01-04,EU,publisher
1511,16,40,1992-08-27,WW,developer
1511,16,6,1992-08-27,JP,publisher
1511,28,40,1992-08-27,WW,developer
1511,28,6,1992-08-27,JP,publisher
1512,4,188,2004-09-20,NA,publisher
1514,4,412,2012-11-06,WW,developer
1514,4,412,2012-11-06,EU,publisher
1514,8,412,2012-11-06,WW,developer
1514,8,412,2012-11-06,EU,publisher
1516,22,560,2006-01-26,WW,developer
1516,22,6,2006-01-26,JP,publisher
1517,5,248,1996-03-09,WW,developer
1517,5,6,1996-03-09,JP,publisher
1517,102,248,1996-03-09,WW,developer
1517,102,6,1996-03-09,JP,publisher
1517,28,248,1996-03-09,WW,developer
1517,28,6,1996-03-09,JP,publisher
1517,16,248,1996-03-09,WW,developer
1517,16,6,1996-03-09,JP,publisher
1520,32,518,1997-08-31,WW,developer
1520,67,518,1997-08-31,WW,developer
1520,24,518,1997-08-31,WW,developer
1520,4,518,1997-08-31,WW,developer
1521,22,40,2005-06-30,WW,developer
1521,22,6,2005-06-30,JP,publisher
1521,16,40,2005-06-30,WW,developer
1521,16,6,2005-06-30,JP,publisher
1522,22,535,2006-08-24,WW,developer
1522,22,667,2006-08-24,EU,publisher
1522,22,827,2006-08-24,JP,publisher
1522,22,975,2006-08-24,JP,publisher
1523,6,42,2011-03-08,NA,publisher
1523,8,42,2011-03-08,NA,publisher
1523,4,42,2011-03-08,NA,publisher
1526,4,418,2004-01-01,WW,developer
1526,4,867,2004-01-01,JP,publisher
1526,4,1432,2004-01-01,JP,publisher
1527,31,687,1999-07-31,WW,developer
1527,4,687,1999-07-31,WW,developer
1528,94,517,1998-01-01,WW,developer
1528,94,802,1998-01-01,WW,developer
1528,94,517,1998-01-01,NA,publisher
1528,4,517,1998-01-01,WW,developer
1528,4,802,1998-01-01,WW,developer
1528,4,517,1998-01-01,NA,publisher
1528,8,517,1998-01-01,WW,developer
1528,8,802,1998-01-01,WW,developer
1528,8,517,1998-01-01,NA,publisher
1529,4,219,2000-01-01,WW,developer
1529,4,657,2000-01-01,WW,developer
1529,4,355,2000-01-01,NA,publisher
1530,21,545,1985-01-30,WW,developer
1530,21,6,1985-01-30,JP,publisher
1530,26,545,1985-01-30,WW,developer
1530,26,6,1985-01-30,JP,publisher
1541,94,259,1998-08-21,WW,developer
1541,94,16,1998-08-21,NA,publisher
1541,94,259,1998-08-21,NA,publisher
1541,31,259,1998-08-21,WW,developer
1541,31,16,1998-08-21,NA,publisher
1541,31,259,1998-08-21,NA,publisher
1541,4,259,1998-08-21,WW,developer
1541,4,16,1998-08-21,NA,publisher
1541,4,259,1998-08-21,NA,publisher
1542,27,390,2011-03-04,WW,developer
1542,27,991,2011-03-04,WW,developer
1542,4,390,2011-03-04,WW,developer
1542,4,991,2011-03-04,WW,developer
1542,6,390,2011-03-04,WW,developer
1542,6,991,2011-03-04,WW,developer
1543,23,787,2004-12-12,WW,developer
1543,23,166,2004-12-12,JP,publisher
1543,4,787,2004-12-12,WW,developer
1543,4,166,2004-12-12,JP,publisher
1543,6,787,2004-12-12,WW,developer
1543,6,166,2004-12-12,JP,publisher
1544,6,495,2007-09-28,WW,developer
1544,6,14,2007-09-28,EU,publisher
1544,8,495,2007-09-28,WW,developer
1544,8,14,2007-09-28,EU,publisher
1544,4,495,2007-09-28,WW,developer
1544,4,14,2007-09-28,EU,publisher
1545,4,197,1998-11-30,WW,developer
1545,4,42,1998-11-30,NA,publisher
1546,8,803,2004-08-27,WW,developer
1546,8,66,2004-08-27,EU,publisher
1546,8,782,2004-08-27,EU,publisher
1546,4,803,2004-08-27,WW,developer
1546,4,66,2004-08-27,EU,publisher
1546,4,782,2004-08-27,EU,publisher
1547,22,131,2009-03-26,WW,developer
1547,4,131,2009-03-26,WW,developer
1547,5,131,2009-03-26,WW,developer
1547,6,131,2009-03-26,WW,developer
1550,27,390,2012-10-02,WW,developer
1550,6,390,2012-10-02,WW,developer
1550,4,390,2012-10-02,WW,developer
1551,4,336,2008-09-23,WW,developer
1551,4,17,2008-09-23,NA,publisher
1551,8,336,2008-09-23,WW,developer
1551,8,17,2008-09-23,NA,publisher
1552,62,354,1996-07-30,WW,developer
1553,22,271,2006-06-15,WW,developer
1553,22,271,2006-06-15,JP,publisher
1554,6,354,2009-04-10,WW,developer
1554,6,354,2009-04-10,JP,publisher
1555,4,396,2008-01-22,WW,developer
1555,4,975,2008-01-22,JP,publisher
1555,6,396,2008-01-22,WW,developer
1555,6,975,2008-01-22,JP,publisher
1555,5,396,2008-01-22,WW,developer
1555,5,975,2008-01-22,JP,publisher
1556,31,33,1997-03-31,WW,developer
1556,31,33,1997-03-31,NA,publisher
1556,31,231,1997-03-31,NA,publisher
1556,4,33,1997-03-31,WW,developer
1556,4,33,1997-03-31,NA,publisher
1556,4,231,1997-03-31,NA,publisher
1557,62,354,1997-07-28,WW,developer
1557,62,354,1997-07-28,JP,publisher
1558,28,34,1996-08-01,WW,developer
1558,28,6,1996-08-01,JP,publisher
1558,5,34,1996-08-01,WW,developer
1558,5,6,1996-08-01,JP,publisher
1558,16,34,1996-08-01,WW,developer
1558,16,6,1996-08-01,JP,publisher
1559,62,354,2003-01-01,WW,developer
1559,62,354,2003-01-01,JP,publisher
1560,4,593,2004-06-01,WW,developer
1562,62,354,2000-07-26,WW,developer
1562,62,354,2000-07-26,JP,publisher
1563,28,304,1995-11-20,WW,developer
1563,28,6,1995-11-20,JP,publisher
1563,54,304,1995-11-20,WW,developer
1563,54,6,1995-11-20,JP,publisher
1563,16,304,1995-11-20,WW,developer
1563,16,6,1995-11-20,JP,publisher
1564,6,787,2011-06-14,WW,developer
1658,22,92,2009-09-03,WW,developer
1658,22,92,2009-09-03,JP,publisher
1659,10,8,2007-01-19,WW,developer
1659,10,416,2007-01-19,JP,publisher
1659,24,8,2007-01-19,WW,developer
1659,24,416,2007-01-19,JP,publisher
1659,32,8,2007-01-19,WW,developer
1659,32,416,2007-01-19,JP,publisher
1659,71,8,2007-01-19,WW,developer
1659,71,416,2007-01-19,JP,publisher
1659,28,8,2007-01-19,WW,developer
1659,28,416,2007-01-19,JP,publisher
1659,48,8,2007-01-19,WW,developer
1659,48,416,2007-01-19,JP,publisher
1659,5,8,2007-01-19,WW,developer
1659,5,416,2007-01-19,JP,publisher
1659,63,8,2007-01-19,WW,developer
1659,63,416,2007-01-19,JP,publisher
1660,8,335,1999-03-16,WW,developer
1660,8,335,1999-03-16,NA,publisher
1660,4,335,1999-03-16,WW,developer
1660,4,335,1999-03-16,NA,publisher
1662,5,40,2009-06-25,WW,developer
1662,5,6,2009-06-25,JP,publisher
1663,22,811,2010-03-26,WW,developer
1663,22,228,2010-03-26,EU,publisher
1663,4,811,2010-03-26,WW,developer
1663,4,228,2010-03-26,EU,publisher
1663,5,811,2010-03-26,WW,developer
1663,5,228,2010-03-26,EU,publisher
1664,6,78,2007-12-06,WW,developer
1664,6,11,2007-12-06,NA,publisher
1665,8,500,2008-12-08,WW,developer
1665,8,500,2008-12-08,NA,publisher
1665,4,500,2008-12-08,WW,developer
1665,4,500,2008-12-08,NA,publisher
1666,6,983,2008-09-09,WW,developer
1666,6,33,2008-09-09,NA,publisher
1666,5,983,2008-09-09,WW,developer
1666,5,33,2008-09-09,NA,publisher
1668,8,1209,2010-01-22,WW,developer
1668,92,1209,2010-01-22,WW,developer
1668,22,1209,2010-01-22,WW,developer
1668,4,1209,2010-01-22,WW,developer
1669,62,354,1996-01-26,WW,developer
1669,62,354,1996-01-26,JP,publisher
1669,87,354,1996-01-26,WW,developer
1669,87,354,1996-01-26,JP,publisher
1670,23,354,1999-01-28,WW,developer
1671,23,363,2005-12-15,WW,developer
1671,23,363,2005-12-15,JP,publisher
1671,22,363,2005-12-15,WW,developer
1671,22,363,2005-12-15,JP,publisher
1672,4,63,1997-10-31,WW,developer
1672,4,63,1997-10-31,NA,publisher
1672,8,63,1997-10-31,WW,developer
1672,8,63,1997-10-31,NA,publisher
1673,87,354,1997-01-28,WW,developer
1673,87,354,1997-01-28,JP,publisher
1673,62,354,1997-01-28,WW,developer
1673,62,354,1997-01-28,JP,publisher
1674,5,6,2011-06-13,WW,developer
1674,5,262,2011-06-13,WW,developer
1674,5,299,2011-06-13,WW,developer
1674,5,6,2011-06-13,JP,publisher
1675,8,250,2000-06-29,WW,developer
1675,8,212,2000-06-29,NA,publisher
1675,4,250,2000-06-29,WW,developer
1675,4,212,2000-06-29,NA,publisher
1675,94,250,2000-06-29,WW,developer
1675,94,212,2000-06-29,NA,publisher
1676,4,86,2010-03-02,WW,developer
1676,4,56,2010-03-02,JP,publisher
1676,8,86,2010-03-02,WW,developer
1676,8,56,2010-03-02,JP,publisher
1679,4,252,2006-04-24,WW,developer
1679,4,288,2006-04-24,NA,publisher
1679,22,252,2006-04-24,WW,developer
1679,22,288,2006-04-24,NA,publisher
1679,27,252,2006-04-24,WW,developer
1679,27,288,2006-04-24,NA,publisher
1679,23,252,2006-04-24,WW,developer
1679,23,288,2006-04-24,NA,publisher
1680,6,8,2012-01-26,WW,developer
1680,6,585,2012-01-26,WW,developer
1680,6,8,2012-01-26,JP,publisher
1680,66,8,2012-01-26,WW,developer
1680,66,585,2012-01-26,WW,developer
1680,66,8,2012-01-26,JP,publisher
1680,4,8,2012-01-26,WW,developer
1680,4,585,2012-01-26,WW,developer
1680,4,8,2012-01-26,JP,publisher
1680,16,8,2012-01-26,WW,developer
1680,16,585,2012-01-26,WW,developer
1680,16,8,2012-01-26,JP,publisher
1657,6,8,2002-03-07,WW,developer
1657,6,8,2002-03-07,JP,publisher
1569,4,219,2006-01-17,WW,developer
1569,4,228,2006-01-17,EU,publisher
1570,4,254,2008-04-30,WW,developer
1570,4,669,2008-04-30,NA,publisher
1572,5,34,2006-12-02,WW,developer
1572,5,560,2006-12-02,WW,developer
1572,5,6,2006-12-02,JP,publisher
1572,16,34,2006-12-02,WW,developer
1572,16,560,2006-12-02,WW,developer
1572,16,6,2006-12-02,JP,publisher
1573,27,34,2004-07-22,WW,developer
1573,27,6,2004-07-22,JP,publisher
1574,23,361,2010-07-22,WW,developer
1574,23,528,2010-07-22,JP,publisher
1575,6,547,2010-09-07,WW,developer
1575,6,547,2010-09-07,EU,publisher
1575,8,547,2010-09-07,WW,developer
1575,8,547,2010-09-07,EU,publisher
1575,4,547,2010-09-07,WW,developer
1575,4,547,2010-09-07,EU,publisher
1576,6,664,2010-09-28,WW,developer
1576,6,56,2010-09-28,JP,publisher
1576,4,664,2010-09-28,WW,developer
1576,4,56,2010-09-28,JP,publisher
1577,23,686,2010-08-26,WW,developer
1577,23,400,2010-08-26,JP,publisher
1578,27,567,2005-03-17,WW,developer
1578,27,166,2005-03-17,JP,publisher
1579,4,236,2001-02-28,WW,developer
1579,4,236,2001-02-28,EU,publisher
1580,4,368,2010-06-25,WW,developer
1580,6,368,2010-06-25,WW,developer
1581,4,510,2000-03-07,WW,developer
1581,4,367,2000-03-07,NA,publisher
1582,23,92,2006-01-01,JP,publisher
1583,6,740,2010-11-23,WW,developer
1583,6,400,2010-11-23,JP,publisher
1584,4,510,1999-01-01,WW,developer
1584,4,367,1999-01-01,NA,publisher
1585,6,56,2008-11-18,WW,developer
1585,6,56,2008-11-18,JP,publisher
1585,22,56,2008-11-18,WW,developer
1585,22,56,2008-11-18,JP,publisher
1586,4,265,2005-05-10,WW,developer
1586,4,822,2005-05-10,EU,publisher
1587,4,278,2007-03-21,WW,developer
1587,4,278,2007-03-21,JP,publisher
1587,23,278,2007-03-21,WW,developer
1587,23,278,2007-03-21,JP,publisher
1588,4,248,1999-11-18,WW,developer
1588,4,248,1999-11-18,JP,publisher
1589,66,680,2011-05-19,WW,developer
1589,66,800,2011-05-19,JP,publisher
1590,66,288,2011-03-27,WW,developer
1590,66,288,2011-03-27,NA,publisher
1591,22,443,2007-03-01,WW,developer
1591,22,443,2007-03-01,JP,publisher
1592,92,234,2011-04-27,WW,developer
1592,92,234,2011-04-27,EU,publisher
1595,4,518,2001-11-15,WW,developer
1595,4,13,2001-11-15,NA,publisher
1595,33,518,2001-11-15,WW,developer
1595,33,13,2001-11-15,NA,publisher
1595,8,518,2001-11-15,WW,developer
1595,8,13,2001-11-15,NA,publisher
1595,6,518,2001-11-15,WW,developer
1595,6,13,2001-11-15,NA,publisher
1596,16,23,2004-08-26,WW,developer
1596,16,6,2004-08-26,JP,publisher
1598,4,673,2007-10-02,WW,developer
1598,22,673,2007-10-02,WW,developer
1598,23,673,2007-10-02,WW,developer
1598,5,673,2007-10-02,WW,developer
1601,4,297,1997-09-30,WW,developer
1601,4,297,1997-09-30,NA,publisher
1602,23,616,2011-01-13,WW,developer
1602,23,443,2011-01-13,JP,publisher
1604,8,192,2001-02-21,WW,developer
1604,8,42,2001-02-21,NA,publisher
1604,4,192,2001-02-21,WW,developer
1604,4,42,2001-02-21,NA,publisher
1605,4,16,2000-03-29,NA,publisher
1606,4,214,2004-09-30,WW,developer
1606,4,88,2004-09-30,EU,publisher
1607,4,423,2011-04-28,WW,developer
1607,4,423,2011-04-28,JP,publisher
1607,4,1429,2011-04-28,JP,publisher
1607,4,1608,2011-04-28,JP,publisher
1608,4,32,2009-10-12,WW,developer
1608,4,247,2009-10-12,NA,publisher
1609,31,771,1999-11-05,WW,developer
1609,31,771,1999-11-05,JP,publisher
1610,62,592,1996-11-21,WW,developer
1610,62,354,1996-11-21,JP,publisher
1611,4,577,2009-11-25,WW,developer
1611,4,66,2009-11-25,EU,publisher
1612,31,21,2000-09-25,WW,developer
1612,31,6,2000-09-25,JP,publisher
1607,33,423,2011-04-28,WW,developer
1607,33,423,2011-04-28,JP,publisher
1607,33,1429,2011-04-28,JP,publisher
1607,33,1608,2011-04-28,JP,publisher
1610,66,592,1996-11-21,WW,developer
1610,66,354,1996-11-21,JP,publisher
1610,28,592,1996-11-21,WW,developer
1610,28,354,1996-11-21,JP,publisher
1615,22,681,2005-10-20,WW,developer
1615,22,6,2005-10-20,JP,publisher
1616,4,569,2009-04-21,WW,developer
1617,33,403,2011-06-23,WW,developer
1617,33,422,2011-06-23,JP,publisher
1617,6,403,2011-06-23,WW,developer
1617,6,422,2011-06-23,JP,publisher
1618,4,186,2008-07-11,WW,developer
1618,4,186,2008-07-11,JP,publisher
1620,4,662,2010-03-23,WW,developer
1620,4,228,2010-03-23,EU,publisher
1620,6,662,2010-03-23,WW,developer
1620,6,228,2010-03-23,EU,publisher
1621,40,446,1997-01-01,WW,developer
1621,40,449,1997-01-01,EU,publisher
1621,41,446,1997-01-01,WW,developer
1621,41,449,1997-01-01,EU,publisher
1622,4,446,1998-01-01,WW,developer
1622,4,305,1998-01-01,NA,publisher
1623,4,543,2004-10-05,WW,developer
1624,24,197,1996-12-12,WW,developer
1624,24,42,1996-12-12,NA,publisher
1625,94,512,2003-06-20,WW,developer
1625,8,512,2003-06-20,WW,developer
1625,4,512,2003-06-20,WW,developer
1626,4,203,2012-03-15,WW,developer
1626,4,42,2012-03-15,NA,publisher
1627,24,197,1996-10-31,WW,developer
1627,24,42,1996-10-31,NA,publisher
1627,4,197,1996-10-31,WW,developer
1627,4,42,1996-10-31,NA,publisher
1628,8,257,2006-06-06,WW,developer
1628,4,257,2006-06-06,WW,developer
1630,66,40,2011-12-01,WW,developer
1630,66,176,2011-12-01,WW,developer
1630,66,6,2011-12-01,JP,publisher
1631,5,180,2007-03-26,WW,developer
1631,5,42,2007-03-26,NA,publisher
1632,4,189,2004-11-26,WW,developer
1632,4,189,2004-11-26,JP,publisher
1633,23,249,2007-01-01,WW,developer
1633,23,400,2007-01-01,JP,publisher
1636,23,534,2005-09-01,WW,developer
1636,23,11,2005-09-01,NA,publisher
1637,23,727,1998-12-17,WW,developer
1637,23,117,1998-12-17,JP,publisher
1638,5,675,2009-07-23,WW,developer
1638,5,166,2009-07-23,JP,publisher
1639,94,287,1998-11-21,WW,developer
1639,94,228,1998-11-21,EU,publisher
1639,94,435,1998-11-21,JP,publisher
1639,94,1150,1998-11-21,EU,publisher
1639,4,287,1998-11-21,WW,developer
1639,4,228,1998-11-21,EU,publisher
1639,4,435,1998-11-21,JP,publisher
1639,4,1150,1998-11-21,EU,publisher
1640,4,236,2001-01-01,WW,developer
1640,4,236,2001-01-01,EU,publisher
1642,4,212,1998-03-19,NA,publisher
1643,67,304,1999-06-08,WW,developer
1643,67,304,1999-06-08,EU,publisher
1644,8,788,1996-03-31,WW,developer
1644,8,212,1996-03-31,NA,publisher
1644,24,788,1996-03-31,WW,developer
1644,24,212,1996-03-31,NA,publisher
1644,94,788,1996-03-31,WW,developer
1644,94,212,1996-03-31,NA,publisher
1644,4,788,1996-03-31,WW,developer
1644,4,212,1996-03-31,NA,publisher
1646,4,543,1999-10-31,WW,developer
1646,4,369,1999-10-31,EU,publisher
1646,31,543,1999-10-31,WW,developer
1646,31,369,1999-10-31,EU,publisher
1647,4,562,2009-10-16,WW,developer
1648,6,306,2010-03-16,WW,developer
1648,6,11,2010-03-16,NA,publisher
1650,6,11,2005-10-27,WW,developer
1650,6,119,2005-10-27,WW,developer
1650,6,11,2005-10-27,NA,publisher
1651,27,8,2003-03-27,WW,developer
1651,27,8,2003-03-27,JP,publisher
1652,31,105,1999-10-12,WW,developer
1652,4,105,1999-10-12,WW,developer
1653,4,228,2007-11-13,EU,publisher
1653,6,228,2007-11-13,EU,publisher
1654,5,445,2009-02-12,WW,developer
1654,5,620,2009-02-12,NA,publisher
1654,4,445,2009-02-12,WW,developer
1654,4,620,2009-02-12,NA,publisher
1655,4,418,2009-12-28,WW,developer
1655,4,314,2009-12-28,JP,publisher
1655,4,418,2009-12-28,JP,publisher
1655,4,867,2009-12-28,JP,publisher
1656,22,370,2009-09-18,WW,developer
1656,22,6,2009-09-18,JP,publisher
1816,23,117,1999-04-16,WW,developer
1816,23,117,1999-04-16,JP,publisher
1817,22,694,2006-11-13,WW,developer
1817,22,6,2006-11-13,JP,publisher
1817,16,694,2006-11-13,WW,developer
1817,16,6,2006-11-13,JP,publisher
1818,4,361,2000-12-29,WW,developer
1818,4,361,2000-12-29,JP,publisher
1820,4,390,2010-10-07,WW,developer
1820,92,390,2010-10-07,WW,developer
1820,23,390,2010-10-07,WW,developer
1820,5,390,2010-10-07,WW,developer
1681,6,432,2010-04-29,WW,developer
1681,23,432,2010-04-29,WW,developer
1681,22,432,2010-04-29,WW,developer
1681,5,432,2010-04-29,WW,developer
1682,4,140,2006-02-23,WW,developer
1682,4,57,2006-02-23,NA,publisher
1683,4,252,1998-03-25,WW,developer
1683,4,42,1998-03-25,NA,publisher
1684,4,252,1997-03-31,WW,developer
1684,4,42,1997-03-31,NA,publisher
1685,22,661,2007-10-30,WW,developer
1685,22,42,2007-10-30,NA,publisher
1685,23,661,2007-10-30,WW,developer
1685,23,42,2007-10-30,NA,publisher
1685,5,661,2007-10-30,WW,developer
1685,5,42,2007-10-30,NA,publisher
1685,6,661,2007-10-30,WW,developer
1685,6,42,2007-10-30,NA,publisher
1686,66,884,2011-08-11,WW,developer
1686,66,6,2011-08-11,JP,publisher
1687,22,21,2006-03-20,WW,developer
1687,22,6,2006-03-20,JP,publisher
1687,16,21,2006-03-20,WW,developer
1687,16,6,2006-03-20,JP,publisher
1688,22,1387,2005-10-01,WW,developer
1688,22,44,2005-10-01,EU,publisher
1688,5,1387,2005-10-01,WW,developer
1688,5,44,2005-10-01,EU,publisher
1688,8,1387,2005-10-01,WW,developer
1688,8,44,2005-10-01,EU,publisher
1688,4,1387,2005-10-01,WW,developer
1688,4,44,2005-10-01,EU,publisher
1690,26,169,2007-12-11,JP,publisher
1690,55,169,2007-12-11,JP,publisher
1691,5,83,2011-11-15,WW,developer
1691,5,6,2011-11-15,JP,publisher
1691,66,83,2011-11-15,WW,developer
1691,66,6,2011-11-15,JP,publisher
1692,4,470,2007-06-12,WW,developer
1692,5,470,2007-06-12,WW,developer
1693,4,479,2007-03-20,WW,developer
1693,4,42,2007-03-20,NA,publisher
1693,5,479,2007-03-20,WW,developer
1693,5,42,2007-03-20,NA,publisher
1693,6,479,2007-03-20,WW,developer
1693,6,42,2007-03-20,NA,publisher
1693,23,479,2007-03-20,WW,developer
1693,23,42,2007-03-20,NA,publisher
1694,4,184,2005-09-01,WW,developer
1694,4,184,2005-09-01,EU,publisher
1694,8,184,2005-09-01,WW,developer
1694,8,184,2005-09-01,EU,publisher
1695,4,615,2012-03-20,WW,developer
1695,4,8,2012-03-20,JP,publisher
1695,6,615,2012-03-20,WW,developer
1695,6,8,2012-03-20,JP,publisher
1696,24,328,1996-07-19,WW,developer
1696,24,42,1996-07-19,NA,publisher
1696,24,759,1996-07-19,JP,publisher
1696,4,328,1996-07-19,WW,developer
1696,4,42,1996-07-19,NA,publisher
1696,4,759,1996-07-19,JP,publisher
1698,22,83,2007-11-06,WW,developer
1698,22,6,2007-11-06,JP,publisher
1698,5,83,2007-11-06,WW,developer
1698,5,6,2007-11-06,JP,publisher
1699,22,481,2012-03-17,WW,developer
1699,22,6,2012-03-17,JP,publisher
1699,22,419,2012-03-17,JP,publisher
1700,5,40,1997-04-27,WW,developer
1700,5,6,1997-04-27,JP,publisher
1700,31,40,1997-04-27,WW,developer
1700,31,6,1997-04-27,JP,publisher
1700,76,40,1997-04-27,WW,developer
1700,76,6,1997-04-27,JP,publisher
1700,16,40,1997-04-27,WW,developer
1700,16,6,1997-04-27,JP,publisher
1702,4,386,2004-10-11,NA,publisher
1704,21,545,1986-12-19,WW,developer
1704,21,6,1986-12-19,JP,publisher
1704,66,545,1986-12-19,WW,developer
1704,66,6,1986-12-19,JP,publisher
1704,26,545,1986-12-19,WW,developer
1704,26,6,1986-12-19,JP,publisher
1705,6,117,2000-03-30,WW,developer
1705,6,11,2000-03-30,NA,publisher
1706,4,53,2005-10-24,WW,developer
1706,4,17,2005-10-24,NA,publisher
1707,4,1076,2004-06-22,WW,developer
1707,4,186,2004-06-22,JP,publisher
1707,4,237,2004-06-22,JP,publisher
1707,4,1190,2004-06-22,EU,publisher
1708,67,323,1998-01-31,WW,developer
1708,67,33,1998-01-31,NA,publisher
1708,4,323,1998-01-31,WW,developer
1708,4,33,1998-01-31,NA,publisher
1708,31,323,1998-01-31,WW,developer
1708,31,33,1998-01-31,NA,publisher
1709,4,141,2010-02-02,WW,developer
1709,4,57,2010-02-02,NA,publisher
1709,4,1469,2010-02-02,EU,publisher
1709,8,141,2012-01-31,WW,developer
1709,8,57,2012-01-31,NA,publisher
1709,8,1469,2012-01-31,EU,publisher
1710,23,423,2010-02-25,WW,developer
1710,23,362,2010-02-25,JP,publisher
1710,23,423,2010-02-25,JP,publisher
1710,23,1085,2010-02-25,JP,publisher
1710,4,423,2010-02-25,WW,developer
1710,4,362,2010-02-25,JP,publisher
1710,4,423,2010-02-25,JP,publisher
1710,4,1085,2010-02-25,JP,publisher
1712,4,250,2002-08-27,WW,developer
1712,4,212,2002-08-27,NA,publisher
1713,4,170,2006-01-01,WW,developer
1714,62,358,1997-01-01,WW,developer
1715,4,8,2009-02-19,WW,developer
1715,4,8,2009-02-19,JP,publisher
1715,5,8,2009-02-19,WW,developer
1715,5,8,2009-02-19,JP,publisher
1716,66,8,2011-06-02,WW,developer
1716,66,8,2011-06-02,JP,publisher
1717,4,824,2010-11-18,WW,developer
1717,4,117,2010-11-18,JP,publisher
1717,8,824,2010-11-18,WW,developer
1717,8,117,2010-11-18,JP,publisher
1717,92,824,2010-11-18,WW,developer
1717,92,117,2010-11-18,JP,publisher
1717,6,824,2010-11-18,WW,developer
1717,6,117,2010-11-18,JP,publisher
1718,4,302,2022-06-29,WW,developer
1718,4,1416,2022-06-29,WW,developer
1718,4,1424,2022-06-29,WW,developer
1718,4,817,2022-06-29,NA,publisher
1718,4,1416,2022-06-29,JP,publisher
1718,106,302,2022-06-29,WW,developer
1718,106,1416,2022-06-29,WW,developer
1718,106,1424,2022-06-29,WW,developer
1718,106,817,2022-06-29,NA,publisher
1718,106,1416,2022-06-29,JP,publisher
1719,67,232,2001-05-11,WW,developer
1719,67,6,2001-05-11,JP,publisher
1720,94,1029,1997-03-30,WW,developer
1720,94,345,1997-03-30,NA,publisher
1720,8,1029,1997-03-30,WW,developer
1720,8,345,1997-03-30,NA,publisher
1720,24,1029,1997-03-30,WW,developer
1720,24,345,1997-03-30,NA,publisher
1720,4,1029,1997-03-30,WW,developer
1720,4,345,1997-03-30,NA,publisher
1721,94,88,2000-06-01,EU,publisher
1721,4,88,2000-06-01,EU,publisher
1722,22,866,2007-05-17,WW,developer
1722,22,6,2007-05-17,JP,publisher
1724,23,564,2007-03-26,WW,developer
1724,23,354,2007-03-26,JP,publisher
1724,5,564,2007-03-26,WW,developer
1724,5,354,2007-03-26,JP,publisher
1725,5,390,2009-01-08,WW,developer
1727,5,40,2009-10-01,WW,developer
1727,5,6,2009-10-01,JP,publisher
1728,23,585,2006-08-13,WW,developer
1728,23,8,2006-08-13,JP,publisher
1729,94,955,1997-08-31,WW,developer
1729,94,1032,1997-08-31,WW,developer
1729,94,427,1997-08-31,NA,publisher
1729,94,955,1997-08-31,NA,publisher
1729,8,955,1997-08-31,WW,developer
1729,8,1032,1997-08-31,WW,developer
1729,8,427,1997-08-31,NA,publisher
1729,8,955,1997-08-31,NA,publisher
1729,4,955,1997-08-31,WW,developer
1729,4,1032,1997-08-31,WW,developer
1729,4,427,1997-08-31,NA,publisher
1729,4,955,1997-08-31,NA,publisher
1730,4,251,2005-04-05,WW,developer
1731,22,353,2009-01-22,WW,developer
1731,5,353,2009-01-22,WW,developer
1732,32,589,2020-01-22,WW,developer
1732,32,8,2020-01-22,JP,publisher
1732,32,589,2020-01-22,JP,publisher
1732,32,524,2020-01-22,NA,publisher
1732,26,589,2020-01-22,WW,developer
1732,26,8,2020-01-22,JP,publisher
1732,26,589,2020-01-22,JP,publisher
1732,26,524,2020-01-22,NA,publisher
1733,24,1423,2013-04-17,WW,developer
1733,91,1423,2013-04-17,WW,developer
1733,8,1423,2013-04-17,WW,developer
1734,23,360,2009-10-01,WW,developer
1734,23,11,2009-10-01,NA,publisher
1735,6,8,2010-01-14,WW,developer
1735,6,8,2010-01-14,JP,publisher
1735,5,8,2010-01-14,WW,developer
1735,5,8,2010-01-14,JP,publisher
1736,6,8,2005-07-21,WW,developer
1736,6,8,2005-07-21,JP,publisher
1737,4,883,2007-04-24,WW,developer
1737,4,228,2007-04-24,EU,publisher
1737,5,883,2007-04-24,WW,developer
1737,5,228,2007-04-24,EU,publisher
1737,22,883,2007-04-24,WW,developer
1737,22,228,2007-04-24,EU,publisher
1737,27,883,2007-04-24,WW,developer
1737,27,228,2007-04-24,EU,publisher
1738,4,946,2012-12-18,WW,developer
1738,4,946,2012-12-18,EU,publisher
1739,65,117,1999-06-17,WW,developer
1739,65,117,1999-06-17,JP,publisher
1739,65,400,1999-06-17,JP,publisher
1740,45,80,1999-10-31,WW,developer
1740,45,960,1999-10-31,WW,developer
1740,45,42,1999-10-31,NA,publisher
1740,45,463,1999-10-31,EU,publisher
1740,45,1150,1999-10-31,EU,publisher
1741,6,616,2009-02-05,WW,developer
1741,6,91,2009-02-05,JP,publisher
1743,32,370,1992-04-27,WW,developer
1743,32,6,1992-04-27,JP,publisher
1744,26,370,1993-03-23,WW,developer
1744,26,6,1993-03-23,JP,publisher
1745,5,739,2009-10-27,WW,developer
1745,6,739,2009-10-27,WW,developer
1746,22,263,2008-09-13,WW,developer
1746,22,6,2008-09-13,JP,publisher
1747,4,929,2010-09-29,WW,developer
1747,4,13,2010-09-29,NA,publisher
1747,6,929,2010-09-29,WW,developer
1747,6,13,2010-09-29,NA,publisher
1748,27,353,2004-04-08,WW,developer
1748,8,353,2004-04-08,WW,developer
1748,4,353,2004-04-08,WW,developer
1749,4,418,2014-06-06,WW,developer
1749,4,867,2014-06-06,JP,publisher
1749,4,1179,2014-06-06,JP,publisher
1749,22,418,2014-06-06,WW,developer
1749,22,867,2014-06-06,JP,publisher
1749,22,1179,2014-06-06,JP,publisher
1750,66,34,2004-12-02,WW,developer
1750,66,560,2004-12-02,WW,developer
1750,66,6,2004-12-02,JP,publisher
1750,22,34,2004-12-02,WW,developer
1750,22,560,2004-12-02,WW,developer
1750,22,6,2004-12-02,JP,publisher
1750,16,34,2004-12-02,WW,developer
1750,16,560,2004-12-02,WW,developer
1750,16,6,2004-12-02,JP,publisher
1786,67,534,1999-01-01,WW,developer
1786,67,405,1999-01-01,NA,publisher
1787,4,510,1998-04-30,WW,developer
1787,4,367,1998-04-30,NA,publisher
1788,4,182,2011-09-06,EU,publisher
1788,6,182,2011-09-06,EU,publisher
1789,4,686,2019-09-04,WW,developer
1789,4,487,2019-09-04,EU,publisher
1789,6,686,2019-09-04,WW,developer
1789,6,487,2019-09-04,EU,publisher
1790,94,448,2006-11-15,WW,developer
1790,94,279,2006-11-15,NA,publisher
1790,94,448,2006-11-15,NA,publisher
1790,94,619,2006-11-15,NA,publisher
1790,59,448,2006-11-15,WW,developer
1790,59,279,2006-11-15,NA,publisher
1790,59,448,2006-11-15,NA,publisher
1790,59,619,2006-11-15,NA,publisher
1790,49,448,2006-11-15,WW,developer
1790,49,279,2006-11-15,NA,publisher
1790,49,448,2006-11-15,NA,publisher
1790,49,619,2006-11-15,NA,publisher
1790,19,448,2006-11-15,WW,developer
1790,19,279,2006-11-15,NA,publisher
1790,19,448,2006-11-15,NA,publisher
1790,19,619,2006-11-15,NA,publisher
1790,89,448,2006-11-15,WW,developer
1790,89,279,2006-11-15,NA,publisher
1790,89,448,2006-11-15,NA,publisher
1790,89,619,2006-11-15,NA,publisher
1790,39,448,2006-11-15,WW,developer
1790,39,279,2006-11-15,NA,publisher
1790,39,448,2006-11-15,NA,publisher
1790,39,619,2006-11-15,NA,publisher
1790,61,448,2006-11-15,WW,developer
1790,61,279,2006-11-15,NA,publisher
1790,61,448,2006-11-15,NA,publisher
1790,61,619,2006-11-15,NA,publisher
1790,73,448,2006-11-15,WW,developer
1790,73,279,2006-11-15,NA,publisher
1790,73,448,2006-11-15,NA,publisher
1790,73,619,2006-11-15,NA,publisher
1790,68,448,2006-11-15,WW,developer
1790,68,279,2006-11-15,NA,publisher
1790,68,448,2006-11-15,NA,publisher
1790,68,619,2006-11-15,NA,publisher
1790,64,448,2006-11-15,WW,developer
1790,64,279,2006-11-15,NA,publisher
1790,64,448,2006-11-15,NA,publisher
1790,64,619,2006-11-15,NA,publisher
1790,27,448,2006-11-15,WW,developer
1790,27,279,2006-11-15,NA,publisher
1790,27,448,2006-11-15,NA,publisher
1790,27,619,2006-11-15,NA,publisher
1791,22,530,2013-12-17,WW,developer
1791,22,795,2013-12-17,NA,publisher
1791,22,1365,2013-12-17,JP,publisher
1791,8,530,2013-12-17,WW,developer
1791,8,795,2013-12-17,NA,publisher
1791,8,1365,2013-12-17,JP,publisher
1791,4,530,2013-12-17,WW,developer
1791,4,795,2013-12-17,NA,publisher
1791,4,1365,2013-12-17,JP,publisher
1792,22,530,2024-04-19,WW,developer
1792,22,795,2024-04-19,NA,publisher
1792,22,849,2024-04-19,NA,publisher
1793,4,86,2009-04-14,WW,developer
1793,4,137,2009-04-14,NA,publisher
1794,4,235,2011-02-08,WW,developer
1794,4,235,2011-02-08,EU,publisher
1794,8,235,2011-02-08,WW,developer
1794,8,235,2011-02-08,EU,publisher
1795,23,188,2011-03-29,WW,developer
1795,23,188,2011-03-29,NA,publisher
1795,6,188,2011-03-29,WW,developer
1795,6,188,2011-03-29,NA,publisher
1795,5,188,2011-03-29,WW,developer
1795,5,188,2011-03-29,NA,publisher
1795,66,188,2011-03-29,WW,developer
1795,66,188,2011-03-29,NA,publisher
1796,4,847,2009-09-03,WW,developer
1796,4,847,2009-09-03,NA,publisher
1798,22,168,2010-03-06,WW,developer
1798,22,6,2010-03-06,JP,publisher
1798,16,168,2010-03-06,WW,developer
1798,16,6,2010-03-06,JP,publisher
1800,8,42,2007-06-26,WW,developer
1800,8,200,2007-06-26,WW,developer
1800,8,82,2007-06-26,EU,publisher
1800,8,907,2007-06-26,EU,publisher
1800,6,42,2007-06-26,WW,developer
1800,6,200,2007-06-26,WW,developer
1800,6,82,2007-06-26,EU,publisher
1800,6,907,2007-06-26,EU,publisher
1800,4,42,2007-06-26,WW,developer
1800,4,200,2007-06-26,WW,developer
1800,4,82,2007-06-26,EU,publisher
1800,4,907,2007-06-26,EU,publisher
1801,33,896,2012-02-09,WW,developer
1801,33,11,2012-02-09,NA,publisher
1802,22,135,2006-02-14,NA,publisher
1805,8,807,2014-04-04,WW,developer
1805,8,231,2014-04-04,NA,publisher
1805,4,807,2014-04-04,WW,developer
1805,4,231,2014-04-04,NA,publisher
1805,106,807,2014-04-04,WW,developer
1805,106,231,2014-04-04,NA,publisher
1806,4,361,2012-04-12,WW,developer
1806,4,361,2012-04-12,JP,publisher
1807,4,599,2001-01-01,WW,developer
1807,4,651,2001-01-01,WW,developer
1807,4,369,2001-01-01,EU,publisher
1808,22,763,2011-07-12,WW,developer
1808,22,42,2011-07-12,NA,publisher
1808,5,763,2011-07-12,WW,developer
1808,5,42,2011-07-12,NA,publisher
1808,6,763,2011-07-12,WW,developer
1808,6,42,2011-07-12,NA,publisher
1810,4,290,2000-01-31,WW,developer
1810,4,188,2000-01-31,NA,publisher
1811,6,481,2012-03-01,WW,developer
1811,6,400,2012-03-01,JP,publisher
1812,23,497,2012-01-26,WW,developer
1812,23,188,2012-01-26,NA,publisher
1812,6,497,2012-01-26,WW,developer
1812,6,188,2012-01-26,NA,publisher
1812,5,497,2012-01-26,WW,developer
1812,5,188,2012-01-26,NA,publisher
1813,22,884,2004-12-02,WW,developer
1813,22,6,2004-12-02,JP,publisher
1814,22,42,2007-02-22,WW,developer
1814,22,42,2007-02-22,NA,publisher
1792,4,530,2024-04-19,WW,developer
1792,4,795,2024-04-19,NA,publisher
1792,4,849,2024-04-19,NA,publisher
1751,4,418,2014-03-17,WW,developer
1751,4,418,2014-03-17,JP,publisher
1752,4,53,2003-03-26,WW,developer
1752,4,467,2003-03-26,NA,publisher
1753,4,82,2002-08-23,WW,developer
1753,4,82,2002-08-23,EU,publisher
1754,22,949,2007-09-25,WW,developer
1754,22,82,2007-09-25,EU,publisher
1755,8,265,2011-08-26,WW,developer
1755,8,85,2011-08-26,EU,publisher
1755,4,265,2011-08-26,WW,developer
1755,4,85,2011-08-26,EU,publisher
1756,33,244,2011-12-17,WW,developer
1756,33,11,2011-12-17,NA,publisher
1757,5,232,2004-10-28,WW,developer
1757,5,6,2004-10-28,JP,publisher
1757,27,232,2004-10-28,WW,developer
1757,27,6,2004-10-28,JP,publisher
1758,4,665,2005-08-08,WW,developer
1758,4,288,2005-08-08,NA,publisher
1758,27,665,2005-08-08,WW,developer
1758,27,288,2005-08-08,NA,publisher
1758,22,665,2005-08-08,WW,developer
1758,22,288,2005-08-08,NA,publisher
1758,23,665,2005-08-08,WW,developer
1758,23,288,2005-08-08,NA,publisher
1759,4,80,1997-12-08,WW,developer
1759,4,80,1997-12-08,NA,publisher
1761,6,29,2007-01-01,WW,developer
1761,6,28,2007-01-01,NA,publisher
1762,4,665,2003-08-12,WW,developer
1762,4,288,2003-08-12,NA,publisher
1762,27,665,2003-08-12,WW,developer
1762,27,288,2003-08-12,NA,publisher
1763,22,405,2007-08-14,NA,publisher
1764,4,553,2007-04-20,WW,developer
1764,4,909,2007-04-20,EU,publisher
1766,4,600,2007-07-25,WW,developer
1766,4,42,2007-07-25,NA,publisher
1767,8,63,2000-11-08,WW,developer
1767,8,63,2000-11-08,NA,publisher
1767,4,63,2000-11-08,WW,developer
1767,4,63,2000-11-08,NA,publisher
1767,94,63,2000-11-08,WW,developer
1767,94,63,2000-11-08,NA,publisher
1770,4,212,2000-06-21,WW,developer
1770,4,212,2000-06-21,NA,publisher
1771,23,118,2006-06-23,WW,developer
1771,23,11,2006-06-23,NA,publisher
1775,4,441,1997-08-31,WW,developer
1776,6,616,2011-09-22,WW,developer
1776,6,616,2011-09-22,JP,publisher
1776,4,616,2011-09-22,WW,developer
1776,4,616,2011-09-22,JP,publisher
1777,4,663,2010-01-05,WW,developer
1777,4,188,2010-01-05,NA,publisher
1777,6,663,2010-01-05,WW,developer
1777,6,188,2010-01-05,NA,publisher
1778,4,663,2012-08-14,WW,developer
1778,4,188,2012-08-14,NA,publisher
1778,16,663,2012-08-14,WW,developer
1778,16,188,2012-08-14,NA,publisher
1778,6,663,2012-08-14,WW,developer
1778,6,188,2012-08-14,NA,publisher
1779,4,215,2006-06-16,WW,developer
1779,4,88,2006-06-16,EU,publisher
1781,4,823,2001-09-20,WW,developer
1781,4,288,2001-09-20,NA,publisher
1782,6,110,2012-01-01,WW,developer
1782,6,680,2012-01-01,WW,developer
1782,6,481,2012-01-01,JP,publisher
1784,4,330,1996-10-31,WW,developer
1784,4,499,1996-10-31,EU,publisher
1785,55,363,2020-10-03,WW,developer
1785,55,363,2020-10-03,JP,publisher
1785,55,864,2020-10-03,JP,publisher
1785,55,1164,2020-10-03,JP,publisher
1785,83,363,2020-10-03,WW,developer
1785,83,363,2020-10-03,JP,publisher
1785,83,864,2020-10-03,JP,publisher
1785,83,1164,2020-10-03,JP,publisher
1786,4,534,1999-01-01,WW,developer
1786,4,405,1999-01-01,NA,publisher
1786,23,534,1999-01-01,WW,developer
1786,23,405,1999-01-01,NA,publisher
1786,31,534,1999-01-01,WW,developer
1786,31,405,1999-01-01,NA,publisher
1821,4,89,2009-01-09,WW,developer
1821,4,42,2009-01-09,NA,publisher
1821,22,89,2009-01-09,WW,developer
1821,22,42,2009-01-09,NA,publisher
1821,6,89,2009-01-09,WW,developer
1821,6,42,2009-01-09,NA,publisher
1822,4,1677,1998-04-14,WW,developer
1822,4,653,1998-04-14,NA,publisher
1823,5,545,1994-03-19,WW,developer
1823,5,6,1994-03-19,JP,publisher
1823,28,545,1994-03-19,WW,developer
1823,28,6,1994-03-19,JP,publisher
1823,16,545,1994-03-19,WW,developer
1823,16,6,1994-03-19,JP,publisher
1824,8,63,2001-11-13,WW,developer
1824,8,63,2001-11-13,NA,publisher
1824,94,63,2001-11-13,WW,developer
1824,94,63,2001-11-13,NA,publisher
1824,4,63,2001-11-13,WW,developer
1824,4,63,2001-11-13,NA,publisher
1825,66,400,2014-01-01,WW,developer
1825,66,430,2014-01-01,WW,developer
1825,66,6,2014-01-01,JP,publisher
1825,16,400,2014-01-01,WW,developer
1825,16,430,2014-01-01,WW,developer
1825,16,6,2014-01-01,JP,publisher
1826,5,40,2008-11-16,WW,developer
1826,5,6,2008-11-16,JP,publisher
1827,16,545,2003-03-21,WW,developer
1827,16,6,2003-03-21,JP,publisher
1827,66,545,2003-03-21,WW,developer
1827,66,6,2003-03-21,JP,publisher
1828,22,226,2007-02-15,WW,developer
1828,22,6,2007-02-15,JP,publisher
1829,4,300,1998-05-29,WW,developer
1829,4,473,1998-05-29,JP,publisher
1829,4,985,1998-05-29,JP,publisher
1831,22,866,2005-07-28,WW,developer
1831,22,6,2005-07-28,JP,publisher
1832,4,479,2009-04-07,WW,developer
1832,4,42,2009-04-07,NA,publisher
1832,6,479,2009-04-07,WW,developer
1832,6,42,2009-04-07,NA,publisher
1833,16,8,2012-03-08,WW,developer
1833,16,135,2012-03-08,NA,publisher
1833,5,8,2012-03-08,WW,developer
1833,5,135,2012-03-08,NA,publisher
1833,28,8,2012-03-08,WW,developer
1833,28,135,2012-03-08,NA,publisher
1833,24,8,2012-03-08,WW,developer
1833,24,135,2012-03-08,NA,publisher
1834,22,866,2006-11-06,WW,developer
1834,22,6,2006-11-06,JP,publisher
1835,4,695,1999-07-05,WW,developer
1835,4,657,1999-07-05,NA,publisher
1836,27,34,2004-04-05,WW,developer
1836,27,545,2004-04-05,WW,developer
1836,27,6,2004-04-05,JP,publisher
1837,8,576,2012-06-25,WW,developer
1837,8,22,2012-06-25,NA,publisher
1837,4,576,2012-06-25,WW,developer
1837,4,22,2012-06-25,NA,publisher
1838,27,40,2004-04-29,WW,developer
1838,27,6,2004-04-29,JP,publisher
1838,5,40,2004-04-29,WW,developer
1838,5,6,2004-04-29,JP,publisher
1839,5,8,2004-03-11,WW,developer
1839,5,8,2004-03-11,JP,publisher
1840,28,460,1996-12-19,WW,developer
1840,28,6,1996-12-19,JP,publisher
1840,28,435,1996-12-19,JP,publisher
1841,23,865,2015-12-23,WW,developer
1841,23,1429,2015-12-23,JP,publisher
1841,33,865,2015-12-23,WW,developer
1841,33,1429,2015-12-23,JP,publisher
1842,5,40,2001-10-26,WW,developer
1842,5,6,2001-10-26,JP,publisher
1842,16,40,2001-10-26,WW,developer
1842,16,6,2001-10-26,JP,publisher
1842,27,40,2001-10-26,WW,developer
1842,27,6,2001-10-26,JP,publisher
1843,28,40,1990-11-21,WW,developer
1843,28,6,1990-11-21,JP,publisher
1844,32,545,1990-07-27,WW,developer
1844,32,6,1990-07-27,JP,publisher
1844,28,545,1990-07-27,WW,developer
1844,28,6,1990-07-27,JP,publisher
1844,26,545,1990-07-27,WW,developer
1844,26,6,1990-07-27,JP,publisher
1845,23,783,2003-01-01,WW,developer
1845,23,354,2003-01-01,JP,publisher
1845,62,783,2003-01-01,WW,developer
1845,62,354,2003-01-01,JP,publisher
1845,4,783,2003-01-01,WW,developer
1845,4,354,2003-01-01,JP,publisher
1846,62,979,2002-06-12,WW,developer
1846,62,354,2002-06-12,JP,publisher
1846,23,979,2002-06-12,WW,developer
1846,23,354,2002-06-12,JP,publisher
1849,8,212,1996-02-01,NA,publisher
1849,8,767,1996-02-01,NA,publisher
1849,4,212,1996-02-01,NA,publisher
1849,4,767,1996-02-01,NA,publisher
1849,24,212,1996-02-01,NA,publisher
1849,24,767,1996-02-01,NA,publisher
1849,94,212,1996-02-01,NA,publisher
1849,94,767,1996-02-01,NA,publisher
1850,5,778,2010-07-08,WW,developer
1850,5,6,2010-07-08,JP,publisher
1852,26,370,1984-01-01,WW,developer
1852,26,545,1984-01-01,WW,developer
1852,26,6,1984-01-01,JP,publisher
1852,100,370,1984-01-01,WW,developer
1852,100,545,1984-01-01,WW,developer
1852,100,6,1984-01-01,JP,publisher
1852,84,370,1984-01-01,WW,developer
1852,84,545,1984-01-01,WW,developer
1852,84,6,1984-01-01,JP,publisher
1852,35,370,1984-01-01,WW,developer
1852,35,545,1984-01-01,WW,developer
1852,35,6,1984-01-01,JP,publisher
1852,66,370,1984-01-01,WW,developer
1852,66,545,1984-01-01,WW,developer
1852,66,6,1984-01-01,JP,publisher
1852,27,370,1984-01-01,WW,developer
1852,27,545,1984-01-01,WW,developer
1852,27,6,1984-01-01,JP,publisher
1852,38,370,1984-01-01,WW,developer
1852,38,545,1984-01-01,WW,developer
1852,38,6,1984-01-01,JP,publisher
1852,16,370,1984-01-01,WW,developer
1852,16,545,1984-01-01,WW,developer
1852,16,6,1984-01-01,JP,publisher
1852,5,370,1984-01-01,WW,developer
1852,5,545,1984-01-01,WW,developer
1852,5,6,1984-01-01,JP,publisher
1840,4,460,1996-12-19,WW,developer
1840,4,6,1996-12-19,JP,publisher
1840,4,435,1996-12-19,JP,publisher
1899,8,816,1999-03-09,WW,developer
1899,31,816,1999-03-09,WW,developer
1899,4,816,1999-03-09,WW,developer
1900,94,557,1999-06-25,NA,publisher
1900,23,557,1999-06-25,NA,publisher
1900,4,557,1999-06-25,NA,publisher
1901,6,911,2012-11-20,WW,developer
1901,6,442,2012-11-20,NA,publisher
1901,5,911,2012-11-20,WW,developer
1901,5,442,2012-11-20,NA,publisher
1901,22,911,2012-11-20,WW,developer
1901,22,442,2012-11-20,NA,publisher
1901,16,911,2012-11-20,WW,developer
1901,16,442,2012-11-20,NA,publisher
1902,6,28,2011-03-15,NA,publisher
1902,5,28,2011-03-15,NA,publisher
1903,4,180,2012-05-31,WW,developer
1903,4,408,2012-05-31,WW,developer
1903,4,135,2012-05-31,NA,publisher
1903,4,188,2012-05-31,NA,publisher
1903,6,180,2012-05-31,WW,developer
1903,6,408,2012-05-31,WW,developer
1903,6,135,2012-05-31,NA,publisher
1903,6,188,2012-05-31,NA,publisher
1903,8,180,2012-05-31,WW,developer
1903,8,408,2012-05-31,WW,developer
1903,8,135,2012-05-31,NA,publisher
1903,8,188,2012-05-31,NA,publisher
1904,4,1436,2010-09-17,WW,developer
1904,4,182,2010-09-17,EU,publisher
1905,4,427,1997-09-30,WW,developer
1905,4,427,1997-09-30,NA,publisher
1905,4,478,1997-09-30,NA,publisher
1906,27,199,2002-06-16,WW,developer
1906,27,6,2002-06-16,JP,publisher
1906,27,33,2002-06-16,NA,publisher
1907,4,412,2013-10-25,WW,developer
1907,4,412,2013-10-25,EU,publisher
1908,16,407,2010-06-10,WW,developer
1908,16,6,2010-06-10,JP,publisher
1908,5,407,2010-06-10,WW,developer
1908,5,6,2010-06-10,JP,publisher
1909,27,110,2000-10-12,WW,developer
1910,4,192,1998-10-28,WW,developer
1910,4,42,1998-10-28,NA,publisher
1911,31,219,1996-09-01,WW,developer
1911,31,448,1996-09-01,NA,publisher
1911,24,219,1996-09-01,WW,developer
1911,24,448,1996-09-01,NA,publisher
1911,4,219,1996-09-01,WW,developer
1911,4,448,1996-09-01,NA,publisher
1912,31,33,1997-10-01,WW,developer
1912,31,33,1997-10-01,NA,publisher
1914,4,608,2006-09-08,WW,developer
1914,4,14,2006-09-08,EU,publisher
1915,6,249,2010-04-27,WW,developer
1915,6,8,2010-04-27,JP,publisher
1916,4,517,1996-01-01,WW,developer
1916,4,517,1996-01-01,NA,publisher
1917,4,225,2010-02-01,WW,developer
1917,4,225,2010-02-01,EU,publisher
1918,4,399,2012-08-23,WW,developer
1918,4,42,2012-08-23,NA,publisher
1921,31,27,2000-07-28,WW,developer
1921,31,27,2000-07-28,JP,publisher
1922,4,252,1999-01-01,WW,developer
1922,4,42,1999-01-01,NA,publisher
1923,31,27,1998-12-11,WW,developer
1923,31,27,1998-12-11,JP,publisher
1924,31,27,1997-03-21,WW,developer
1924,31,27,1997-03-21,JP,publisher
1928,32,33,1996-11-01,WW,developer
1928,32,448,1996-11-01,NA,publisher
1928,71,33,1996-11-01,WW,developer
1928,71,448,1996-11-01,NA,publisher
1928,22,33,1996-11-01,WW,developer
1928,22,448,1996-11-01,NA,publisher
1928,28,33,1996-11-01,WW,developer
1928,28,448,1996-11-01,NA,publisher
1929,16,975,2003-04-18,WW,developer
1929,16,975,2003-04-18,JP,publisher
1930,36,252,2003-10-24,WW,developer
1930,36,288,2003-10-24,NA,publisher
1930,27,252,2003-10-24,WW,developer
1930,27,288,2003-10-24,NA,publisher
1930,4,252,2003-10-24,WW,developer
1930,4,288,2003-10-24,NA,publisher
1931,22,497,2010-01-28,WW,developer
1931,22,188,2010-01-28,NA,publisher
1931,6,497,2010-01-28,WW,developer
1931,6,188,2010-01-28,NA,publisher
1931,23,497,2010-01-28,WW,developer
1931,23,188,2010-01-28,NA,publisher
1931,5,497,2010-01-28,WW,developer
1931,5,188,2010-01-28,NA,publisher
1854,6,519,2009-12-10,WW,developer
1854,6,400,2009-12-10,JP,publisher
1854,5,519,2009-12-10,WW,developer
1854,5,400,2009-12-10,JP,publisher
1855,5,390,2009-10-13,WW,developer
1855,5,912,2009-10-13,WW,developer
1855,5,6,2009-10-13,JP,publisher
1855,22,390,2009-10-13,WW,developer
1855,22,912,2009-10-13,WW,developer
1855,22,6,2009-10-13,JP,publisher
1856,16,370,1997-11-27,WW,developer
1856,16,6,1997-11-27,JP,publisher
1856,28,370,1997-11-27,WW,developer
1856,28,6,1997-11-27,JP,publisher
1858,27,358,2005-11-07,WW,developer
1858,27,6,2005-11-07,JP,publisher
1859,27,358,2002-10-21,WW,developer
1859,27,6,2002-10-21,JP,publisher
1860,31,358,1999-12-17,WW,developer
1860,31,6,1999-12-17,JP,publisher
1860,16,358,1999-12-17,WW,developer
1860,16,6,1999-12-17,JP,publisher
1861,27,358,2003-11-10,WW,developer
1861,27,6,2003-11-10,JP,publisher
1862,16,358,2005-01-13,WW,developer
1862,16,6,2005-01-13,JP,publisher
1864,4,354,2010-07-14,WW,developer
1864,6,354,2010-07-14,WW,developer
1866,4,708,2010-08-19,WW,developer
1866,6,708,2010-08-19,WW,developer
1867,22,226,2010-07-01,WW,developer
1867,22,6,2010-07-01,JP,publisher
1867,66,226,2010-07-01,WW,developer
1867,66,6,2010-07-01,JP,publisher
1868,4,189,2006-04-21,WW,developer
1868,4,189,2006-04-21,JP,publisher
1869,27,358,2004-11-18,WW,developer
1869,27,6,2004-11-18,JP,publisher
1870,4,712,2002-10-25,WW,developer
1870,4,236,2002-10-25,EU,publisher
1872,4,265,2003-01-01,WW,developer
1872,4,265,2003-01-01,EU,publisher
1872,4,822,2003-01-01,EU,publisher
1873,31,614,2000-11-01,WW,developer
1873,31,42,2000-11-01,NA,publisher
1876,23,8,1999-07-01,WW,developer
1876,23,8,1999-07-01,JP,publisher
1876,4,8,1999-07-01,WW,developer
1876,4,8,1999-07-01,JP,publisher
1877,24,785,1996-11-30,WW,developer
1877,24,499,1996-11-30,EU,publisher
1877,4,785,1996-11-30,WW,developer
1877,4,499,1996-11-30,EU,publisher
1878,8,810,2015-06-23,WW,developer
1878,8,810,2015-06-23,NA,publisher
1878,24,810,2015-06-23,WW,developer
1878,24,810,2015-06-23,NA,publisher
1878,28,810,2015-06-23,WW,developer
1878,28,810,2015-06-23,NA,publisher
1880,4,745,2002-09-22,WW,developer
1880,4,88,2002-09-22,EU,publisher
1881,28,120,1996-02-16,WW,developer
1882,67,304,1996-11-18,WW,developer
1882,67,6,1996-11-18,JP,publisher
1882,28,304,1996-11-18,WW,developer
1882,28,6,1996-11-18,JP,publisher
1882,16,304,1996-11-18,WW,developer
1882,16,6,1996-11-18,JP,publisher
1883,4,1100,2006-05-19,WW,developer
1883,4,17,2006-05-19,NA,publisher
1884,22,8,1997-09-25,WW,developer
1884,22,8,1997-09-25,JP,publisher
1884,4,8,1997-09-25,WW,developer
1884,4,8,1997-09-25,JP,publisher
1885,4,14,2011-03-25,WW,developer
1885,4,14,2011-03-25,EU,publisher
1886,4,114,2011-02-16,WW,developer
1886,4,44,2011-02-16,EU,publisher
1887,4,235,2023-05-16,WW,developer
1887,4,235,2023-05-16,EU,publisher
1889,4,14,2003-03-02,WW,developer
1889,4,14,2003-03-02,EU,publisher
1891,27,18,2002-06-24,WW,developer
1891,27,6,2002-06-24,JP,publisher
1892,4,59,2004-10-19,WW,developer
1892,4,379,2004-10-19,EU,publisher
1893,8,197,1997-06-26,WW,developer
1893,8,42,1997-06-26,NA,publisher
1893,24,197,1997-06-26,WW,developer
1893,24,42,1997-06-26,NA,publisher
1893,4,197,1997-06-26,WW,developer
1893,4,42,1997-06-26,NA,publisher
1894,4,213,2011-06-21,WW,developer
1894,4,56,2011-06-21,JP,publisher
1894,6,213,2011-06-21,WW,developer
1894,6,56,2011-06-21,JP,publisher
1895,4,1005,2011-01-27,WW,developer
1895,4,85,2011-01-27,EU,publisher
1896,33,491,2014-05-27,WW,developer
1896,33,11,2014-05-27,NA,publisher
1896,6,491,2014-05-27,WW,developer
1896,6,11,2014-05-27,NA,publisher
1897,4,427,1998-08-31,WW,developer
1897,4,427,1998-08-31,NA,publisher
1898,8,336,2010-09-28,WW,developer
1898,8,57,2010-09-28,NA,publisher
1898,23,336,2010-09-28,WW,developer
1898,23,57,2010-09-28,NA,publisher
1898,5,336,2010-09-28,WW,developer
1898,5,57,2010-09-28,NA,publisher
1898,4,336,2010-09-28,WW,developer
1898,4,57,2010-09-28,NA,publisher
1898,92,336,2010-09-28,WW,developer
1898,92,57,2010-09-28,NA,publisher
1878,4,810,2015-06-23,WW,developer
1878,4,810,2015-06-23,NA,publisher
1931,66,497,2010-01-28,WW,developer
1931,66,188,2010-01-28,NA,publisher
1933,4,92,2011-10-14,WW,developer
1933,4,92,2011-10-14,JP,publisher
1933,5,92,2011-10-14,WW,developer
1933,5,92,2011-10-14,JP,publisher
1933,23,92,2011-10-14,WW,developer
1933,23,92,2011-10-14,JP,publisher
1933,6,92,2011-10-14,WW,developer
1933,6,92,2011-10-14,JP,publisher
1934,4,13,2003-01-07,NA,publisher
1936,27,33,2004-10-04,WW,developer
1936,27,33,2004-10-04,NA,publisher
1936,23,33,2004-10-04,WW,developer
1936,23,33,2004-10-04,NA,publisher
1937,24,33,1996-01-25,WW,developer
1937,24,1020,1996-01-25,NA,publisher
1937,28,33,1996-01-25,WW,developer
1937,28,1020,1996-01-25,NA,publisher
1938,6,92,2010-10-20,WW,developer
1938,6,92,2010-10-20,JP,publisher
1938,23,92,2010-10-20,WW,developer
1938,23,92,2010-10-20,JP,publisher
1938,5,92,2010-10-20,WW,developer
1938,5,92,2010-10-20,JP,publisher
1938,4,92,2010-10-20,WW,developer
1938,4,92,2010-10-20,JP,publisher
1939,23,255,2010-06-24,WW,developer
1939,23,422,2010-06-24,JP,publisher
1939,33,255,2010-06-24,WW,developer
1939,33,422,2010-06-24,JP,publisher
1941,22,27,2006-03-02,WW,developer
1942,16,8,2014-04-17,WW,developer
1942,16,8,2014-04-17,JP,publisher
1942,16,989,2014-04-17,EU,publisher
1942,85,8,2014-04-17,WW,developer
1942,85,8,2014-04-17,JP,publisher
1942,85,989,2014-04-17,EU,publisher
1942,22,8,2014-04-17,WW,developer
1942,22,8,2014-04-17,JP,publisher
1942,22,989,2014-04-17,EU,publisher
1942,4,8,2014-04-17,WW,developer
1942,4,8,2014-04-17,JP,publisher
1942,4,989,2014-04-17,EU,publisher
1942,5,8,2014-04-17,WW,developer
1942,5,8,2014-04-17,JP,publisher
1942,5,989,2014-04-17,EU,publisher
1945,61,92,2003-05-06,WW,developer
1945,61,92,2003-05-06,JP,publisher
1945,55,92,2003-05-06,WW,developer
1945,55,92,2003-05-06,JP,publisher
1945,26,92,2003-05-06,WW,developer
1945,26,92,2003-05-06,JP,publisher
1946,6,325,2001-09-25,WW,developer
1946,6,11,2001-09-25,NA,publisher
1948,4,487,2011-04-28,WW,developer
1948,4,487,2011-04-28,EU,publisher
1948,6,487,2011-04-28,WW,developer
1948,6,487,2011-04-28,EU,publisher
1951,28,40,1993-02-21,WW,developer
1951,28,103,1993-02-21,WW,developer
1951,28,6,1993-02-21,JP,publisher
1951,102,40,1993-02-21,WW,developer
1951,102,103,1993-02-21,WW,developer
1951,102,6,1993-02-21,JP,publisher
1952,8,205,2005-09-16,WW,developer
1952,8,175,2005-09-16,NA,publisher
1952,4,205,2005-09-16,WW,developer
1952,4,175,2005-09-16,NA,publisher
1953,4,1009,2016-09-23,WW,developer
1953,4,1009,2016-09-23,EU,publisher
1954,4,798,2005-03-16,WW,developer
1954,4,188,2005-03-16,NA,publisher
1955,28,585,1992-01-01,WW,developer
1955,28,1166,1992-01-01,WW,developer
1955,28,6,1992-01-01,JP,publisher
1955,28,1166,1992-01-01,JP,publisher
1955,32,585,1992-01-01,WW,developer
1955,32,1166,1992-01-01,WW,developer
1955,32,6,1992-01-01,JP,publisher
1955,32,1166,1992-01-01,JP,publisher
1955,26,585,1992-01-01,WW,developer
1955,26,1166,1992-01-01,WW,developer
1955,26,6,1992-01-01,JP,publisher
1955,26,1166,1992-01-01,JP,publisher
1956,4,562,2006-11-24,WW,developer
1956,4,228,2006-11-24,EU,publisher
1957,22,349,2007-01-22,WW,developer
1957,22,6,2007-01-22,JP,publisher
1958,16,370,2006-03-23,WW,developer
1958,16,6,2006-03-23,JP,publisher
1958,22,370,2006-03-23,WW,developer
1958,22,6,2006-03-23,JP,publisher
1959,4,42,2020-02-25,NA,publisher
2034,94,564,1999-01-01,WW,developer
2034,94,467,1999-01-01,NA,publisher
2034,4,564,1999-01-01,WW,developer
2034,4,467,1999-01-01,NA,publisher
2035,4,225,2012-04-17,WW,developer
2035,4,225,2012-04-17,EU,publisher
2038,4,1597,2004-11-22,WW,developer
2038,4,1597,2004-11-22,EU,publisher
2039,16,34,2019-12-12,WW,developer
2039,16,6,2019-12-12,JP,publisher
2039,66,34,2019-12-12,WW,developer
2039,66,6,2019-12-12,JP,publisher
2039,26,34,2019-12-12,WW,developer
2039,26,6,2019-12-12,JP,publisher
2039,5,34,2019-12-12,WW,developer
2039,5,6,2019-12-12,JP,publisher
2040,27,532,2003-04-25,WW,developer
2040,27,6,2003-04-25,JP,publisher
2041,26,436,2021-01-07,WW,developer
2041,26,436,2021-01-07,JP,publisher
2041,26,1164,2021-01-07,JP,publisher
2041,26,1364,2021-01-07,EU,publisher
2041,10,436,2021-01-07,WW,developer
2041,10,436,2021-01-07,JP,publisher
2041,10,1164,2021-01-07,JP,publisher
2041,10,1364,2021-01-07,EU,publisher
2041,42,436,2021-01-07,WW,developer
2041,42,436,2021-01-07,JP,publisher
2041,42,1164,2021-01-07,JP,publisher
2041,42,1364,2021-01-07,EU,publisher
2042,4,165,1999-11-30,WW,developer
2042,4,228,1999-11-30,EU,publisher
2043,8,637,2011-11-01,WW,developer
2043,8,599,2011-11-01,NA,publisher
2043,6,637,2011-11-01,WW,developer
2043,6,599,2011-11-01,NA,publisher
2043,4,637,2011-11-01,WW,developer
2043,4,599,2011-11-01,NA,publisher
2044,4,259,2003-03-18,WW,developer
2044,4,684,2003-03-18,WW,developer
2044,27,259,2003-03-18,WW,developer
2044,27,684,2003-03-18,WW,developer
2044,8,259,2003-03-18,WW,developer
2044,8,684,2003-03-18,WW,developer
2045,4,259,2005-09-08,WW,developer
2045,27,259,2005-09-08,WW,developer
2046,24,212,1996-02-29,NA,publisher
2046,8,212,1996-02-29,NA,publisher
2046,4,212,1996-02-29,NA,publisher
2046,15,212,1996-02-29,NA,publisher
2046,94,212,1996-02-29,NA,publisher
2048,22,990,2006-10-19,WW,developer
2048,22,6,2006-10-19,JP,publisher
2049,28,166,1997-02-01,WW,developer
2049,28,166,1997-02-01,JP,publisher
2050,4,605,2004-08-08,WW,developer
2050,4,932,2004-08-08,EU,publisher
2052,4,589,2023-08-24,WW,developer
2052,4,1031,2023-08-24,WW,developer
2052,4,1663,2023-08-24,WW,developer
2052,4,363,2023-08-24,JP,publisher
2052,4,540,2023-08-24,JP,publisher
2052,4,791,2023-08-24,NA,publisher
2052,8,589,2023-08-24,WW,developer
2052,8,1031,2023-08-24,WW,developer
2052,8,1663,2023-08-24,WW,developer
2052,8,363,2023-08-24,JP,publisher
2052,8,540,2023-08-24,JP,publisher
2052,8,791,2023-08-24,NA,publisher
2052,24,589,2023-08-24,WW,developer
2052,24,1031,2023-08-24,WW,developer
2052,24,1663,2023-08-24,WW,developer
2052,24,363,2023-08-24,JP,publisher
2052,24,540,2023-08-24,JP,publisher
2052,24,791,2023-08-24,NA,publisher
2052,83,589,2023-08-24,WW,developer
2052,83,1031,2023-08-24,WW,developer
2052,83,1663,2023-08-24,WW,developer
2052,83,363,2023-08-24,JP,publisher
2052,83,540,2023-08-24,JP,publisher
2052,83,791,2023-08-24,NA,publisher
2052,26,589,2023-08-24,WW,developer
2052,26,1031,2023-08-24,WW,developer
2052,26,1663,2023-08-24,WW,developer
2052,26,363,2023-08-24,JP,publisher
2052,26,540,2023-08-24,JP,publisher
2052,26,791,2023-08-24,NA,publisher
2052,10,589,2023-08-24,WW,developer
2052,10,1031,2023-08-24,WW,developer
2052,10,1663,2023-08-24,WW,developer
2052,10,363,2023-08-24,JP,publisher
2052,10,540,2023-08-24,JP,publisher
2052,10,791,2023-08-24,NA,publisher
2052,44,589,2023-08-24,WW,developer
2052,44,1031,2023-08-24,WW,developer
2052,44,1663,2023-08-24,WW,developer
2052,44,363,2023-08-24,JP,publisher
2052,44,540,2023-08-24,JP,publisher
2052,44,791,2023-08-24,NA,publisher
2052,42,589,2023-08-24,WW,developer
2052,42,1031,2023-08-24,WW,developer
2052,42,1663,2023-08-24,WW,developer
2052,42,363,2023-08-24,JP,publisher
2052,42,540,2023-08-24,JP,publisher
2052,42,791,2023-08-24,NA,publisher
2053,4,1031,2000-01-01,WW,developer
2053,4,187,2000-01-01,NA,publisher
2055,27,1120,2006-03-31,WW,developer
2055,27,6,2006-03-31,JP,publisher
2056,4,465,2000-08-03,WW,developer
2057,94,338,2001-10-28,WW,developer
2057,94,357,2001-10-28,WW,developer
2057,94,611,2001-10-28,WW,developer
2057,8,338,2001-10-28,WW,developer
2057,8,357,2001-10-28,WW,developer
2057,8,611,2001-10-28,WW,developer
2057,67,338,2001-10-28,WW,developer
2057,67,357,2001-10-28,WW,developer
2057,67,611,2001-10-28,WW,developer
2057,4,338,2001-10-28,WW,developer
2057,4,357,2001-10-28,WW,developer
2057,4,611,2001-10-28,WW,developer
2057,27,338,2001-10-28,WW,developer
2057,27,357,2001-10-28,WW,developer
2057,27,611,2001-10-28,WW,developer
2057,31,338,2001-10-28,WW,developer
2057,31,357,2001-10-28,WW,developer
2057,31,611,2001-10-28,WW,developer
2058,67,57,2001-06-22,WW,developer
2058,67,622,2001-06-22,WW,developer
2058,67,885,2001-06-22,WW,developer
2058,67,57,2001-06-22,NA,publisher
2058,4,57,2001-06-22,WW,developer
2058,4,622,2001-06-22,WW,developer
2058,4,885,2001-06-22,WW,developer
2058,4,57,2001-06-22,NA,publisher
2059,4,8,2000-09-13,WW,developer
2059,4,8,2000-09-13,JP,publisher
2060,4,270,2006-11-14,WW,developer
2060,4,400,2006-11-14,JP,publisher
2053,67,1031,2000-01-01,WW,developer
2053,67,187,2000-01-01,NA,publisher
2062,27,1080,2003-08-08,WW,developer
2062,27,6,2003-08-08,JP,publisher
2064,8,1288,2015-04-27,WW,developer
2064,8,16,2015-04-27,NA,publisher
2064,8,1288,2015-04-27,EU,publisher
2064,8,1393,2015-04-27,NA,publisher
2064,4,1288,2015-04-27,WW,developer
2064,4,16,2015-04-27,NA,publisher
2064,4,1288,2015-04-27,EU,publisher
2064,4,1393,2015-04-27,NA,publisher
2065,4,305,1999-04-30,WW,developer
2065,4,187,1999-04-30,NA,publisher
2065,4,305,1999-04-30,NA,publisher
2066,27,673,2005-11-18,WW,developer
2066,27,6,2005-11-18,JP,publisher
2068,4,428,2003-11-20,WW,developer
2069,31,829,1998-06-01,WW,developer
2069,31,188,1998-06-01,NA,publisher
2070,4,499,1997-09-30,WW,developer
2070,4,11,1997-09-30,NA,publisher
2071,4,338,2005-11-05,WW,developer
2071,27,338,2005-11-05,WW,developer
2071,23,338,2005-11-05,WW,developer
2072,62,1673,1997-01-01,WW,developer
2072,62,354,1997-01-01,JP,publisher
2072,4,1673,1997-01-01,WW,developer
2072,4,354,1997-01-01,JP,publisher
2073,4,137,2003-03-26,WW,developer
2073,4,544,2003-03-26,EU,publisher
2074,4,175,2002-10-01,NA,publisher
2074,8,175,2002-10-01,NA,publisher
2075,4,562,2011-03-18,WW,developer
2075,4,562,2011-03-18,EU,publisher
2076,16,40,2012-11-18,WW,developer
2076,16,6,2012-11-18,JP,publisher
2078,4,338,2002-10-23,WW,developer
2078,27,338,2002-10-23,WW,developer
2078,8,338,2002-10-23,WW,developer
2078,90,338,2002-10-23,WW,developer
2079,106,227,2023-01-24,WW,developer
2079,106,182,2023-01-24,EU,publisher
2079,106,458,2023-01-24,EU,publisher
2079,4,227,2023-01-24,WW,developer
2079,4,182,2023-01-24,EU,publisher
2079,4,458,2023-01-24,EU,publisher
2080,4,930,2005-09-16,WW,developer
2081,22,792,2005-07-19,WW,developer
2081,22,135,2005-07-19,NA,publisher
2083,31,92,1997-12-18,WW,developer
2083,31,92,1997-12-18,JP,publisher
2085,66,1035,2012-11-23,WW,developer
2085,66,419,2012-11-23,JP,publisher
2086,31,63,1999-11-23,WW,developer
2086,31,188,1999-11-23,NA,publisher
2086,4,63,1999-11-23,WW,developer
2086,4,188,1999-11-23,NA,publisher
2087,33,481,2011-12-17,WW,developer
2087,33,278,2011-12-17,JP,publisher
2088,27,593,2004-03-19,WW,developer
2088,27,387,2004-03-19,NA,publisher
2088,4,593,2004-03-19,WW,developer
2088,4,387,2004-03-19,NA,publisher
2091,8,338,2000-09-20,WW,developer
2091,94,338,2000-09-20,WW,developer
2091,31,338,2000-09-20,WW,developer
2091,4,338,2000-09-20,WW,developer
2094,4,177,2005-04-06,WW,developer
2094,4,386,2005-04-06,NA,publisher
2095,4,1205,2011-08-19,WW,developer
2095,4,1205,2011-08-19,EU,publisher
2095,8,1205,2011-08-19,WW,developer
2095,8,1205,2011-08-19,EU,publisher
2096,4,478,1998-09-30,NA,publisher
2098,4,499,1996-10-31,WW,developer
2098,4,499,1996-10-31,EU,publisher
2099,6,613,2012-11-13,WW,developer
2099,6,685,2012-11-13,WW,developer
2099,6,442,2012-11-13,NA,publisher
2099,22,613,2012-11-13,WW,developer
2099,22,685,2012-11-13,WW,developer
2099,22,442,2012-11-13,NA,publisher
2099,5,613,2012-11-13,WW,developer
2099,5,685,2012-11-13,WW,developer
2099,5,442,2012-11-13,NA,publisher
2099,16,613,2012-11-13,WW,developer
2099,16,685,2012-11-13,WW,developer
2099,16,442,2012-11-13,NA,publisher
2100,31,92,1999-10-31,WW,developer
2100,31,92,1999-10-31,JP,publisher
2064,106,1288,2015-04-27,WW,developer
2064,106,16,2015-04-27,NA,publisher
2064,106,1288,2015-04-27,EU,publisher
2064,106,1393,2015-04-27,NA,publisher
1962,4,257,2005-11-08,WW,developer
1962,4,1012,2005-11-08,WW,developer
1962,4,312,2005-11-08,EU,publisher
1962,8,257,2005-11-08,WW,developer
1962,8,1012,2005-11-08,WW,developer
1962,8,312,2005-11-08,EU,publisher
1963,62,354,2000-03-23,WW,developer
1963,23,354,2000-03-23,WW,developer
1963,4,354,2000-03-23,WW,developer
1963,6,354,2000-03-23,WW,developer
1963,8,354,2000-03-23,WW,developer
1964,8,638,2018-06-28,WW,developer
1964,8,13,2018-06-28,NA,publisher
1964,8,638,2018-06-28,EU,publisher
1964,6,638,2018-06-28,WW,developer
1964,6,13,2018-06-28,NA,publisher
1964,6,638,2018-06-28,EU,publisher
1964,33,638,2018-06-28,WW,developer
1964,33,13,2018-06-28,NA,publisher
1964,33,638,2018-06-28,EU,publisher
1964,4,638,2018-06-28,WW,developer
1964,4,13,2018-06-28,NA,publisher
1964,4,638,2018-06-28,EU,publisher
1965,6,497,2012-10-30,WW,developer
1965,6,188,2012-10-30,NA,publisher
1965,5,497,2012-10-30,WW,developer
1965,5,188,2012-10-30,NA,publisher
1966,8,593,2002-07-19,WW,developer
1966,8,136,2002-07-19,EU,publisher
1966,8,379,2002-07-19,EU,publisher
1966,8,924,2002-07-19,NA,publisher
1966,4,593,2002-07-19,WW,developer
1966,4,136,2002-07-19,EU,publisher
1966,4,379,2002-07-19,EU,publisher
1966,4,924,2002-07-19,NA,publisher
1967,23,677,1996-12-06,WW,developer
1967,23,11,1996-12-06,NA,publisher
1968,4,3,2004-08-01,WW,developer
1968,4,3,2004-08-01,NA,publisher
1969,4,42,2000-02-29,NA,publisher
1971,4,534,2011-11-11,WW,developer
1971,4,599,2011-11-11,NA,publisher
1971,66,534,2011-11-11,WW,developer
1971,66,599,2011-11-11,NA,publisher
1971,22,534,2011-11-11,WW,developer
1971,22,599,2011-11-11,NA,publisher
1971,33,534,2011-11-11,WW,developer
1971,33,599,2011-11-11,NA,publisher
1971,6,534,2011-11-11,WW,developer
1971,6,599,2011-11-11,NA,publisher
1971,5,534,2011-11-11,WW,developer
1971,5,599,2011-11-11,NA,publisher
1971,23,534,2011-11-11,WW,developer
1971,23,599,2011-11-11,NA,publisher
1971,8,534,2011-11-11,WW,developer
1971,8,599,2011-11-11,NA,publisher
1973,4,865,2006-01-26,WW,developer
1973,4,314,2006-01-26,JP,publisher
1973,22,865,2006-01-26,WW,developer
1973,22,314,2006-01-26,JP,publisher
1974,4,335,2003-05-20,WW,developer
1974,4,335,2003-05-20,NA,publisher
1975,22,19,2006-08-03,WW,developer
1975,22,40,2006-08-03,WW,developer
1975,22,6,2006-08-03,JP,publisher
1975,16,19,2006-08-03,WW,developer
1975,16,40,2006-08-03,WW,developer
1975,16,6,2006-08-03,JP,publisher
1976,24,71,1996-12-31,NA,publisher
1976,8,71,1996-12-31,NA,publisher
1976,4,71,1996-12-31,NA,publisher
1977,4,874,1997-10-31,WW,developer
1977,4,57,1997-10-31,NA,publisher
1977,94,874,1997-10-31,WW,developer
1977,94,57,1997-10-31,NA,publisher
1979,4,212,1999-09-30,NA,publisher
1980,8,672,2006-06-30,EU,publisher
1980,4,672,2006-06-30,EU,publisher
1980,23,672,2006-06-30,EU,publisher
1981,4,780,2011-10-28,WW,developer
1981,4,400,2011-10-28,JP,publisher
1984,5,353,2006-11-19,WW,developer
1985,22,226,2012-03-16,WW,developer
1985,22,6,2012-03-16,JP,publisher
1986,5,730,2010-10-14,WW,developer
1986,5,6,2010-10-14,JP,publisher
1987,31,370,2000-03-24,WW,developer
1987,31,6,2000-03-24,JP,publisher
1987,16,370,2000-03-24,WW,developer
1987,16,6,2000-03-24,JP,publisher
1988,22,871,2006-03-23,WW,developer
1988,22,363,2006-03-23,JP,publisher
1991,5,370,2011-10-24,WW,developer
1991,5,6,2011-10-24,JP,publisher
1991,16,370,2011-10-24,WW,developer
1991,16,6,2011-10-24,JP,publisher
1992,4,251,2014-04-01,WW,developer
1992,4,382,2014-04-01,WW,developer
1992,4,42,2014-04-01,NA,publisher
1992,8,251,2014-04-01,WW,developer
1992,8,382,2014-04-01,WW,developer
1992,8,42,2014-04-01,NA,publisher
1993,23,481,2004-02-11,WW,developer
1993,23,278,2004-02-11,JP,publisher
1994,66,19,2013-03-15,WW,developer
1994,66,40,2013-03-15,WW,developer
1994,66,6,2013-03-15,JP,publisher
1996,5,526,2002-01-01,WW,developer
1996,5,582,2002-01-01,EU,publisher
1996,22,526,2002-01-01,WW,developer
1996,22,582,2002-01-01,EU,publisher
1996,4,526,2002-01-01,WW,developer
1996,4,582,2002-01-01,EU,publisher
1997,4,417,2001-01-01,WW,developer
1997,4,417,2001-01-01,EU,publisher
1998,4,335,2004-11-04,WW,developer
1998,4,335,2004-11-04,NA,publisher
1999,4,765,1996-10-31,WW,developer
1999,4,488,1996-10-31,EU,publisher
1999,8,765,1996-10-31,WW,developer
1999,8,488,1996-10-31,EU,publisher
1999,24,765,1996-10-31,WW,developer
1999,24,488,1996-10-31,EU,publisher
2000,4,648,2005-09-21,WW,developer
2000,4,57,2005-09-21,NA,publisher
2000,4,1660,2005-09-21,EU,publisher
2001,31,687,1997-09-30,WW,developer
2003,24,586,1996-01-31,WW,developer
2003,24,586,1996-01-31,EU,publisher
2004,4,197,1999-11-20,WW,developer
2004,4,42,1999-11-20,NA,publisher
2004,94,197,1999-11-20,WW,developer
2004,94,42,1999-11-20,NA,publisher
2008,4,181,2006-04-28,WW,developer
2008,4,57,2006-04-28,NA,publisher
2009,31,304,2000-05-22,WW,developer
2009,31,304,2000-05-22,EU,publisher
2010,4,485,1997-01-01,WW,developer
2010,4,777,1997-01-01,EU,publisher
2011,24,1613,1996-08-31,WW,developer
2011,24,1613,1996-08-31,EU,publisher
2012,4,287,1997-10-31,WW,developer
2012,4,228,1997-10-31,EU,publisher
2013,4,342,2005-04-18,WW,developer
2013,4,17,2005-04-18,NA,publisher
2014,4,198,2002-08-20,WW,developer
2015,4,56,2014-12-11,WW,developer
2015,4,56,2014-12-11,JP,publisher
2015,6,56,2014-12-11,WW,developer
2015,6,56,2014-12-11,JP,publisher
2016,4,1010,2000-11-20,WW,developer
2017,4,66,2011-01-25,EU,publisher
2018,22,56,2012-08-27,WW,developer
2018,22,541,2012-08-27,WW,developer
2018,22,670,2012-08-27,WW,developer
2018,22,56,2012-08-27,JP,publisher
2019,6,280,2003-02-21,WW,developer
2019,6,312,2003-02-21,EU,publisher
2019,8,280,2003-02-21,WW,developer
2019,8,312,2003-02-21,EU,publisher
2019,4,280,2003-02-21,WW,developer
2019,4,312,2003-02-21,EU,publisher
2019,27,280,2003-02-21,WW,developer
2019,27,312,2003-02-21,EU,publisher
2020,27,198,2005-10-07,WW,developer
2024,4,294,2003-03-10,WW,developer
2025,4,562,2012-09-25,WW,developer
2025,4,562,2012-09-25,EU,publisher
2026,24,368,1997-04-30,WW,developer
2026,4,368,1997-04-30,WW,developer
2026,94,368,1997-04-30,WW,developer
2026,40,368,1997-04-30,WW,developer
2026,31,368,1997-04-30,WW,developer
2027,4,368,2000-03-28,WW,developer
2027,4,1150,2000-03-28,EU,publisher
2028,4,336,2002-01-23,WW,developer
2028,4,42,2002-01-23,NA,publisher
2029,4,1284,2004-10-01,WW,developer
2029,4,932,2004-10-01,EU,publisher
2032,4,762,2005-10-27,WW,developer
2032,4,672,2005-10-27,EU,publisher
2034,8,564,1999-01-01,WW,developer
2034,8,467,1999-01-01,NA,publisher
2012,31,287,1997-10-31,WW,developer
2012,31,228,1997-10-31,EU,publisher
2240,24,808,2021-07-23,WW,developer
2240,24,830,2021-07-23,EU,publisher
2240,28,808,2021-07-23,WW,developer
2240,28,830,2021-07-23,EU,publisher
2240,4,808,2021-07-23,WW,developer
2240,4,830,2021-07-23,EU,publisher
2101,16,100,2018-09-18,WW,developer
2101,16,599,2018-09-18,NA,publisher
2101,4,100,2018-09-18,WW,developer
2101,4,599,2018-09-18,NA,publisher
2101,66,100,2018-09-18,WW,developer
2101,66,599,2018-09-18,NA,publisher
2102,94,246,2001-01-26,WW,developer
2102,94,467,2001-01-26,NA,publisher
2102,4,246,2001-01-26,WW,developer
2102,4,467,2001-01-26,NA,publisher
2103,4,1072,2012-11-28,WW,developer
2103,4,1072,2012-11-28,EU,publisher
2105,28,1252,1996-03-22,WW,developer
2105,28,92,1996-03-22,JP,publisher
2106,8,492,2012-02-14,WW,developer
2106,8,492,2012-02-14,EU,publisher
2106,4,492,2012-02-14,WW,developer
2106,4,492,2012-02-14,EU,publisher
2107,33,491,2014-05-27,WW,developer
2107,33,11,2014-05-27,NA,publisher
2107,6,491,2014-05-27,WW,developer
2107,6,11,2014-05-27,NA,publisher
2108,8,412,2012-10-01,WW,developer
2108,4,412,2012-10-01,WW,developer
2113,4,467,2003-10-21,NA,publisher
2114,4,555,2004-02-07,WW,developer
2114,4,555,2004-02-07,EU,publisher
2115,27,188,2002-10-15,NA,publisher
2115,4,188,2002-10-15,NA,publisher
2116,66,226,2012-10-26,WW,developer
2116,66,6,2012-10-26,JP,publisher
2117,4,968,2001-10-11,WW,developer
2117,4,620,2001-10-11,NA,publisher
2118,4,967,2011-10-07,WW,developer
2118,4,44,2011-10-07,EU,publisher
2118,6,967,2011-10-07,WW,developer
2118,6,44,2011-10-07,EU,publisher
2119,4,424,2000-03-16,WW,developer
2119,4,3,2000-03-16,NA,publisher
2121,8,533,2004-07-02,WW,developer
2121,4,533,2004-07-02,WW,developer
2122,31,366,2000-09-06,WW,developer
2122,31,1243,2000-09-06,WW,developer
2122,31,33,2000-09-06,NA,publisher
2123,31,33,1997-11-08,WW,developer
2123,31,366,1997-11-08,WW,developer
2123,31,33,1997-11-08,NA,publisher
2123,31,366,1997-11-08,NA,publisher
2124,4,984,1999-08-31,WW,developer
2125,4,671,2015-10-13,WW,developer
2125,4,182,2015-10-13,EU,publisher
2125,4,671,2015-10-13,NA,publisher
2125,8,671,2015-10-13,WW,developer
2125,8,182,2015-10-13,EU,publisher
2125,8,671,2015-10-13,NA,publisher
2126,4,687,1998-04-30,WW,developer
2126,31,687,1998-04-30,WW,developer
2127,31,366,1998-11-10,WW,developer
2127,31,33,1998-11-10,NA,publisher
2127,31,175,1998-11-10,NA,publisher
2128,66,545,1994-01-21,WW,developer
2128,66,6,1994-01-21,JP,publisher
2128,32,545,1994-01-21,WW,developer
2128,32,6,1994-01-21,JP,publisher
2129,4,594,1996-10-31,WW,developer
2129,94,594,1996-10-31,WW,developer
2129,24,594,1996-10-31,WW,developer
2130,67,545,1998-03-02,WW,developer
2130,67,6,1998-03-02,JP,publisher
2130,32,545,1998-03-02,WW,developer
2130,32,6,1998-03-02,JP,publisher
2131,71,399,1996-03-28,WW,developer
2131,71,399,1996-03-28,NA,publisher
2131,24,399,1996-03-28,WW,developer
2131,24,399,1996-03-28,NA,publisher
2131,94,399,1996-03-28,WW,developer
2131,94,399,1996-03-28,NA,publisher
2132,4,399,1996-02-12,WW,developer
2132,4,42,1996-02-12,NA,publisher
2132,94,399,1996-02-12,WW,developer
2132,94,42,1996-02-12,NA,publisher
2132,24,399,1996-02-12,WW,developer
2132,24,42,1996-02-12,NA,publisher
2133,4,463,1996-11-30,EU,publisher
2133,24,463,1996-11-30,EU,publisher
2133,8,463,1996-11-30,EU,publisher
2123,4,33,1997-11-08,WW,developer
2123,4,366,1997-11-08,WW,developer
2123,4,33,1997-11-08,NA,publisher
2123,4,366,1997-11-08,NA,publisher
2122,67,366,2000-09-06,WW,developer
2122,67,1243,2000-09-06,WW,developer
2122,67,33,2000-09-06,NA,publisher
2123,27,33,1997-11-08,WW,developer
2123,27,366,1997-11-08,WW,developer
2123,27,33,1997-11-08,NA,publisher
2123,27,366,1997-11-08,NA,publisher
2122,27,366,2000-09-06,WW,developer
2122,27,1243,2000-09-06,WW,developer
2122,27,33,2000-09-06,NA,publisher
2122,4,366,2000-09-06,WW,developer
2122,4,1243,2000-09-06,WW,developer
2122,4,33,2000-09-06,NA,publisher
2134,22,422,2003-01-30,WW,developer
2134,22,422,2003-01-30,JP,publisher
2134,4,422,2003-01-30,WW,developer
2134,4,422,2003-01-30,JP,publisher
2134,23,422,2003-01-30,WW,developer
2134,23,422,2003-01-30,JP,publisher
2135,94,42,1998-08-31,WW,developer
2135,94,42,1998-08-31,NA,publisher
2135,4,42,1998-08-31,WW,developer
2135,4,42,1998-08-31,NA,publisher
2136,4,113,1998-06-24,WW,developer
2136,4,305,1998-06-24,NA,publisher
2140,4,295,2012-09-28,WW,developer
2140,4,295,2012-09-28,EU,publisher
2141,27,395,2001-12-20,WW,developer
2141,27,395,2001-12-20,JP,publisher
2141,4,395,2001-12-20,WW,developer
2141,4,395,2001-12-20,JP,publisher
2142,4,1100,2003-02-24,WW,developer
2142,4,63,2003-02-24,NA,publisher
2142,94,1100,2003-02-24,WW,developer
2142,94,63,2003-02-24,NA,publisher
2142,8,1100,2003-02-24,WW,developer
2142,8,63,2003-02-24,NA,publisher
2143,51,452,2020-01-01,WW,developer
2143,51,452,2020-01-01,NA,publisher
2143,51,498,2020-01-01,EU,publisher
2143,51,897,2020-01-01,EU,publisher
2143,10,452,2020-01-01,WW,developer
2143,10,452,2020-01-01,NA,publisher
2143,10,498,2020-01-01,EU,publisher
2143,10,897,2020-01-01,EU,publisher
2143,73,452,2020-01-01,WW,developer
2143,73,452,2020-01-01,NA,publisher
2143,73,498,2020-01-01,EU,publisher
2143,73,897,2020-01-01,EU,publisher
2143,42,452,2020-01-01,WW,developer
2143,42,452,2020-01-01,NA,publisher
2143,42,498,2020-01-01,EU,publisher
2143,42,897,2020-01-01,EU,publisher
2143,34,452,2020-01-01,WW,developer
2143,34,452,2020-01-01,NA,publisher
2143,34,498,2020-01-01,EU,publisher
2143,34,897,2020-01-01,EU,publisher
2144,31,304,1999-10-11,WW,developer
2144,31,304,1999-10-11,EU,publisher
2146,4,490,2001-10-01,WW,developer
2146,4,490,2001-10-01,EU,publisher
2146,8,490,2001-10-01,WW,developer
2146,8,490,2001-10-01,EU,publisher
2147,31,370,1999-03-21,WW,developer
2147,31,6,1999-03-21,JP,publisher
2147,16,370,1999-03-21,WW,developer
2147,16,6,1999-03-21,JP,publisher
2149,4,1381,2016-01-26,WW,developer
2149,4,1381,2016-01-26,NA,publisher
2149,8,1381,2016-01-26,WW,developer
2149,8,1381,2016-01-26,NA,publisher
2150,4,455,2024-10-08,WW,developer
2150,4,455,2024-10-08,NA,publisher
2150,106,455,2024-10-08,WW,developer
2150,106,455,2024-10-08,NA,publisher
2150,8,455,2024-10-08,WW,developer
2150,8,455,2024-10-08,NA,publisher
2151,4,986,2001-09-23,WW,developer
2151,4,367,2001-09-23,NA,publisher
2153,4,342,2011-10-25,WW,developer
2153,4,795,2011-10-25,NA,publisher
2153,8,342,2011-10-25,WW,developer
2153,8,795,2011-10-25,NA,publisher
2154,8,1419,2012-01-04,WW,developer
2154,8,1419,2012-01-04,JP,publisher
2154,4,1419,2012-01-04,WW,developer
2154,4,1419,2012-01-04,JP,publisher
2155,4,405,1999-09-28,WW,developer
2155,4,405,1999-09-28,NA,publisher
2155,94,405,1999-09-28,WW,developer
2155,94,405,1999-09-28,NA,publisher
2157,4,622,1997-03-25,WW,developer
2157,4,42,1997-03-25,NA,publisher
2157,24,622,1997-03-25,WW,developer
2157,24,42,1997-03-25,NA,publisher
2158,4,796,1999-10-20,WW,developer
2158,4,499,1999-10-20,EU,publisher
2159,5,479,2024-11-19,WW,developer
2159,5,585,2024-11-19,WW,developer
2159,5,908,2024-11-19,WW,developer
2159,5,42,2024-11-19,NA,publisher
2159,22,479,2024-11-19,WW,developer
2159,22,585,2024-11-19,WW,developer
2159,22,908,2024-11-19,WW,developer
2159,22,42,2024-11-19,NA,publisher
2159,58,479,2024-11-19,WW,developer
2159,58,585,2024-11-19,WW,developer
2159,58,908,2024-11-19,WW,developer
2159,58,42,2024-11-19,NA,publisher
2159,4,479,2024-11-19,WW,developer
2159,4,585,2024-11-19,WW,developer
2159,4,908,2024-11-19,WW,developer
2159,4,42,2024-11-19,NA,publisher
2161,94,68,1999-01-31,WW,developer
2161,94,42,1999-01-31,NA,publisher
2161,4,68,1999-01-31,WW,developer
2161,4,42,1999-01-31,NA,publisher
2161,8,68,1999-01-31,WW,developer
2161,8,42,1999-01-31,NA,publisher
2165,4,1142,2001-05-11,WW,developer
2165,4,386,2001-05-11,NA,publisher
2159,8,479,2024-11-19,WW,developer
2159,8,585,2024-11-19,WW,developer
2159,8,908,2024-11-19,WW,developer
2159,8,42,2024-11-19,NA,publisher
2163,4,110,1996-11-22,WW,developer
2168,4,323,2013-03-05,WW,developer
2168,4,936,2013-03-05,WW,developer
2168,4,1169,2013-03-05,WW,developer
2168,4,56,2013-03-05,JP,publisher
2168,4,228,2013-03-05,EU,publisher
2168,8,323,2013-03-05,WW,developer
2168,8,936,2013-03-05,WW,developer
2168,8,1169,2013-03-05,WW,developer
2168,8,56,2013-03-05,JP,publisher
2168,8,228,2013-03-05,EU,publisher
2168,6,323,2013-03-05,WW,developer
2168,6,936,2013-03-05,WW,developer
2168,6,1169,2013-03-05,WW,developer
2168,6,56,2013-03-05,JP,publisher
2168,6,228,2013-03-05,EU,publisher
2169,31,232,1999-06-11,WW,developer
2169,31,6,1999-06-11,JP,publisher
2170,4,77,2001-06-29,WW,developer
2170,4,77,2001-06-29,EU,publisher
2171,33,809,2012-10-16,WW,developer
2171,33,92,2012-10-16,JP,publisher
2172,5,176,2002-11-18,WW,developer
2172,5,6,2002-11-18,JP,publisher
2172,27,176,2002-11-18,WW,developer
2172,27,6,2002-11-18,JP,publisher
2173,24,68,1996-11-01,WW,developer
2173,24,654,1996-11-01,WW,developer
2173,24,42,1996-11-01,NA,publisher
2173,24,68,1996-11-01,NA,publisher
2173,24,1135,1996-11-01,EU,publisher
2173,9,68,1996-11-01,WW,developer
2173,9,654,1996-11-01,WW,developer
2173,9,42,1996-11-01,NA,publisher
2173,9,68,1996-11-01,NA,publisher
2173,9,1135,1996-11-01,EU,publisher
2173,8,68,1996-11-01,WW,developer
2173,8,654,1996-11-01,WW,developer
2173,8,42,1996-11-01,NA,publisher
2173,8,68,1996-11-01,NA,publisher
2173,8,1135,1996-11-01,EU,publisher
2173,4,68,1996-11-01,WW,developer
2173,4,654,1996-11-01,WW,developer
2173,4,42,1996-11-01,NA,publisher
2173,4,68,1996-11-01,NA,publisher
2173,4,1135,1996-11-01,EU,publisher
2173,31,68,1996-11-01,WW,developer
2173,31,654,1996-11-01,WW,developer
2173,31,42,1996-11-01,NA,publisher
2173,31,68,1996-11-01,NA,publisher
2173,31,1135,1996-11-01,EU,publisher
2173,28,68,1996-11-01,WW,developer
2173,28,654,1996-11-01,WW,developer
2173,28,42,1996-11-01,NA,publisher
2173,28,68,1996-11-01,NA,publisher
2173,28,1135,1996-11-01,EU,publisher
2173,40,68,1996-11-01,WW,developer
2173,40,654,1996-11-01,WW,developer
2173,40,42,1996-11-01,NA,publisher
2173,40,68,1996-11-01,NA,publisher
2173,40,1135,1996-11-01,EU,publisher
2173,94,68,1996-11-01,WW,developer
2173,94,654,1996-11-01,WW,developer
2173,94,42,1996-11-01,NA,publisher
2173,94,68,1996-11-01,NA,publisher
2173,94,1135,1996-11-01,EU,publisher
2173,15,68,1996-11-01,WW,developer
2173,15,654,1996-11-01,WW,developer
2173,15,42,1996-11-01,NA,publisher
2173,15,68,1996-11-01,NA,publisher
2173,15,1135,1996-11-01,EU,publisher
2174,8,556,1999-04-30,WW,developer
2174,4,556,1999-04-30,WW,developer
2175,4,113,2000-11-23,WW,developer
2175,4,3,2000-11-23,NA,publisher
2176,22,560,2005-05-19,WW,developer
2176,22,6,2005-05-19,JP,publisher
2176,16,560,2005-05-19,WW,developer
2176,16,6,2005-05-19,JP,publisher
2177,4,56,2011-10-27,WW,developer
2177,4,56,2011-10-27,JP,publisher
2177,23,56,2011-10-27,WW,developer
2177,23,56,2011-10-27,JP,publisher
2179,8,212,1996-12-31,WW,developer
2179,8,212,1996-12-31,NA,publisher
2179,24,212,1996-12-31,WW,developer
2179,24,212,1996-12-31,NA,publisher
2179,4,212,1996-12-31,WW,developer
2179,4,212,1996-12-31,NA,publisher
2180,8,469,2003-09-16,WW,developer
2180,8,757,2003-09-16,EU,publisher
2180,6,469,2003-09-16,WW,developer
2180,6,757,2003-09-16,EU,publisher
2180,4,469,2003-09-16,WW,developer
2180,4,757,2003-09-16,EU,publisher
2182,4,56,2016-11-29,WW,developer
2182,4,879,2016-11-29,WW,developer
2182,4,56,2016-11-29,JP,publisher
2183,10,8,2012-02-16,WW,developer
2183,10,8,2012-02-16,JP,publisher
2183,63,8,2012-02-16,WW,developer
2183,63,8,2012-02-16,JP,publisher
2183,42,8,2012-02-16,WW,developer
2183,42,8,2012-02-16,JP,publisher
2183,5,8,2012-02-16,WW,developer
2183,5,8,2012-02-16,JP,publisher
2184,5,316,2012-02-23,WW,developer
2184,5,318,2012-02-23,WW,developer
2184,5,482,2012-02-23,WW,developer
2184,5,6,2012-02-23,JP,publisher
2185,66,40,2011-02-26,WW,developer
2185,66,6,2011-02-26,JP,publisher
2186,6,241,2001-12-03,WW,developer
2186,6,11,2001-12-03,NA,publisher
2186,33,241,2001-12-03,WW,developer
2186,33,11,2001-12-03,NA,publisher
2187,4,167,2001-09-30,WW,developer
2188,23,92,2001-02-22,WW,developer
2188,23,92,2001-02-22,JP,publisher
2188,4,92,2001-02-22,WW,developer
2188,4,92,2001-02-22,JP,publisher
2189,16,504,2003-11-17,WW,developer
2189,16,6,2003-11-17,JP,publisher
2190,22,504,2005-11-28,WW,developer
2190,22,6,2005-11-28,JP,publisher
2190,16,504,2005-11-28,WW,developer
2190,16,6,2005-11-28,JP,publisher
2192,6,188,2011-11-15,NA,publisher
2192,4,188,2011-11-15,NA,publisher
2193,31,16,1998-10-21,NA,publisher
2194,4,1195,2012-04-11,WW,developer
2194,4,1195,2012-04-11,EU,publisher
2194,8,1195,2012-04-11,WW,developer
2194,8,1195,2012-04-11,EU,publisher
2195,4,212,1998-03-23,NA,publisher
2196,4,300,1997-11-21,WW,developer
2196,4,473,1997-11-21,JP,publisher
2196,4,985,1997-11-21,JP,publisher
2197,31,341,1999-05-31,WW,developer
2197,31,43,1999-05-31,JP,publisher
2198,66,370,2012-04-28,WW,developer
2198,66,6,2012-04-28,JP,publisher
2199,4,388,1996-01-01,WW,developer
2199,8,388,1996-01-01,WW,developer
2205,31,1064,2001-03-01,WW,developer
2205,31,188,2001-03-01,NA,publisher
2205,67,1064,2001-03-01,WW,developer
2205,67,188,2001-03-01,NA,publisher
2206,4,784,2003-10-28,WW,developer
2206,4,13,2003-10-28,NA,publisher
2207,4,717,2011-01-20,WW,developer
2207,94,717,2011-01-20,WW,developer
2208,31,92,1999-07-29,WW,developer
2208,31,92,1999-07-29,JP,publisher
2211,27,613,2003-07-23,WW,developer
2211,27,387,2003-07-23,NA,publisher
2212,4,818,1997-02-01,WW,developer
2212,4,818,1997-02-01,NA,publisher
2212,47,818,1997-02-01,WW,developer
2212,47,818,1997-02-01,NA,publisher
2212,24,818,1997-02-01,WW,developer
2212,24,818,1997-02-01,NA,publisher
2212,94,818,1997-02-01,WW,developer
2212,94,818,1997-02-01,NA,publisher
2213,28,370,1996-03-21,WW,developer
2213,28,6,1996-03-21,JP,publisher
2214,31,33,1997-05-21,WW,developer
2214,4,33,1997-05-21,WW,developer
2215,27,188,2003-09-10,NA,publisher
2216,94,123,1997-05-07,WW,developer
2216,94,212,1997-05-07,NA,publisher
2216,24,123,1997-05-07,WW,developer
2216,24,212,1997-05-07,NA,publisher
2216,4,123,1997-05-07,WW,developer
2216,4,212,1997-05-07,NA,publisher
2217,24,446,1999-01-01,WW,developer
2217,24,187,1999-01-01,NA,publisher
2217,48,446,1999-01-01,WW,developer
2217,48,187,1999-01-01,NA,publisher
2217,40,446,1999-01-01,WW,developer
2217,40,187,1999-01-01,NA,publisher
2219,8,966,2011-05-11,WW,developer
2219,8,966,2011-05-11,NA,publisher
2219,4,966,2011-05-11,WW,developer
2219,4,966,2011-05-11,NA,publisher
2220,28,248,1996-02-03,WW,developer
2220,28,248,1996-02-03,JP,publisher
2221,4,368,2023-06-28,WW,developer
2221,4,427,2023-06-28,NA,publisher
2223,4,513,2001-06-01,WW,developer
2223,4,228,2001-06-01,EU,publisher
2224,4,447,2001-11-01,WW,developer
2224,4,1150,2001-11-01,EU,publisher
2224,8,447,2001-11-01,WW,developer
2224,8,1150,2001-11-01,EU,publisher
2224,94,447,2001-11-01,WW,developer
2224,94,1150,2001-11-01,EU,publisher
2225,16,162,2013-08-20,WW,developer
2225,4,162,2013-08-20,WW,developer
2225,6,162,2013-08-20,WW,developer
2226,27,43,2001-12-07,WW,developer
2227,4,510,2001-06-20,WW,developer
2227,4,367,2001-06-20,NA,publisher
2228,31,6,2001-04-08,WW,developer
2228,31,6,2001-04-08,JP,publisher
2228,76,6,2001-04-08,WW,developer
2228,76,6,2001-04-08,JP,publisher
2231,4,1253,2016-06-03,WW,developer
2233,8,1346,2014-06-11,WW,developer
2233,8,754,2014-06-11,NA,publisher
2233,4,1346,2014-06-11,WW,developer
2233,4,754,2014-06-11,NA,publisher
2233,6,1346,2014-06-11,WW,developer
2233,6,754,2014-06-11,NA,publisher
2234,4,755,2014-03-14,WW,developer
2234,4,501,2014-03-14,EU,publisher
2237,31,288,1998-09-11,WW,developer
2237,31,288,1998-09-11,NA,publisher
2232,4,110,1997-01-01,WW,developer
2241,24,305,2022-12-19,WW,developer
2241,24,305,2022-12-19,NA,publisher
2241,10,305,2022-12-19,WW,developer
2241,10,305,2022-12-19,NA,publisher
2241,42,305,2022-12-19,WW,developer
2241,42,305,2022-12-19,NA,publisher
2242,4,131,1998-02-28,WW,developer
2242,4,212,1998-02-28,NA,publisher
2243,27,586,2002-09-25,WW,developer
2243,27,57,2002-09-25,NA,publisher
2246,5,176,2007-08-27,WW,developer
2246,5,6,2007-08-27,JP,publisher
2247,5,353,2011-01-27,WW,developer
2248,67,263,1998-09-12,WW,developer
2248,67,6,1998-09-12,JP,publisher
2248,32,263,1998-09-12,WW,developer
2248,32,6,1998-09-12,JP,publisher
2249,31,443,1999-10-29,WW,developer
2249,31,443,1999-10-29,JP,publisher
2250,27,92,2002-04-25,WW,developer
2250,27,92,2002-04-25,JP,publisher
2251,6,178,2011-01-18,WW,developer
2251,6,216,2011-01-18,WW,developer
2251,6,11,2011-01-18,NA,publisher
2254,4,252,1998-10-31,WW,developer
2254,4,42,1998-10-31,NA,publisher
2254,31,252,1998-10-31,WW,developer
2254,31,42,1998-10-31,NA,publisher
2255,23,201,1998-11-19,WW,developer
2255,23,201,1998-11-19,JP,publisher
2256,94,1613,1997-09-24,WW,developer
2256,94,1613,1997-09-24,EU,publisher
2256,4,1613,1997-09-24,WW,developer
2256,4,1613,1997-09-24,EU,publisher
2257,22,585,2005-10-20,WW,developer
2257,22,6,2005-10-20,JP,publisher
2258,4,393,1997-08-31,WW,developer
2258,4,42,1997-08-31,NA,publisher
2259,67,784,2000-05-20,WW,developer
2260,4,82,1999-04-02,WW,developer
2260,4,82,1999-04-02,EU,publisher
2261,22,8,2017-12-21,WW,developer
2261,22,8,2017-12-21,JP,publisher
2263,23,481,1997-02-28,WW,developer
2263,23,278,1997-02-28,JP,publisher
2264,22,826,2016-05-05,WW,developer
2264,22,6,2016-05-05,JP,publisher
2264,16,826,2016-05-05,WW,developer
2264,16,6,2016-05-05,JP,publisher
2266,4,467,1999-02-01,NA,publisher
2266,4,1691,1999-02-01,EU,publisher
2266,8,467,1999-02-01,NA,publisher
2266,8,1691,1999-02-01,EU,publisher
2266,94,467,1999-02-01,NA,publisher
2266,94,1691,1999-02-01,EU,publisher
2267,28,6,1998-03-01,JP,publisher
2269,4,812,2017-10-16,WW,developer
2269,4,812,2017-10-16,NA,publisher
2269,8,812,2017-10-16,WW,developer
2269,8,812,2017-10-16,NA,publisher
2271,4,1143,2002-06-18,WW,developer
2271,4,42,2002-06-18,NA,publisher
2272,5,560,2010-08-31,WW,developer
2272,5,680,2010-08-31,WW,developer
2272,5,1581,2010-08-31,WW,developer
2272,5,6,2010-08-31,JP,publisher
2272,16,560,2010-08-31,WW,developer
2272,16,680,2010-08-31,WW,developer
2272,16,1581,2010-08-31,WW,developer
2272,16,6,2010-08-31,JP,publisher
2274,27,497,2002-06-09,WW,developer
2274,27,188,2002-06-09,NA,publisher
2275,31,366,1999-08-31,WW,developer
2275,31,366,1999-08-31,NA,publisher
2276,55,117,2024-03-07,WW,developer
2276,55,117,2024-03-07,JP,publisher
2276,55,1164,2024-03-07,JP,publisher
2276,4,117,2024-03-07,WW,developer
2276,4,117,2024-03-07,JP,publisher
2276,4,1164,2024-03-07,JP,publisher
2277,24,1006,1996-01-01,WW,developer
2280,32,827,2001-11-18,WW,developer
2280,32,188,2001-11-18,NA,publisher
2281,31,105,1999-07-31,WW,developer
2281,67,105,1999-07-31,WW,developer
2282,31,268,1999-01-01,WW,developer
2282,31,188,1999-01-01,NA,publisher
2283,28,1006,1996-02-01,WW,developer
2284,4,323,2001-10-31,WW,developer
2284,4,228,2001-10-31,EU,publisher
2286,23,321,1996-10-31,WW,developer
2286,23,11,1996-10-31,NA,publisher
2287,67,519,2000-11-10,WW,developer
2287,67,117,2000-11-10,JP,publisher
2241,4,305,2022-12-19,WW,developer
2241,4,305,2022-12-19,NA,publisher
2256,22,1613,1997-09-24,WW,developer
2256,22,1613,1997-09-24,EU,publisher
2289,31,42,2000-12-01,WW,developer
2289,31,42,2000-12-01,NA,publisher
2291,8,324,2001-11-15,WW,developer
2291,8,324,2001-11-15,NA,publisher
2291,4,324,2001-11-15,WW,developer
2291,4,324,2001-11-15,NA,publisher
2292,31,674,1998-07-31,WW,developer
2292,31,6,1998-07-31,JP,publisher
2292,4,674,1998-07-31,WW,developer
2292,4,6,1998-07-31,JP,publisher
2293,67,370,1999-04-14,WW,developer
2293,67,541,1999-04-14,WW,developer
2293,67,6,1999-04-14,JP,publisher
2296,4,12,2001-11-01,WW,developer
2296,4,12,2001-11-01,EU,publisher
2297,27,42,2002-03-22,NA,publisher
2298,4,276,1998-01-01,WW,developer
2298,4,166,1998-01-01,JP,publisher
2298,94,276,1998-01-01,WW,developer
2298,94,166,1998-01-01,JP,publisher
2299,31,40,1999-04-30,WW,developer
2299,31,370,1999-04-30,WW,developer
2299,31,6,1999-04-30,JP,publisher
2302,8,589,2023-08-24,WW,developer
2302,8,1663,2023-08-24,WW,developer
2302,8,589,2023-08-24,JP,publisher
2302,8,1663,2023-08-24,EU,publisher
2302,4,589,2023-08-24,WW,developer
2302,4,1663,2023-08-24,WW,developer
2302,4,589,2023-08-24,JP,publisher
2302,4,1663,2023-08-24,EU,publisher
2304,31,358,1998-07-10,WW,developer
2304,31,358,1998-07-10,JP,publisher
2305,4,1568,1999-08-20,WW,developer
2306,4,513,1998-11-30,WW,developer
2306,4,228,1998-11-30,EU,publisher
2310,4,417,1998-01-01,WW,developer
2310,4,417,1998-01-01,EU,publisher
2314,4,170,2013-04-10,WW,developer
2316,4,243,1998-09-23,WW,developer
2316,4,358,1998-09-23,JP,publisher
2317,5,400,2018-07-27,WW,developer
2317,5,400,2018-07-27,JP,publisher
2318,4,478,1998-03-31,WW,developer
2318,4,42,1998-03-31,NA,publisher
2319,6,1271,2002-07-05,WW,developer
2319,6,117,2002-07-05,JP,publisher
2319,27,1271,2002-07-05,WW,developer
2319,27,117,2002-07-05,JP,publisher
2320,16,34,2001-07-21,WW,developer
2320,16,6,2001-07-21,JP,publisher
2322,4,398,2015-05-07,WW,developer
2322,4,398,2015-05-07,EU,publisher
2323,4,921,2013-03-18,WW,developer
2323,4,6,2013-03-18,JP,publisher
2323,4,599,2013-03-18,NA,publisher
2323,16,921,2013-03-18,WW,developer
2323,16,6,2013-03-18,JP,publisher
2323,16,599,2013-03-18,NA,publisher
2324,4,916,1998-06-30,WW,developer
2324,4,1055,1998-06-30,NA,publisher
2325,27,29,2001-10-24,WW,developer
2327,4,715,2013-03-05,WW,developer
2327,4,400,2013-03-05,JP,publisher
2327,6,715,2013-03-05,WW,developer
2327,6,400,2013-03-05,JP,publisher
2328,4,17,2014-11-04,WW,developer
2328,4,247,2014-11-04,WW,developer
2328,4,251,2014-11-04,WW,developer
2328,4,17,2014-11-04,NA,publisher
2328,6,17,2014-11-04,WW,developer
2328,6,247,2014-11-04,WW,developer
2328,6,251,2014-11-04,WW,developer
2328,6,17,2014-11-04,NA,publisher
2328,8,17,2014-11-04,WW,developer
2328,8,247,2014-11-04,WW,developer
2328,8,251,2014-11-04,WW,developer
2328,8,17,2014-11-04,NA,publisher
2329,66,8,2001-02-27,WW,developer
2329,66,737,2001-02-27,WW,developer
2329,66,6,2001-02-27,JP,publisher
2329,67,8,2001-02-27,WW,developer
2329,67,737,2001-02-27,WW,developer
2329,67,6,2001-02-27,JP,publisher
2330,16,504,2009-02-11,WW,developer
2330,16,6,2009-02-11,JP,publisher
2330,22,504,2009-02-11,WW,developer
2330,22,6,2009-02-11,JP,publisher
2300,4,1048,2020-08-18,WW,developer
2300,4,121,2020-08-18,NA,publisher
2309,4,346,2001-02-21,WW,developer
2309,4,228,2001-02-21,EU,publisher
2368,67,1031,2001-03-26,WW,developer
2368,67,188,2001-03-26,NA,publisher
2370,4,603,2001-09-24,WW,developer
2371,4,425,1999-01-02,WW,developer
2371,4,425,1999-01-02,NA,publisher
2371,8,425,1999-01-02,WW,developer
2371,8,425,1999-01-02,NA,publisher
2373,8,1383,2017-02-22,WW,developer
2373,8,1383,2017-02-22,EU,publisher
2373,4,1383,2017-02-22,WW,developer
2373,4,1383,2017-02-22,EU,publisher
2374,23,192,2002-05-28,WW,developer
2374,23,42,2002-05-28,NA,publisher
2374,27,192,2002-05-28,WW,developer
2374,27,42,2002-05-28,NA,publisher
2376,4,555,2002-01-01,WW,developer
2376,4,236,2002-01-01,EU,publisher
2377,4,1613,2018-11-15,WW,developer
2378,28,33,1996-01-01,WW,developer
2379,8,368,1998-10-31,WW,developer
2379,4,368,1998-10-31,WW,developer
2380,4,123,2000-03-31,WW,developer
2380,4,212,2000-03-31,NA,publisher
2331,27,252,2002-10-25,WW,developer
2331,27,288,2002-10-25,NA,publisher
2331,4,252,2002-10-25,WW,developer
2331,4,288,2002-10-25,NA,publisher
2332,4,569,2013-04-30,WW,developer
2332,6,569,2013-04-30,WW,developer
2334,36,249,2001-12-20,WW,developer
2334,36,390,2001-12-20,WW,developer
2335,27,366,2001-05-01,WW,developer
2335,27,33,2001-05-01,NA,publisher
2336,4,390,2000-12-21,WW,developer
2336,27,390,2000-12-21,WW,developer
2338,27,681,2005-08-04,WW,developer
2338,27,6,2005-08-04,JP,publisher
2339,5,176,2004-11-15,WW,developer
2339,5,6,2004-11-15,JP,publisher
2339,27,176,2004-11-15,WW,developer
2339,27,6,2004-11-15,JP,publisher
2340,4,312,2013-06-25,EU,publisher
2340,4,889,2013-06-25,EU,publisher
2340,8,312,2013-06-25,EU,publisher
2340,8,889,2013-06-25,EU,publisher
2341,94,297,1998-09-30,WW,developer
2341,8,297,1998-09-30,WW,developer
2341,4,297,1998-09-30,WW,developer
2342,27,983,2002-10-15,WW,developer
2345,94,123,2000-11-17,WW,developer
2345,94,212,2000-11-17,NA,publisher
2345,4,123,2000-11-17,WW,developer
2345,4,212,2000-11-17,NA,publisher
2345,8,123,2000-11-17,WW,developer
2345,8,212,2000-11-17,NA,publisher
2346,4,375,2013-06-25,WW,developer
2346,6,375,2013-06-25,WW,developer
2349,94,716,1996-01-01,WW,developer
2349,94,825,1996-01-01,NA,publisher
2349,4,716,1996-01-01,WW,developer
2349,4,825,1996-01-01,NA,publisher
2350,4,795,1999-12-31,NA,publisher
2351,4,1137,2001-03-30,WW,developer
2351,4,1143,2001-03-30,WW,developer
2351,4,369,2001-03-30,EU,publisher
2352,67,545,2000-03-21,WW,developer
2352,67,6,2000-03-21,JP,publisher
2353,8,797,1997-04-30,WW,developer
2353,8,212,1997-04-30,NA,publisher
2353,94,797,1997-04-30,WW,developer
2353,94,212,1997-04-30,NA,publisher
2353,24,797,1997-04-30,WW,developer
2353,24,212,1997-04-30,NA,publisher
2353,4,797,1997-04-30,WW,developer
2353,4,212,1997-04-30,NA,publisher
2354,23,1011,1996-08-02,WW,developer
2354,23,42,1996-08-02,NA,publisher
2355,34,606,2023-03-23,WW,developer
2355,34,1421,2023-03-23,WW,developer
2355,34,478,2023-03-23,NA,publisher
2355,34,498,2023-03-23,EU,publisher
2355,26,606,2023-03-23,WW,developer
2355,26,1421,2023-03-23,WW,developer
2355,26,478,2023-03-23,NA,publisher
2355,26,498,2023-03-23,EU,publisher
2355,73,606,2023-03-23,WW,developer
2355,73,1421,2023-03-23,WW,developer
2355,73,478,2023-03-23,NA,publisher
2355,73,498,2023-03-23,EU,publisher
2355,10,606,2023-03-23,WW,developer
2355,10,1421,2023-03-23,WW,developer
2355,10,478,2023-03-23,NA,publisher
2355,10,498,2023-03-23,EU,publisher
2355,4,606,2023-03-23,WW,developer
2355,4,1421,2023-03-23,WW,developer
2355,4,478,2023-03-23,NA,publisher
2355,4,498,2023-03-23,EU,publisher
2355,42,606,2023-03-23,WW,developer
2355,42,1421,2023-03-23,WW,developer
2355,42,478,2023-03-23,NA,publisher
2355,42,498,2023-03-23,EU,publisher
2357,26,33,1996-01-01,WW,developer
2357,26,33,1996-01-01,NA,publisher
2357,68,33,1996-01-01,WW,developer
2357,68,33,1996-01-01,NA,publisher
2357,49,33,1996-01-01,WW,developer
2357,49,33,1996-01-01,NA,publisher
2357,52,33,1996-01-01,WW,developer
2357,52,33,1996-01-01,NA,publisher
2357,10,33,1996-01-01,WW,developer
2357,10,33,1996-01-01,NA,publisher
2357,4,33,1996-01-01,WW,developer
2357,4,33,1996-01-01,NA,publisher
2357,67,33,1996-01-01,WW,developer
2357,67,33,1996-01-01,NA,publisher
2357,28,33,1996-01-01,WW,developer
2357,28,33,1996-01-01,NA,publisher
2357,32,33,1996-01-01,WW,developer
2357,32,33,1996-01-01,NA,publisher
2359,4,56,2013-11-21,WW,developer
2359,4,56,2013-11-21,JP,publisher
2359,6,56,2013-11-21,WW,developer
2359,6,56,2013-11-21,JP,publisher
2361,32,40,1997-06-24,WW,developer
2361,32,6,1997-06-24,JP,publisher
2362,23,675,1996-12-20,WW,developer
2362,23,11,1996-12-20,NA,publisher
2364,4,1438,1996-12-13,WW,developer
2366,27,218,2002-05-20,WW,developer
2366,27,188,2002-05-20,NA,publisher
2383,23,630,1996-04-26,WW,developer
2384,21,6,1982-01-01,WW,developer
2384,21,6,1982-01-01,JP,publisher
2384,68,6,1982-01-01,WW,developer
2384,68,6,1982-01-01,JP,publisher
2384,52,6,1982-01-01,WW,developer
2384,52,6,1982-01-01,JP,publisher
2384,26,6,1982-01-01,WW,developer
2384,26,6,1982-01-01,JP,publisher
2384,61,6,1982-01-01,WW,developer
2384,61,6,1982-01-01,JP,publisher
2384,69,6,1982-01-01,WW,developer
2384,69,6,1982-01-01,JP,publisher
2384,16,6,1982-01-01,WW,developer
2384,16,6,1982-01-01,JP,publisher
2385,4,13,2014-02-24,NA,publisher
2385,4,1135,2014-02-24,EU,publisher
2386,4,1242,2013-03-26,WW,developer
2386,4,135,2013-03-26,NA,publisher
2386,16,1242,2013-03-26,WW,developer
2386,16,135,2013-03-26,NA,publisher
2386,6,1242,2013-03-26,WW,developer
2386,6,135,2013-03-26,NA,publisher
2386,8,1242,2013-03-26,WW,developer
2386,8,135,2013-03-26,NA,publisher
2387,4,425,1997-10-29,WW,developer
2387,4,657,1997-10-29,NA,publisher
2387,8,425,1997-10-29,WW,developer
2387,8,657,1997-10-29,NA,publisher
2387,94,425,1997-10-29,WW,developer
2387,94,657,1997-10-29,NA,publisher
2388,4,68,1997-10-31,WW,developer
2388,4,42,1997-10-31,NA,publisher
2389,31,166,1997-12-19,WW,developer
2389,31,166,1997-12-19,JP,publisher
2390,24,1061,2020-09-01,WW,developer
2390,24,449,2020-09-01,EU,publisher
2390,10,1061,2020-09-01,WW,developer
2390,10,449,2020-09-01,EU,publisher
2390,42,1061,2020-09-01,WW,developer
2390,42,449,2020-09-01,EU,publisher
2391,16,40,2014-01-10,WW,developer
2391,16,6,2014-01-10,JP,publisher
2392,6,110,1996-06-01,WW,developer
2392,27,110,1996-06-01,WW,developer
2393,31,612,1998-03-27,WW,developer
2393,31,612,1998-03-27,JP,publisher
2394,4,594,1997-11-30,WW,developer
2395,66,370,1995-03-21,WW,developer
2395,66,6,1995-03-21,JP,publisher
2395,32,370,1995-03-21,WW,developer
2395,32,6,1995-03-21,JP,publisher
2395,67,370,1995-03-21,WW,developer
2395,67,6,1995-03-21,JP,publisher
2396,4,394,1998-07-31,WW,developer
2396,4,228,1998-07-31,EU,publisher
2396,4,1150,1998-07-31,EU,publisher
2397,23,358,1997-07-07,WW,developer
2397,23,631,1997-07-07,WW,developer
2397,23,11,1997-07-07,NA,publisher
2398,4,516,2000-04-05,WW,developer
2399,4,246,1997-11-25,WW,developer
2399,4,246,1997-11-25,NA,publisher
2399,4,1150,1997-11-25,EU,publisher
2399,94,246,1997-11-25,WW,developer
2399,94,246,1997-11-25,NA,publisher
2399,94,1150,1997-11-25,EU,publisher
2400,31,40,2000-12-14,WW,developer
2400,31,6,2000-12-14,JP,publisher
2401,27,681,2003-11-21,WW,developer
2401,27,6,2003-11-21,JP,publisher
2402,4,561,1996-09-30,WW,developer
2402,4,463,1996-09-30,EU,publisher
2402,8,561,1996-09-30,WW,developer
2402,8,463,1996-09-30,EU,publisher
2402,94,561,1996-09-30,WW,developer
2402,94,463,1996-09-30,EU,publisher
2402,24,561,1996-09-30,WW,developer
2402,24,463,1996-09-30,EU,publisher
2403,4,68,1996-01-01,WW,developer
2403,4,68,1996-01-01,NA,publisher
2403,94,68,1996-01-01,WW,developer
2403,94,68,1996-01-01,NA,publisher
2404,4,103,1997-09-29,WW,developer
2405,23,18,1996-11-01,WW,developer
2405,23,323,1996-11-01,NA,publisher
2405,4,18,1996-11-01,WW,developer
2405,4,323,1996-11-01,NA,publisher
2407,4,39,2020-11-16,EU,publisher
2407,94,39,2020-11-16,EU,publisher
2407,24,39,2020-11-16,EU,publisher
2407,60,39,2020-11-16,EU,publisher
2408,31,468,1998-01-31,WW,developer
2408,31,829,1998-01-31,WW,developer
2408,31,449,1998-01-31,EU,publisher
2408,31,795,1998-01-31,NA,publisher
2410,6,306,2013-03-12,WW,developer
2410,6,11,2013-03-12,NA,publisher
2411,66,673,2013-03-20,WW,developer
2411,66,6,2013-03-20,JP,publisher
2412,23,519,2000-11-30,WW,developer
2412,23,117,2000-11-30,JP,publisher
2413,4,63,1997-03-01,WW,developer
2413,4,63,1997-03-01,NA,publisher
2386,106,1242,2013-03-26,WW,developer
2386,106,135,2013-03-26,NA,publisher
2390,4,1061,2020-09-01,WW,developer
2390,4,449,2020-09-01,EU,publisher
2414,23,8,1997-09-11,WW,developer
2414,23,1102,1997-09-11,NA,publisher
2416,49,545,1982-01-01,WW,developer
2416,49,6,1982-01-01,JP,publisher
2416,68,545,1982-01-01,WW,developer
2416,68,6,1982-01-01,JP,publisher
2416,61,545,1982-01-01,WW,developer
2416,61,6,1982-01-01,JP,publisher
2416,26,545,1982-01-01,WW,developer
2416,26,6,1982-01-01,JP,publisher
2417,66,8,2000-10-20,WW,developer
2417,66,8,2000-10-20,JP,publisher
2417,67,8,2000-10-20,WW,developer
2417,67,8,2000-10-20,JP,publisher
2418,6,11,2013-07-30,NA,publisher
2418,23,11,2013-07-30,NA,publisher
2421,31,105,1998-07-31,WW,developer
2422,26,262,2019-09-27,WW,developer
2422,26,56,2019-09-27,JP,publisher
2422,26,435,2019-09-27,JP,publisher
2422,67,262,2019-09-27,WW,developer
2422,67,56,2019-09-27,JP,publisher
2422,67,435,2019-09-27,JP,publisher
2422,5,262,2019-09-27,WW,developer
2422,5,56,2019-09-27,JP,publisher
2422,5,435,2019-09-27,JP,publisher
2422,66,262,2019-09-27,WW,developer
2422,66,56,2019-09-27,JP,publisher
2422,66,435,2019-09-27,JP,publisher
2422,28,262,2019-09-27,WW,developer
2422,28,56,2019-09-27,JP,publisher
2422,28,435,2019-09-27,JP,publisher
2422,55,262,2019-09-27,WW,developer
2422,55,56,2019-09-27,JP,publisher
2422,55,435,2019-09-27,JP,publisher
2423,32,34,1996-08-01,WW,developer
2423,32,6,1996-08-01,JP,publisher
2423,28,34,1996-08-01,WW,developer
2423,28,6,1996-08-01,JP,publisher
2424,4,790,2000-12-15,WW,developer
2424,4,228,2000-12-15,EU,publisher
2424,4,1150,2000-12-15,EU,publisher
2425,4,984,1998-09-30,WW,developer
2425,4,121,1998-09-30,NA,publisher
2426,4,246,1998-12-20,WW,developer
2426,4,246,1998-12-20,NA,publisher
2426,94,246,1998-12-20,WW,developer
2426,94,246,1998-12-20,NA,publisher
2426,8,246,1998-12-20,WW,developer
2426,8,246,1998-12-20,NA,publisher
2427,26,82,2013-11-28,WW,developer
2427,26,702,2013-11-28,NA,publisher
2427,24,82,2013-11-28,WW,developer
2427,24,702,2013-11-28,NA,publisher
2429,4,574,2000-11-16,WW,developer
2431,4,718,2001-05-18,WW,developer
2431,4,1150,2001-05-18,EU,publisher
2431,67,718,2001-05-18,WW,developer
2431,67,1150,2001-05-18,EU,publisher
2433,16,34,2016-03-03,WW,developer
2433,16,6,2016-03-03,JP,publisher
2433,22,34,2016-03-03,WW,developer
2433,22,6,2016-03-03,JP,publisher
2436,5,6,2008-01-18,WW,developer
2436,5,6,2008-01-18,JP,publisher
2437,67,435,1998-09-25,WW,developer
2437,67,435,1998-09-25,JP,publisher
2438,4,724,2013-06-03,WW,developer
2438,4,8,2013-06-03,JP,publisher
2438,6,724,2013-06-03,WW,developer
2438,6,8,2013-06-03,JP,publisher
2439,4,8,1996-05-31,WW,developer
2439,4,8,1996-05-31,JP,publisher
2440,67,263,2000-12-14,WW,developer
2440,67,6,2000-12-14,JP,publisher
2441,16,545,2001-08-21,WW,developer
2441,16,6,2001-08-21,JP,publisher
2442,4,859,2016-05-31,WW,developer
2442,4,859,2016-05-31,NA,publisher
2442,106,859,2016-05-31,WW,developer
2442,106,859,2016-05-31,NA,publisher
2443,8,579,2013-07-12,WW,developer
2443,16,579,2013-07-12,WW,developer
2443,66,579,2013-07-12,WW,developer
2443,4,579,2013-07-12,WW,developer
2443,6,579,2013-07-12,WW,developer
2443,5,579,2013-07-12,WW,developer
2444,28,288,1997-01-01,WW,developer
2444,28,42,1997-01-01,NA,publisher
2444,4,288,1997-01-01,WW,developer
2444,4,42,1997-01-01,NA,publisher
2445,43,234,2018-11-15,WW,developer
2445,43,1613,2018-11-15,WW,developer
2445,43,234,2018-11-15,EU,publisher
2445,43,1613,2018-11-15,EU,publisher
2445,4,234,2018-11-15,WW,developer
2445,4,1613,2018-11-15,WW,developer
2445,4,234,2018-11-15,EU,publisher
2445,4,1613,2018-11-15,EU,publisher
2445,72,234,2018-11-15,WW,developer
2445,72,1613,2018-11-15,WW,developer
2445,72,234,2018-11-15,EU,publisher
2445,72,1613,2018-11-15,EU,publisher
2446,4,345,1996-03-15,WW,developer
2446,4,345,1996-03-15,NA,publisher
2446,94,345,1996-03-15,WW,developer
2446,94,345,1996-03-15,NA,publisher
2447,6,321,1996-10-31,WW,developer
2447,6,794,1996-10-31,WW,developer
2447,6,11,1996-10-31,NA,publisher
2447,4,321,1996-10-31,WW,developer
2447,4,794,1996-10-31,WW,developer
2447,4,11,1996-10-31,NA,publisher
2419,27,556,2000-10-26,WW,developer
2448,4,1100,2013-12-13,WW,developer
2448,4,57,2013-12-13,NA,publisher
2448,4,931,2013-12-13,NA,publisher
2449,87,546,1996-01-01,WW,developer
2449,87,354,1996-01-01,JP,publisher
2449,4,546,1996-01-01,WW,developer
2449,4,354,1996-01-01,JP,publisher
2449,62,546,1996-01-01,WW,developer
2449,62,354,1996-01-01,JP,publisher
2451,4,452,1998-02-28,WW,developer
2451,4,452,1998-02-28,NA,publisher
2452,4,639,1997-11-30,WW,developer
2452,4,427,1997-11-30,NA,publisher
2453,4,780,2013-01-01,WW,developer
2453,4,284,2013-01-01,EU,publisher
2453,6,780,2013-01-01,WW,developer
2453,6,284,2013-01-01,EU,publisher
2454,16,370,2006-04-20,WW,developer
2454,16,6,2006-04-20,JP,publisher
2455,4,518,1998-11-25,WW,developer
2455,67,518,1998-11-25,WW,developer
2456,31,92,1997-06-01,WW,developer
2456,31,92,1997-06-01,JP,publisher
2457,55,586,2022-07-21,WW,developer
2457,55,586,2022-07-21,EU,publisher
2457,42,586,2022-07-21,WW,developer
2457,42,586,2022-07-21,EU,publisher
2457,10,586,2022-07-21,WW,developer
2457,10,586,2022-07-21,EU,publisher
2458,4,960,1998-01-01,WW,developer
2458,4,369,1998-01-01,EU,publisher
2460,31,92,1998-06-04,WW,developer
2460,31,92,1998-06-04,JP,publisher
2461,6,391,2013-05-21,WW,developer
2461,6,11,2013-05-21,NA,publisher
2462,4,12,1998-01-01,WW,developer
2462,4,12,1998-01-01,EU,publisher
2463,4,1189,2015-04-02,WW,developer
2463,4,1189,2015-04-02,EU,publisher
2465,24,179,1997-01-01,WW,developer
2465,24,463,1997-01-01,EU,publisher
2465,24,1150,1997-01-01,EU,publisher
2465,4,179,1997-01-01,WW,developer
2465,4,463,1997-01-01,EU,publisher
2465,4,1150,1997-01-01,EU,publisher
2465,8,179,1997-01-01,WW,developer
2465,8,463,1997-01-01,EU,publisher
2465,8,1150,1997-01-01,EU,publisher
2466,31,665,1997-10-31,WW,developer
2466,31,288,1997-10-31,NA,publisher
2467,28,8,1996-04-25,WW,developer
2467,28,8,1996-04-25,JP,publisher
2468,32,534,1996-04-25,WW,developer
2468,32,405,1996-04-25,NA,publisher
2468,4,534,1996-04-25,WW,developer
2468,4,405,1996-04-25,NA,publisher
2468,28,534,1996-04-25,WW,developer
2468,28,405,1996-04-25,NA,publisher
2471,4,252,1998-10-31,WW,developer
2471,4,288,1998-10-31,NA,publisher
2471,31,252,1998-10-31,WW,developer
2471,31,288,1998-10-31,NA,publisher
2472,4,8,1996-02-27,WW,developer
2472,4,8,1996-02-27,JP,publisher
2472,28,8,1996-02-27,WW,developer
2472,28,8,1996-02-27,JP,publisher
2472,23,8,1996-02-27,WW,developer
2472,23,8,1996-02-27,JP,publisher
2475,23,248,1998-07-16,WW,developer
2475,23,248,1998-07-16,JP,publisher
2476,4,105,1997-02-28,WW,developer
2476,31,105,1997-02-28,WW,developer
2476,8,105,1997-02-28,WW,developer
2477,28,827,1996-03-29,WW,developer
2477,28,166,1996-03-29,JP,publisher
2479,4,920,1996-10-18,WW,developer
2479,4,1259,1996-10-18,JP,publisher
2480,4,12,2013-02-01,WW,developer
2480,4,12,2013-02-01,EU,publisher
2480,94,12,2013-02-01,WW,developer
2480,94,12,2013-02-01,EU,publisher
2481,6,616,1997-07-10,WW,developer
2481,6,11,1997-07-10,NA,publisher
2481,6,616,1997-07-10,JP,publisher
2484,4,494,2014-05-07,WW,developer
2484,4,66,2014-05-07,EU,publisher
2485,32,92,1997-11-27,WW,developer
2485,32,92,1997-11-27,JP,publisher
2486,32,545,1991-11-01,WW,developer
2486,32,6,1991-11-01,JP,publisher
2486,66,545,1991-11-01,WW,developer
2486,66,6,1991-11-01,JP,publisher
2487,4,726,1997-01-01,WW,developer
2487,4,405,1997-01-01,NA,publisher
2488,33,262,2014-03-17,WW,developer
2488,33,527,2014-03-17,JP,publisher
2488,33,659,2014-03-17,NA,publisher
2488,22,262,2014-03-17,WW,developer
2488,22,527,2014-03-17,JP,publisher
2488,22,659,2014-03-17,NA,publisher
2457,4,586,2022-07-21,WW,developer
2457,4,586,2022-07-21,EU,publisher
2491,16,545,2002-11-17,WW,developer
2491,16,6,2002-11-17,JP,publisher
2492,4,328,1996-07-31,WW,developer
2492,4,42,1996-07-31,NA,publisher
2492,4,463,1996-07-31,EU,publisher
2492,24,328,1996-07-31,WW,developer
2492,24,42,1996-07-31,NA,publisher
2492,24,463,1996-07-31,EU,publisher
2492,8,328,1996-07-31,WW,developer
2492,8,42,1996-07-31,NA,publisher
2492,8,463,1996-07-31,EU,publisher
2493,66,8,2013-07-25,WW,developer
2493,66,8,2013-07-25,JP,publisher
2494,32,1020,2013-02-25,WW,developer
2494,31,1020,2013-02-25,WW,developer
2495,8,786,2014-04-10,WW,developer
2495,8,786,2014-04-10,NA,publisher
2495,4,786,2014-04-10,WW,developer
2495,4,786,2014-04-10,NA,publisher
2495,94,786,2014-04-10,WW,developer
2495,94,786,2014-04-10,NA,publisher
2495,71,786,2014-04-10,WW,developer
2495,71,786,2014-04-10,NA,publisher
2496,94,322,1996-10-31,WW,developer
2496,94,305,1996-10-31,NA,publisher
2496,8,322,1996-10-31,WW,developer
2496,8,305,1996-10-31,NA,publisher
2496,24,322,1996-10-31,WW,developer
2496,24,305,1996-10-31,NA,publisher
2496,4,322,1996-10-31,WW,developer
2496,4,305,1996-10-31,NA,publisher
2498,4,479,2013-02-05,WW,developer
2498,4,42,2013-02-05,NA,publisher
2498,6,479,2013-02-05,WW,developer
2498,6,42,2013-02-05,NA,publisher
2500,4,689,2017-04-20,WW,developer
2500,4,967,2017-04-20,WW,developer
2500,4,1493,2017-04-20,WW,developer
2500,4,689,2017-04-20,EU,publisher
2500,8,689,2017-04-20,WW,developer
2500,8,967,2017-04-20,WW,developer
2500,8,1493,2017-04-20,WW,developer
2500,8,689,2017-04-20,EU,publisher
2501,4,837,2022-10-13,WW,developer
2501,4,544,2022-10-13,EU,publisher
2502,4,3,1998-06-25,WW,developer
2502,4,3,1998-06-25,NA,publisher
2503,27,1006,1998-12-18,WW,developer
2503,27,713,1998-12-18,NA,publisher
2503,4,1006,1998-12-18,WW,developer
2503,4,713,1998-12-18,NA,publisher
2503,22,1006,1998-12-18,WW,developer
2503,22,713,1998-12-18,NA,publisher
2504,28,278,1996-03-22,WW,developer
2504,28,278,1996-03-22,JP,publisher
2505,28,92,1996-01-25,WW,developer
2505,28,92,1996-01-25,JP,publisher
2506,4,68,1996-01-01,WW,developer
2506,4,68,1996-01-01,NA,publisher
2507,21,545,1986-08-01,WW,developer
2507,21,6,1986-08-01,JP,publisher
2507,26,545,1986-08-01,WW,developer
2507,26,6,1986-08-01,JP,publisher
2508,21,545,1984-07-26,WW,developer
2508,21,6,1984-07-26,JP,publisher
2508,26,545,1984-07-26,WW,developer
2508,26,6,1984-07-26,JP,publisher
2510,31,612,1997-03-28,WW,developer
2514,4,726,1996-01-01,WW,developer
2514,4,427,1996-01-01,NA,publisher
2515,67,358,1998-12-18,WW,developer
2515,67,6,1998-12-18,JP,publisher
2515,66,358,1998-12-18,WW,developer
2515,66,6,1998-12-18,JP,publisher
2516,16,34,2020-09-23,WW,developer
2516,16,6,2020-09-23,JP,publisher
2516,102,34,2020-09-23,WW,developer
2516,102,6,2020-09-23,JP,publisher
2516,28,34,2020-09-23,WW,developer
2516,28,6,2020-09-23,JP,publisher
2516,5,34,2020-09-23,WW,developer
2516,5,6,2020-09-23,JP,publisher
2517,4,396,2023-03-09,WW,developer
2517,4,6,2023-03-09,JP,publisher
2517,4,800,2023-03-09,JP,publisher
2517,106,396,2023-03-09,WW,developer
2517,106,6,2023-03-09,JP,publisher
2517,106,800,2023-03-09,JP,publisher
2517,5,396,2023-03-09,WW,developer
2517,5,6,2023-03-09,JP,publisher
2517,5,800,2023-03-09,JP,publisher
2518,16,34,2015-07-02,WW,developer
2518,16,6,2015-07-02,JP,publisher
2520,4,1613,2018-11-15,WW,developer
2520,4,1613,2018-11-15,EU,publisher
2548,26,201,2018-01-01,WW,developer
2548,26,363,2018-01-01,JP,publisher
2549,63,589,2023-02-14,WW,developer
2549,63,706,2023-02-14,WW,developer
2549,63,1663,2023-02-14,WW,developer
2549,63,33,2023-02-14,NA,publisher
2549,63,363,2023-02-14,JP,publisher
2549,63,1663,2023-02-14,EU,publisher
2549,4,589,2023-02-14,WW,developer
2549,4,706,2023-02-14,WW,developer
2549,4,1663,2023-02-14,WW,developer
2549,4,33,2023-02-14,NA,publisher
2549,4,363,2023-02-14,JP,publisher
2549,4,1663,2023-02-14,EU,publisher
2549,8,589,2023-02-14,WW,developer
2549,8,706,2023-02-14,WW,developer
2549,8,1663,2023-02-14,WW,developer
2549,8,33,2023-02-14,NA,publisher
2549,8,363,2023-02-14,JP,publisher
2549,8,1663,2023-02-14,EU,publisher
2550,26,609,2019-08-14,WW,developer
2550,26,333,2019-08-14,JP,publisher
2551,4,92,2014-03-27,JP,publisher
2551,66,92,2014-03-27,JP,publisher
2551,6,92,2014-03-27,JP,publisher
2552,16,34,2016-02-10,WW,developer
2552,16,6,2016-02-10,JP,publisher
2552,22,34,2016-02-10,WW,developer
2552,22,6,2016-02-10,JP,publisher
2553,23,614,2019-04-15,WW,developer
2553,4,614,2019-04-15,WW,developer
2553,31,614,2019-04-15,WW,developer
2554,5,567,2013-04-16,WW,developer
2554,5,1127,2013-04-16,NA,publisher
2555,21,6,1984-01-14,WW,developer
2555,21,545,1984-01-14,WW,developer
2555,21,6,1984-01-14,JP,publisher
2555,26,6,1984-01-14,WW,developer
2555,26,545,1984-01-14,WW,developer
2555,26,6,1984-01-14,JP,publisher
2555,32,6,1984-01-14,WW,developer
2555,32,545,1984-01-14,WW,developer
2555,32,6,1984-01-14,JP,publisher
2557,6,614,2014-10-06,WW,developer
2557,6,405,2014-10-06,NA,publisher
2557,8,614,2014-10-06,WW,developer
2557,8,405,2014-10-06,NA,publisher
2557,4,614,2014-10-06,WW,developer
2557,4,405,2014-10-06,NA,publisher
2557,5,614,2014-10-06,WW,developer
2557,5,405,2014-10-06,NA,publisher
2558,16,560,2016-07-27,WW,developer
2558,16,6,2016-07-27,JP,publisher
2558,5,560,2016-07-27,WW,developer
2558,5,6,2016-07-27,JP,publisher
2559,4,349,2016-08-05,WW,developer
2559,4,1172,2016-08-05,WW,developer
2559,4,667,2016-08-05,EU,publisher
2559,4,975,2016-08-05,JP,publisher
2559,4,1127,2016-08-05,NA,publisher
2559,33,349,2016-08-05,WW,developer
2559,33,1172,2016-08-05,WW,developer
2559,33,667,2016-08-05,EU,publisher
2559,33,975,2016-08-05,JP,publisher
2559,33,1127,2016-08-05,NA,publisher
2559,5,349,2016-08-05,WW,developer
2559,5,1172,2016-08-05,WW,developer
2559,5,667,2016-08-05,EU,publisher
2559,5,975,2016-08-05,JP,publisher
2559,5,1127,2016-08-05,NA,publisher
2560,4,903,2016-04-20,EU,publisher
2560,33,903,2016-04-20,EU,publisher
2561,4,92,1996-10-25,WW,developer
2561,4,92,1996-10-25,JP,publisher
2562,67,358,1998-12-24,WW,developer
2562,67,358,1998-12-24,JP,publisher
2566,31,103,1998-09-30,WW,developer
2567,4,297,1998-10-31,WW,developer
2568,33,1018,2021-10-14,WW,developer
2568,33,442,2021-10-14,NA,publisher
2569,22,34,2013-10-30,WW,developer
2569,22,6,2013-10-30,JP,publisher
2569,66,34,2013-10-30,WW,developer
2569,66,6,2013-10-30,JP,publisher
2570,6,685,2008-10-09,WW,developer
2570,6,741,2008-10-09,WW,developer
2570,6,442,2008-10-09,NA,publisher
2570,23,685,2007-03-16,WW,developer
2570,23,741,2007-03-16,WW,developer
2570,23,442,2007-03-16,NA,publisher
2570,22,685,2019-09-19,WW,developer
2570,22,741,2019-09-19,WW,developer
2570,22,442,2019-09-19,NA,publisher
2570,5,685,2007-11-30,WW,developer
2570,5,741,2007-11-30,WW,developer
2570,5,442,2007-11-30,NA,publisher
2570,8,685,2019-09-19,WW,developer
2570,8,741,2019-09-19,WW,developer
2570,8,442,2019-09-19,NA,publisher
2570,4,685,2019-09-19,WW,developer
2570,4,741,2019-09-19,WW,developer
2570,4,442,2019-09-19,NA,publisher
2571,6,491,2013-02-05,WW,developer
2571,6,11,2013-02-05,NA,publisher
2571,33,491,2013-02-05,WW,developer
2571,33,11,2013-02-05,NA,publisher
2572,60,39,2018-02-08,EU,publisher
2572,60,1501,2018-02-08,NA,publisher
2572,4,39,2018-02-08,EU,publisher
2572,4,1501,2018-02-08,NA,publisher
2572,94,39,2018-02-08,EU,publisher
2572,94,1501,2018-02-08,NA,publisher
2573,5,117,2023-02-02,WW,developer
2573,5,1164,2023-02-02,WW,developer
2573,5,117,2023-02-02,JP,publisher
2573,5,1164,2023-02-02,JP,publisher
2574,29,952,2021-02-18,WW,developer
2574,29,1157,2021-02-18,WW,developer
2574,29,1150,2021-02-18,EU,publisher
2574,5,952,2021-02-18,WW,developer
2574,5,1157,2021-02-18,WW,developer
2574,5,1150,2021-02-18,EU,publisher
2574,63,952,2021-02-18,WW,developer
2574,63,1157,2021-02-18,WW,developer
2574,63,1150,2021-02-18,EU,publisher
2550,4,609,2019-08-14,WW,developer
2550,4,333,2019-08-14,JP,publisher
2521,4,1675,2021-03-30,WW,developer
2521,4,92,2021-03-30,JP,publisher
2521,26,1675,2021-03-30,WW,developer
2521,26,92,2021-03-30,JP,publisher
2522,26,1674,2021-03-30,WW,developer
2522,26,42,2021-03-30,NA,publisher
2522,24,1674,2021-03-30,WW,developer
2522,24,42,2021-03-30,NA,publisher
2522,4,1674,2021-03-30,WW,developer
2522,4,42,2021-03-30,NA,publisher
2523,6,110,2013-02-07,WW,developer
2524,62,354,2024-07-20,WW,developer
2524,62,354,2024-07-20,JP,publisher
2525,5,34,2014-08-20,WW,developer
2525,5,6,2014-08-20,JP,publisher
2525,66,34,2014-08-20,WW,developer
2525,66,6,2014-08-20,JP,publisher
2525,26,34,2014-08-20,WW,developer
2525,26,6,2014-08-20,JP,publisher
2525,16,34,2014-08-20,WW,developer
2525,16,6,2014-08-20,JP,publisher
2526,16,248,1996-02-09,WW,developer
2526,16,248,1996-02-09,JP,publisher
2526,28,248,1996-02-09,WW,developer
2526,28,248,1996-02-09,JP,publisher
2527,4,68,1996-01-01,WW,developer
2527,4,68,1996-01-01,NA,publisher
2529,4,68,1998-03-04,WW,developer
2529,4,42,1998-03-04,NA,publisher
2529,94,68,1998-03-04,WW,developer
2529,94,42,1998-03-04,NA,publisher
2530,66,538,2014-01-31,WW,developer
2530,33,538,2014-01-31,WW,developer
2530,4,538,2014-01-31,WW,developer
2530,6,538,2014-01-31,WW,developer
2530,16,538,2014-01-31,WW,developer
2531,4,213,2017-08-08,WW,developer
2531,4,66,2017-08-08,EU,publisher
2531,8,213,2017-08-08,WW,developer
2531,8,66,2017-08-08,EU,publisher
2532,4,242,2013-10-29,WW,developer
2532,4,42,2013-10-29,NA,publisher
2532,6,242,2013-10-29,WW,developer
2532,6,42,2013-10-29,NA,publisher
2533,28,370,1998-02-01,WW,developer
2533,28,6,1998-02-01,JP,publisher
2533,32,370,1998-02-01,WW,developer
2533,32,6,1998-02-01,JP,publisher
2534,4,1036,2015-08-31,WW,developer
2534,4,1036,2015-08-31,EU,publisher
2535,4,803,2013-08-13,WW,developer
2535,4,66,2013-08-13,EU,publisher
2535,8,803,2013-08-13,WW,developer
2535,8,66,2013-08-13,EU,publisher
2536,23,542,1998-05-14,WW,developer
2536,4,542,1998-05-14,WW,developer
2536,6,542,1998-05-14,WW,developer
2537,22,8,2023-06-30,WW,developer
2537,22,8,2023-06-30,JP,publisher
2537,4,8,2023-06-30,WW,developer
2537,4,8,2023-06-30,JP,publisher
2538,4,542,2014-01-16,WW,developer
2538,4,320,2014-01-16,JP,publisher
2540,4,305,1998-12-12,WW,developer
2540,4,305,1998-12-12,NA,publisher
2540,94,305,1998-12-12,WW,developer
2540,94,305,1998-12-12,NA,publisher
2541,5,34,2016-11-28,WW,developer
2541,5,6,2016-11-28,JP,publisher
2541,28,34,2016-11-28,WW,developer
2541,28,6,2016-11-28,JP,publisher
2541,16,34,2016-11-28,WW,developer
2541,16,6,2016-11-28,JP,publisher
2542,31,105,1998-12-12,WW,developer
2542,4,105,1998-12-12,WW,developer
2543,8,1672,2014-05-16,WW,developer
2543,8,988,2014-05-16,NA,publisher
2543,4,1672,2014-05-16,WW,developer
2543,4,988,2014-05-16,NA,publisher
2543,5,1672,2014-05-16,WW,developer
2543,5,988,2014-05-16,NA,publisher
2544,10,486,2015-04-09,WW,developer
2544,10,486,2015-04-09,JP,publisher
2544,4,486,2015-04-09,WW,developer
2544,4,486,2015-04-09,JP,publisher
2544,42,486,2015-04-09,WW,developer
2544,42,486,2015-04-09,JP,publisher
2545,16,248,2023-04-27,WW,developer
2545,16,248,2023-04-27,JP,publisher
2545,66,248,2023-04-27,WW,developer
2545,66,248,2023-04-27,JP,publisher
2545,28,248,2023-04-27,WW,developer
2545,28,248,2023-04-27,JP,publisher
2546,16,40,2013-07-13,WW,developer
2546,16,6,2013-07-13,JP,publisher
2548,55,201,2018-01-01,WW,developer
2548,55,363,2018-01-01,JP,publisher
2524,4,354,2024-07-20,WW,developer
2524,4,354,2024-07-20,JP,publisher
2574,24,952,2021-02-18,WW,developer
2574,24,1157,2021-02-18,WW,developer
2574,24,1150,2021-02-18,EU,publisher
2574,4,952,2021-02-18,WW,developer
2574,4,1157,2021-02-18,WW,developer
2574,4,1150,2021-02-18,EU,publisher
2574,56,952,2021-02-18,WW,developer
2574,56,1157,2021-02-18,WW,developer
2574,56,1150,2021-02-18,EU,publisher
2574,108,952,2021-02-18,WW,developer
2574,108,1157,2021-02-18,WW,developer
2574,108,1150,2021-02-18,EU,publisher
2575,4,1328,2013-11-12,WW,developer
2575,4,128,2013-11-12,EU,publisher
2576,4,1082,2024-03-28,WW,developer
2576,4,1082,2024-03-28,JP,publisher
2576,6,1082,2024-03-28,WW,developer
2576,6,1082,2024-03-28,JP,publisher
2576,33,1082,2024-03-28,WW,developer
2576,33,1082,2024-03-28,JP,publisher
2578,10,75,2020-09-11,WW,developer
2578,10,437,2020-09-11,NA,publisher
2578,42,75,2020-09-11,WW,developer
2578,42,437,2020-09-11,NA,publisher
2578,26,75,2020-09-11,WW,developer
2578,26,437,2020-09-11,NA,publisher
2579,4,529,2013-03-12,WW,developer
2579,4,529,2013-03-12,EU,publisher
2579,6,529,2013-03-12,WW,developer
2579,6,529,2013-03-12,EU,publisher
2580,4,69,2013-07-18,WW,developer
2580,4,159,2013-07-18,EU,publisher
2581,73,981,2021-11-22,WW,developer
2581,73,981,2021-11-22,EU,publisher
2581,24,981,2021-11-22,WW,developer
2581,24,981,2021-11-22,EU,publisher
2581,4,981,2021-11-22,WW,developer
2581,4,981,2021-11-22,EU,publisher
2582,28,873,2018-05-01,WW,developer
2582,28,773,2018-05-01,EU,publisher
2582,28,1327,2018-05-01,NA,publisher
2583,4,1178,2021-11-01,WW,developer
2583,4,14,2021-11-01,EU,publisher
2583,4,841,2021-11-01,EU,publisher
2583,4,1178,2021-11-01,EU,publisher
2584,33,1162,2016-08-29,WW,developer
2584,33,1203,2016-08-29,WW,developer
2584,33,400,2016-08-29,JP,publisher
2584,4,1162,2016-08-29,WW,developer
2584,4,1203,2016-08-29,WW,developer
2584,4,400,2016-08-29,JP,publisher
2585,4,712,2014-04-03,WW,developer
2585,4,44,2014-04-03,EU,publisher
2585,4,458,2014-04-03,EU,publisher
2586,28,830,2019-08-15,WW,developer
2586,28,43,2019-08-15,JP,publisher
2586,24,830,2019-08-15,WW,developer
2586,24,43,2019-08-15,JP,publisher
2587,33,708,2015-10-01,WW,developer
2587,33,659,2015-10-01,NA,publisher
2587,33,708,2015-10-01,JP,publisher
2587,23,708,2015-10-01,WW,developer
2587,23,659,2015-10-01,NA,publisher
2587,23,708,2015-10-01,JP,publisher
2588,24,729,2018-02-08,EU,publisher
2588,4,729,2018-02-08,EU,publisher
2588,42,729,2018-02-08,EU,publisher
2589,4,92,2014-02-25,JP,publisher
2589,6,92,2014-02-25,JP,publisher
2590,16,680,2021-06-09,WW,developer
2590,16,481,2021-06-09,JP,publisher
2590,6,680,2021-06-09,WW,developer
2590,6,481,2021-06-09,JP,publisher
2591,47,556,2022-11-03,WW,developer
2591,47,57,2022-11-03,NA,publisher
2592,23,408,2013-05-07,WW,developer
2592,23,188,2013-05-07,NA,publisher
2592,4,408,2013-05-07,WW,developer
2592,4,188,2013-05-07,NA,publisher
2592,8,408,2013-05-07,WW,developer
2592,8,188,2013-05-07,NA,publisher
2592,6,408,2013-05-07,WW,developer
2592,6,188,2013-05-07,NA,publisher
2593,4,630,2016-03-10,WW,developer
2593,4,1248,2016-03-10,WW,developer
2593,4,659,2016-03-10,NA,publisher
2595,31,346,2023-06-08,WW,developer
2595,31,633,2023-06-08,JP,publisher
2595,4,346,2023-06-08,WW,developer
2595,4,633,2023-06-08,JP,publisher
2596,23,19,2013-11-11,WW,developer
2596,23,19,2013-11-11,JP,publisher
2596,8,19,2013-11-11,WW,developer
2596,8,19,2013-11-11,JP,publisher
2596,6,19,2013-11-11,WW,developer
2596,6,19,2013-11-11,JP,publisher
2596,4,19,2013-11-11,WW,developer
2596,4,19,2013-11-11,JP,publisher
2596,33,19,2013-11-11,WW,developer
2596,33,19,2013-11-11,JP,publisher
2597,8,589,2024-05-16,WW,developer
2597,8,1057,2024-05-16,WW,developer
2597,8,1290,2024-05-16,WW,developer
2597,8,30,2024-05-16,JP,publisher
2597,8,320,2024-05-16,JP,publisher
2597,8,363,2024-05-16,JP,publisher
2597,83,589,2024-05-16,WW,developer
2597,83,1057,2024-05-16,WW,developer
2597,83,1290,2024-05-16,WW,developer
2597,83,30,2024-05-16,JP,publisher
2597,83,320,2024-05-16,JP,publisher
2597,83,363,2024-05-16,JP,publisher
2597,44,589,2024-05-16,WW,developer
2597,44,1057,2024-05-16,WW,developer
2597,44,1290,2024-05-16,WW,developer
2597,44,30,2024-05-16,JP,publisher
2597,44,320,2024-05-16,JP,publisher
2597,44,363,2024-05-16,JP,publisher
2597,63,589,2024-05-16,WW,developer
2597,63,1057,2024-05-16,WW,developer
2597,63,1290,2024-05-16,WW,developer
2597,63,30,2024-05-16,JP,publisher
2597,63,320,2024-05-16,JP,publisher
2597,63,363,2024-05-16,JP,publisher
2590,4,680,2021-06-09,WW,developer
2590,4,481,2021-06-09,JP,publisher
2586,4,830,2019-08-15,WW,developer
2586,4,43,2019-08-15,JP,publisher
2578,4,75,2020-09-11,WW,developer
2578,4,437,2020-09-11,NA,publisher
2591,4,556,2022-11-03,WW,developer
2591,4,57,2022-11-03,NA,publisher
2577,4,449,2023-05-02,EU,publisher
2597,26,589,2024-05-16,WW,developer
2597,26,1057,2024-05-16,WW,developer
2597,26,1290,2024-05-16,WW,developer
2597,26,30,2024-05-16,JP,publisher
2597,26,320,2024-05-16,JP,publisher
2597,26,363,2024-05-16,JP,publisher
2597,4,589,2024-05-16,WW,developer
2597,4,1057,2024-05-16,WW,developer
2597,4,1290,2024-05-16,WW,developer
2597,4,30,2024-05-16,JP,publisher
2597,4,320,2024-05-16,JP,publisher
2597,4,363,2024-05-16,JP,publisher
2598,71,1405,2023-03-27,WW,developer
2598,71,427,2023-03-27,NA,publisher
2598,4,1405,2023-03-27,WW,developer
2598,4,427,2023-03-27,NA,publisher
2600,4,589,2023-02-14,WW,developer
2600,4,1663,2023-02-14,WW,developer
2600,4,589,2023-02-14,JP,publisher
2600,4,791,2023-02-14,NA,publisher
2600,4,1663,2023-02-14,EU,publisher
2600,8,589,2023-02-14,WW,developer
2600,8,1663,2023-02-14,WW,developer
2600,8,589,2023-02-14,JP,publisher
2600,8,791,2023-02-14,NA,publisher
2600,8,1663,2023-02-14,EU,publisher
2601,4,605,2013-03-13,WW,developer
2602,6,347,2013-05-14,WW,developer
2602,6,11,2013-05-14,NA,publisher
2602,6,347,2013-05-14,EU,publisher
2603,4,1351,2014-09-29,WW,developer
2603,4,1351,2014-09-29,EU,publisher
2603,33,1351,2014-09-29,WW,developer
2603,33,1351,2014-09-29,EU,publisher
2603,16,1351,2014-09-29,WW,developer
2603,16,1351,2014-09-29,EU,publisher
2603,6,1351,2014-09-29,WW,developer
2603,6,1351,2014-09-29,EU,publisher
2603,8,1351,2014-09-29,WW,developer
2603,8,1351,2014-09-29,EU,publisher
2604,24,18,2023-03-27,WW,developer
2604,24,427,2023-03-27,NA,publisher
2604,4,18,2023-03-27,WW,developer
2604,4,427,2023-03-27,NA,publisher
2605,16,545,2023-06-23,WW,developer
2605,16,6,2023-06-23,JP,publisher
2606,5,34,2021-05-26,WW,developer
2606,5,6,2021-05-26,JP,publisher
2606,28,34,2021-05-26,WW,developer
2606,28,6,2021-05-26,JP,publisher
2606,16,34,2021-05-26,WW,developer
2606,16,6,2021-05-26,JP,publisher
2607,106,302,2022-08-03,WW,developer
2607,106,1416,2022-08-03,WW,developer
2607,106,1424,2022-08-03,WW,developer
2607,106,8,2022-08-03,JP,publisher
2607,106,1416,2022-08-03,JP,publisher
2607,4,302,2022-08-03,WW,developer
2607,4,1416,2022-08-03,WW,developer
2607,4,1424,2022-08-03,WW,developer
2607,4,8,2022-08-03,JP,publisher
2607,4,1416,2022-08-03,JP,publisher
2608,61,606,2024-04-30,WW,developer
2608,61,1461,2024-04-30,WW,developer
2608,61,1461,2024-04-30,NA,publisher
2608,10,606,2024-04-30,WW,developer
2608,10,1461,2024-04-30,WW,developer
2608,10,1461,2024-04-30,NA,publisher
2610,106,916,2022-04-20,WW,developer
2610,106,187,2022-04-20,NA,publisher
2610,4,916,2022-04-20,WW,developer
2610,4,187,2022-04-20,NA,publisher
2610,31,916,2022-04-20,WW,developer
2610,31,187,2022-04-20,NA,publisher
2611,94,893,2020-06-09,WW,developer
2611,94,1058,2020-06-09,EU,publisher
2611,4,893,2020-06-09,WW,developer
2611,4,1058,2020-06-09,EU,publisher
2612,106,302,2022-07-27,WW,developer
2612,106,1416,2022-07-27,WW,developer
2612,106,1424,2022-07-27,WW,developer
2612,106,302,2022-07-27,JP,publisher
2612,106,1416,2022-07-27,JP,publisher
2612,4,302,2022-07-27,WW,developer
2612,4,1416,2022-07-27,WW,developer
2612,4,1424,2022-07-27,WW,developer
2612,4,302,2022-07-27,JP,publisher
2612,4,1416,2022-07-27,JP,publisher
2612,23,302,2022-07-27,WW,developer
2612,23,1416,2022-07-27,WW,developer
2612,23,1424,2022-07-27,WW,developer
2612,23,302,2022-07-27,JP,publisher
2612,23,1416,2022-07-27,JP,publisher
2614,5,269,2014-04-17,WW,developer
2614,5,57,2014-04-17,NA,publisher
2614,5,1227,2014-04-17,NA,publisher
2614,4,269,2014-04-17,WW,developer
2614,4,57,2014-04-17,NA,publisher
2614,4,1227,2014-04-17,NA,publisher
2614,94,269,2014-04-17,WW,developer
2614,94,57,2014-04-17,NA,publisher
2614,94,1227,2014-04-17,NA,publisher
2614,8,269,2014-04-17,WW,developer
2614,8,57,2014-04-17,NA,publisher
2614,8,1227,2014-04-17,NA,publisher
2615,28,622,2022-09-08,WW,developer
2615,28,1327,2022-09-08,WW,developer
2615,28,1483,2022-09-08,EU,publisher
2615,4,622,2022-09-08,WW,developer
2615,4,1327,2022-09-08,WW,developer
2615,4,1483,2022-09-08,EU,publisher
2615,106,622,2022-09-08,WW,developer
2615,106,1327,2022-09-08,WW,developer
2615,106,1483,2022-09-08,EU,publisher
2616,6,715,2013-08-29,WW,developer
2616,6,400,2013-08-29,JP,publisher
2616,106,715,2013-08-29,WW,developer
2616,106,400,2013-08-29,JP,publisher
2617,5,673,2017-12-05,WW,developer
2617,5,6,2017-12-05,JP,publisher
2618,4,415,2022-02-15,WW,developer
2618,4,415,2022-02-15,EU,publisher
2618,4,400,2022-02-15,JP,publisher
2618,4,599,2022-02-15,NA,publisher
2642,4,1284,2015-04-03,WW,developer
2642,4,970,2015-04-03,EU,publisher
2643,8,391,2013-05-28,WW,developer
2643,8,42,2013-05-28,NA,publisher
2643,4,391,2013-05-28,WW,developer
2643,4,42,2013-05-28,NA,publisher
2643,6,391,2013-05-28,WW,developer
2643,6,42,2013-05-28,NA,publisher
2644,66,34,2023-02-08,WW,developer
2644,66,560,2023-02-08,WW,developer
2644,66,545,2023-02-08,WW,developer
2644,66,6,2023-02-08,JP,publisher
2644,46,34,2023-02-08,WW,developer
2644,46,560,2023-02-08,WW,developer
2644,46,545,2023-02-08,WW,developer
2644,46,6,2023-02-08,JP,publisher
2644,16,34,2023-02-08,WW,developer
2644,16,560,2023-02-08,WW,developer
2644,16,545,2023-02-08,WW,developer
2644,16,6,2023-02-08,JP,publisher
2644,27,34,2023-02-08,WW,developer
2644,27,560,2023-02-08,WW,developer
2644,27,545,2023-02-08,WW,developer
2644,27,6,2023-02-08,JP,publisher
2645,4,1023,2014-08-26,WW,developer
2645,4,231,2014-08-26,NA,publisher
2645,6,1023,2014-08-26,WW,developer
2645,6,231,2014-08-26,NA,publisher
2646,8,269,2023-12-21,WW,developer
2646,8,1015,2023-12-21,EU,publisher
2646,4,269,2023-12-21,WW,developer
2646,4,1015,2023-12-21,EU,publisher
2646,94,269,2023-12-21,WW,developer
2646,94,1015,2023-12-21,EU,publisher
2647,46,34,2023-02-08,WW,developer
2647,46,560,2023-02-08,WW,developer
2647,46,545,2023-02-08,WW,developer
2647,46,6,2023-02-08,JP,publisher
2647,16,34,2023-02-08,WW,developer
2647,16,560,2023-02-08,WW,developer
2647,16,545,2023-02-08,WW,developer
2647,16,6,2023-02-08,JP,publisher
2647,66,34,2023-02-08,WW,developer
2647,66,560,2023-02-08,WW,developer
2647,66,545,2023-02-08,WW,developer
2647,66,6,2023-02-08,JP,publisher
2649,4,372,2024-05-08,WW,developer
2649,4,372,2024-05-08,JP,publisher
2650,4,885,2013-06-24,WW,developer
2650,4,182,2013-06-24,EU,publisher
2650,6,885,2013-06-24,WW,developer
2650,6,182,2013-06-24,EU,publisher
2651,4,948,2016-02-02,WW,developer
2651,4,380,2016-02-02,EU,publisher
2651,8,948,2016-02-02,WW,developer
2651,8,380,2016-02-02,EU,publisher
2652,4,680,2014-03-27,WW,developer
2652,4,481,2014-03-27,JP,publisher
2652,6,680,2014-03-27,WW,developer
2652,6,481,2014-03-27,JP,publisher
2653,24,801,2021-06-04,WW,developer
2653,24,801,2021-06-04,EU,publisher
2653,48,801,2021-06-04,WW,developer
2653,48,801,2021-06-04,EU,publisher
2654,6,1018,2014-02-18,WW,developer
2654,6,442,2014-02-18,NA,publisher
2655,4,1231,2015-05-26,WW,developer
2655,4,236,2015-05-26,EU,publisher
2656,28,6,2017-09-29,WW,developer
2656,28,6,2017-09-29,JP,publisher
2656,102,6,2017-09-29,WW,developer
2656,102,6,2017-09-29,JP,publisher
2657,4,843,2014-04-30,WW,developer
2657,4,14,2014-04-30,EU,publisher
2658,63,436,2021-06-24,WW,developer
2658,63,436,2021-06-24,JP,publisher
2658,63,894,2021-06-24,JP,publisher
2658,63,1164,2021-06-24,JP,publisher
2659,4,1613,2018-11-15,WW,developer
2660,53,437,2022-10-07,WW,developer
2660,53,57,2022-10-07,NA,publisher
2660,63,437,2022-10-07,WW,developer
2660,63,57,2022-10-07,NA,publisher
2653,4,801,2021-06-04,WW,developer
2653,4,801,2021-06-04,EU,publisher
2648,4,395,2023-11-02,WW,developer
2648,4,395,2023-11-02,JP,publisher
2660,4,437,2022-10-07,WW,developer
2660,4,57,2022-10-07,NA,publisher
2618,106,415,2022-02-15,WW,developer
2618,106,415,2022-02-15,EU,publisher
2618,106,400,2022-02-15,JP,publisher
2618,106,599,2022-02-15,NA,publisher
2619,66,370,2014-01-11,WW,developer
2619,66,6,2014-01-11,JP,publisher
2620,8,66,2013-04-02,EU,publisher
2620,4,66,2013-04-02,EU,publisher
2621,4,1090,2013-04-15,WW,developer
2621,4,1670,2013-04-15,WW,developer
2621,4,1671,2013-04-15,WW,developer
2621,5,1090,2013-04-15,WW,developer
2621,5,1670,2013-04-15,WW,developer
2621,5,1671,2013-04-15,WW,developer
2621,8,1090,2013-04-15,WW,developer
2621,8,1670,2013-04-15,WW,developer
2621,8,1671,2013-04-15,WW,developer
2621,33,1090,2013-04-15,WW,developer
2621,33,1670,2013-04-15,WW,developer
2621,33,1671,2013-04-15,WW,developer
2622,16,645,2013-04-23,WW,developer
2622,16,645,2013-04-23,NA,publisher
2622,33,645,2013-04-23,WW,developer
2622,33,645,2013-04-23,NA,publisher
2622,6,645,2013-04-23,WW,developer
2622,6,645,2013-04-23,NA,publisher
2622,4,645,2013-04-23,WW,developer
2622,4,645,2013-04-23,NA,publisher
2622,8,645,2013-04-23,WW,developer
2622,8,645,2013-04-23,NA,publisher
2623,8,561,2015-09-04,WW,developer
2623,8,561,2015-09-04,EU,publisher
2623,33,561,2015-09-04,WW,developer
2623,33,561,2015-09-04,EU,publisher
2623,4,561,2015-09-04,WW,developer
2623,4,561,2015-09-04,EU,publisher
2624,16,6,2014-02-13,JP,publisher
2626,6,216,2013-01-17,WW,developer
2626,6,806,2013-01-17,WW,developer
2626,6,11,2013-01-17,NA,publisher
2627,4,56,2019-01-25,WW,developer
2627,4,56,2019-01-25,JP,publisher
2628,81,445,2013-12-17,WW,developer
2628,81,445,2013-12-17,NA,publisher
2628,6,445,2013-12-17,WW,developer
2628,6,445,2013-12-17,NA,publisher
2628,33,445,2013-12-17,WW,developer
2628,33,445,2013-12-17,NA,publisher
2628,4,445,2013-12-17,WW,developer
2628,4,445,2013-12-17,NA,publisher
2628,8,445,2013-12-17,WW,developer
2628,8,445,2013-12-17,NA,publisher
2629,26,592,2020-10-08,WW,developer
2631,16,34,2013-10-02,WW,developer
2631,16,6,2013-10-02,JP,publisher
2631,28,34,2013-10-02,WW,developer
2631,28,6,2013-10-02,JP,publisher
2631,5,34,2013-10-02,WW,developer
2631,5,6,2013-10-02,JP,publisher
2632,4,941,2021-10-28,WW,developer
2632,4,965,2021-10-28,WW,developer
2632,4,1056,2021-10-28,JP,publisher
2632,4,1416,2021-10-28,JP,publisher
2632,26,941,2021-10-28,WW,developer
2632,26,965,2021-10-28,WW,developer
2632,26,1056,2021-10-28,JP,publisher
2632,26,1416,2021-10-28,JP,publisher
2633,4,56,2014-01-14,WW,developer
2633,4,56,2014-01-14,JP,publisher
2633,22,56,2014-01-14,WW,developer
2633,22,56,2014-01-14,JP,publisher
2634,5,706,2023-04-13,WW,developer
2634,5,284,2023-04-13,EU,publisher
2634,5,1159,2023-04-13,JP,publisher
2634,5,1619,2023-04-13,NA,publisher
2634,4,706,2023-04-13,WW,developer
2634,4,284,2023-04-13,EU,publisher
2634,4,1159,2023-04-13,JP,publisher
2634,4,1619,2023-04-13,NA,publisher
2635,26,589,2024-02-01,WW,developer
2635,26,1057,2024-02-01,WW,developer
2635,26,1663,2024-02-01,WW,developer
2635,26,169,2024-02-01,JP,publisher
2635,26,363,2024-02-01,JP,publisher
2635,26,791,2024-02-01,NA,publisher
2635,4,589,2024-02-01,WW,developer
2635,4,1057,2024-02-01,WW,developer
2635,4,1663,2024-02-01,WW,developer
2635,4,169,2024-02-01,JP,publisher
2635,4,363,2024-02-01,JP,publisher
2635,4,791,2024-02-01,NA,publisher
2635,8,589,2024-02-01,WW,developer
2635,8,1057,2024-02-01,WW,developer
2635,8,1663,2024-02-01,WW,developer
2635,8,169,2024-02-01,JP,publisher
2635,8,363,2024-02-01,JP,publisher
2635,8,791,2024-02-01,NA,publisher
2637,4,8,2018-03-13,WW,developer
2637,4,8,2018-03-13,JP,publisher
2637,6,8,2018-03-13,WW,developer
2637,6,8,2018-03-13,JP,publisher
2639,4,588,2013-05-16,WW,developer
2639,4,947,2013-05-16,NA,publisher
2640,4,588,2013-05-16,WW,developer
2640,4,947,2013-05-16,NA,publisher
2641,6,481,2013-03-20,WW,developer
2641,6,400,2013-03-20,JP,publisher
2641,33,481,2013-03-20,WW,developer
2641,33,400,2013-03-20,JP,publisher
2627,106,56,2019-01-25,WW,developer
2627,106,56,2019-01-25,JP,publisher
2661,19,198,2019-01-01,WW,developer
2661,4,198,2019-01-01,WW,developer
2661,8,198,2019-01-01,WW,developer
2662,4,170,2013-01-01,WW,developer
2663,8,1097,2016-02-12,WW,developer
2663,8,867,2016-02-12,JP,publisher
2663,4,1097,2016-02-12,WW,developer
2663,4,867,2016-02-12,JP,publisher
2664,4,476,2017-02-21,WW,developer
2666,4,916,2024-02-15,WW,developer
2666,27,916,2024-02-15,WW,developer
2667,106,302,2023-01-11,WW,developer
2667,106,1416,2023-01-11,WW,developer
2667,106,1424,2023-01-11,WW,developer
2667,106,302,2023-01-11,JP,publisher
2667,106,1416,2023-01-11,JP,publisher
2667,4,302,2023-01-11,WW,developer
2667,4,1416,2023-01-11,WW,developer
2667,4,1424,2023-01-11,WW,developer
2667,4,302,2023-01-11,JP,publisher
2667,4,1416,2023-01-11,JP,publisher
2668,4,492,2013-09-10,WW,developer
2668,4,454,2013-09-10,EU,publisher
2668,8,492,2013-09-10,WW,developer
2668,8,454,2013-09-10,EU,publisher
2669,26,592,2024-07-01,WW,developer
2669,26,592,2024-07-01,JP,publisher
2670,8,1014,2013-05-28,WW,developer
2670,8,44,2013-05-28,EU,publisher
2670,6,1014,2013-05-28,WW,developer
2670,6,44,2013-05-28,EU,publisher
2670,4,1014,2013-05-28,WW,developer
2670,4,44,2013-05-28,EU,publisher
2671,8,755,2013-05-07,WW,developer
2671,8,757,2013-05-07,EU,publisher
2671,6,755,2013-05-07,WW,developer
2671,6,757,2013-05-07,EU,publisher
2671,22,755,2013-05-07,WW,developer
2671,22,757,2013-05-07,EU,publisher
2671,4,755,2013-05-07,WW,developer
2671,4,757,2013-05-07,EU,publisher
2671,5,755,2013-05-07,WW,developer
2671,5,757,2013-05-07,EU,publisher
2672,23,641,2013-04-23,WW,developer
2672,23,641,2013-04-23,JP,publisher
2673,4,832,2014-05-22,WW,developer
2673,4,57,2014-05-22,NA,publisher
2673,6,832,2014-05-22,WW,developer
2673,6,57,2014-05-22,NA,publisher
2674,8,1051,2015-05-05,WW,developer
2674,8,690,2015-05-05,NA,publisher
2674,4,1051,2015-05-05,WW,developer
2674,4,690,2015-05-05,NA,publisher
2674,24,1051,2015-05-05,WW,developer
2674,24,690,2015-05-05,NA,publisher
2675,6,644,2013-05-15,WW,developer
2675,6,644,2013-05-15,EU,publisher
2675,8,644,2013-05-15,WW,developer
2675,8,644,2013-05-15,EU,publisher
2675,4,644,2013-05-15,WW,developer
2675,4,644,2013-05-15,EU,publisher
2676,5,294,2018-01-01,WW,developer
2676,5,188,2018-01-01,NA,publisher
2676,22,294,2018-01-01,WW,developer
2676,22,188,2018-01-01,NA,publisher
2676,4,294,2018-01-01,WW,developer
2676,4,188,2018-01-01,NA,publisher
2676,6,294,2018-01-01,WW,developer
2676,6,188,2018-01-01,NA,publisher
2677,16,883,2021-10-08,WW,developer
2677,16,599,2021-10-08,NA,publisher
2677,8,883,2021-10-08,WW,developer
2677,8,599,2021-10-08,NA,publisher
2677,33,883,2021-10-08,WW,developer
2677,33,599,2021-10-08,NA,publisher
2677,66,883,2021-10-08,WW,developer
2677,66,599,2021-10-08,NA,publisher
2677,4,883,2021-10-08,WW,developer
2677,4,599,2021-10-08,NA,publisher
2677,6,883,2021-10-08,WW,developer
2677,6,599,2021-10-08,NA,publisher
2677,22,883,2021-10-08,WW,developer
2677,22,599,2021-10-08,NA,publisher
2678,4,1273,2017-12-04,WW,developer
2678,4,528,2017-12-04,JP,publisher
2678,4,1127,2017-12-04,NA,publisher
2679,4,408,2013-01-22,WW,developer
2679,6,408,2013-01-22,WW,developer
2679,16,408,2013-01-22,WW,developer
2679,8,408,2013-01-22,WW,developer
2679,81,408,2013-01-22,WW,developer
2680,6,616,2015-04-07,WW,developer
2680,6,400,2015-04-07,JP,publisher
2680,4,616,2015-04-07,WW,developer
2680,4,400,2015-04-07,JP,publisher
2681,4,803,2013-02-19,WW,developer
2681,4,66,2013-02-19,EU,publisher
2681,8,803,2013-02-19,WW,developer
2681,8,66,2013-02-19,EU,publisher
2682,8,66,2013-01-29,EU,publisher
2682,4,66,2013-01-29,EU,publisher
2684,94,386,2014-04-17,NA,publisher
2684,8,386,2014-04-17,NA,publisher
2683,4,477,2023-11-08,WW,developer
2665,4,586,2023-03-23,WW,developer
2665,4,586,2023-03-23,EU,publisher
2684,4,386,2014-04-17,NA,publisher
2685,4,1031,2017-01-31,WW,developer
2686,27,63,2015-04-28,WW,developer
2686,6,63,2015-04-28,WW,developer
2687,4,514,2015-05-21,WW,developer
2687,4,514,2015-05-21,EU,publisher
2688,33,352,2013-09-04,WW,developer
2688,33,11,2013-09-04,NA,publisher
2689,4,1042,2013-10-21,WW,developer
2689,4,672,2013-10-21,EU,publisher
2690,4,1062,2015-05-05,WW,developer
2690,4,690,2015-05-05,NA,publisher
2690,24,1062,2015-05-05,WW,developer
2690,24,690,2015-05-05,NA,publisher
2690,8,1062,2015-05-05,WW,developer
2690,8,690,2015-05-05,NA,publisher
2690,94,1062,2015-05-05,WW,developer
2690,94,690,2015-05-05,NA,publisher
2691,66,8,2013-09-14,WW,developer
2691,66,8,2013-09-14,JP,publisher
2692,4,384,2013-06-21,WW,developer
2692,4,384,2013-06-21,EU,publisher
2692,6,384,2013-06-21,WW,developer
2692,6,384,2013-06-21,EU,publisher
2692,33,384,2013-06-21,WW,developer
2692,33,384,2013-06-21,EU,publisher
2693,4,422,2015-10-22,JP,publisher
2693,6,422,2015-10-22,JP,publisher
2694,33,1082,2017-09-18,WW,developer
2694,33,898,2017-09-18,JP,publisher
2694,6,1082,2017-09-18,WW,developer
2694,6,898,2017-09-18,JP,publisher
2694,4,1082,2017-09-18,WW,developer
2694,4,898,2017-09-18,JP,publisher
2695,66,826,2013-09-12,WW,developer
2695,66,6,2013-09-12,JP,publisher
2696,6,521,2014-05-27,WW,developer
2696,6,756,2014-05-27,WW,developer
2696,6,458,2014-05-27,EU,publisher
2696,8,521,2014-05-27,WW,developer
2696,8,756,2014-05-27,WW,developer
2696,8,458,2014-05-27,EU,publisher
2696,4,521,2014-05-27,WW,developer
2696,4,756,2014-05-27,WW,developer
2696,4,458,2014-05-27,EU,publisher
2697,6,118,2013-09-05,WW,developer
2697,6,11,2013-09-05,NA,publisher
2698,4,1349,2018-05-17,WW,developer
2698,4,1289,2018-05-17,NA,publisher
2698,8,1349,2018-05-17,WW,developer
2698,8,1289,2018-05-17,NA,publisher
2699,4,927,2016-04-14,WW,developer
2699,4,367,2016-04-14,NA,publisher
2700,4,735,2014-07-16,WW,developer
2700,4,478,2014-07-16,NA,publisher
2701,66,182,2014-10-30,EU,publisher
2702,8,1199,2013-01-30,WW,developer
2702,8,13,2013-01-30,NA,publisher
2702,4,1199,2013-01-30,WW,developer
2702,4,13,2013-01-30,NA,publisher
2702,92,1199,2013-01-30,WW,developer
2702,92,13,2013-01-30,NA,publisher
2704,4,837,2022-10-17,WW,developer
2704,4,14,2022-10-17,EU,publisher
2704,4,837,2022-10-17,EU,publisher
2705,24,212,2015-05-07,WW,developer
2705,24,212,2015-05-07,NA,publisher
2705,4,212,2015-05-07,WW,developer
2705,4,212,2015-05-07,NA,publisher
2705,94,212,2015-05-07,WW,developer
2705,94,212,2015-05-07,NA,publisher
2706,8,1062,2015-05-05,WW,developer
2706,8,690,2015-05-05,NA,publisher
2706,4,1062,2015-05-05,WW,developer
2706,4,690,2015-05-05,NA,publisher
2706,94,1062,2015-05-05,WW,developer
2706,94,690,2015-05-05,NA,publisher
2706,24,1062,2015-05-05,WW,developer
2706,24,690,2015-05-05,NA,publisher
2707,8,290,2013-11-15,WW,developer
2707,8,182,2013-11-15,EU,publisher
2707,4,290,2013-11-15,WW,developer
2707,4,182,2013-11-15,EU,publisher
2708,66,560,2013-07-26,WW,developer
2708,66,6,2013-07-26,JP,publisher
2709,4,357,2015-01-01,WW,developer
2709,6,357,2015-01-01,WW,developer
2711,4,1073,2014-04-11,WW,developer
2711,4,501,2014-04-11,EU,publisher
2712,4,186,2013-01-01,WW,developer
2713,4,933,2014-12-04,WW,developer
2713,4,933,2014-12-04,NA,publisher
2714,6,42,2014-11-18,NA,publisher
2714,4,42,2014-11-18,NA,publisher
2715,4,302,2023-01-11,WW,developer
2715,4,1416,2023-01-11,WW,developer
2715,4,1424,2023-01-11,WW,developer
2715,4,302,2023-01-11,JP,publisher
2715,4,1416,2023-01-11,JP,publisher
2715,106,302,2023-01-11,WW,developer
2715,106,1416,2023-01-11,WW,developer
2715,106,1424,2023-01-11,WW,developer
2715,106,302,2023-01-11,JP,publisher
2715,106,1416,2023-01-11,JP,publisher
2716,4,875,2015-12-21,WW,developer
2716,4,386,2015-12-21,NA,publisher
2782,6,575,2015-01-01,WW,developer
2782,6,575,2015-01-01,EU,publisher
2782,8,575,2015-01-01,WW,developer
2782,8,575,2015-01-01,EU,publisher
2782,4,575,2015-01-01,WW,developer
2782,4,575,2015-01-01,EU,publisher
2785,24,18,2023-06-06,WW,developer
2785,24,427,2023-06-06,NA,publisher
2786,4,882,2014-12-05,WW,developer
2786,4,640,2014-12-05,EU,publisher
2787,4,374,2021-08-25,WW,developer
2787,4,374,2021-08-25,JP,publisher
2787,4,566,2021-08-25,NA,publisher
2788,4,522,2014-09-02,WW,developer
2788,4,522,2014-09-02,EU,publisher
2788,8,522,2014-09-02,WW,developer
2788,8,522,2014-09-02,EU,publisher
2789,4,302,2022-07-13,WW,developer
2789,4,1416,2022-07-13,WW,developer
2789,4,1424,2022-07-13,WW,developer
2789,4,302,2022-07-13,JP,publisher
2789,4,1416,2022-07-13,JP,publisher
2789,106,302,2022-07-13,WW,developer
2789,106,1416,2022-07-13,WW,developer
2789,106,1424,2022-07-13,WW,developer
2789,106,302,2022-07-13,JP,publisher
2789,106,1416,2022-07-13,JP,publisher
2791,5,1602,2015-01-16,WW,developer
2791,5,978,2015-01-16,NA,publisher
2791,66,1602,2015-01-16,WW,developer
2791,66,978,2015-01-16,NA,publisher
2791,4,1602,2015-01-16,WW,developer
2791,4,978,2015-01-16,NA,publisher
2792,16,6,2014-01-01,JP,publisher
2792,4,6,2014-01-01,JP,publisher
2793,5,219,2016-12-09,WW,developer
2793,5,405,2016-12-09,NA,publisher
2793,4,219,2016-12-09,WW,developer
2793,4,405,2016-12-09,NA,publisher
2793,6,219,2016-12-09,WW,developer
2793,6,405,2016-12-09,NA,publisher
2793,16,219,2016-12-09,WW,developer
2793,16,405,2016-12-09,NA,publisher
2794,4,507,2014-05-23,EU,publisher
2795,8,745,2014-06-30,WW,developer
2795,8,745,2014-06-30,EU,publisher
2795,4,745,2014-06-30,WW,developer
2795,4,745,2014-06-30,EU,publisher
2796,4,465,2014-12-08,WW,developer
2796,4,856,2014-12-08,JP,publisher
2796,33,465,2014-12-08,WW,developer
2796,33,856,2014-12-08,JP,publisher
2798,63,117,2022-07-14,WW,developer
2798,63,117,2022-07-14,JP,publisher
2798,63,1164,2022-07-14,JP,publisher
2798,5,117,2022-07-14,WW,developer
2798,5,117,2022-07-14,JP,publisher
2798,5,1164,2022-07-14,JP,publisher
2799,8,1325,2014-05-15,WW,developer
2799,8,1325,2014-05-15,EU,publisher
2799,4,1325,2014-05-15,WW,developer
2799,4,1325,2014-05-15,EU,publisher
2800,106,537,2023-09-15,WW,developer
2800,106,537,2023-09-15,JP,publisher
2800,4,537,2023-09-15,WW,developer
2800,4,537,2023-09-15,JP,publisher
2784,4,854,2024-10-30,WW,developer
2784,4,135,2024-10-30,NA,publisher
2785,4,18,2023-06-06,WW,developer
2785,4,427,2023-06-06,NA,publisher
2717,94,305,2014-10-30,WW,developer
2717,94,305,2014-10-30,NA,publisher
2717,8,305,2014-10-30,WW,developer
2717,8,305,2014-10-30,NA,publisher
2717,4,305,2014-10-30,WW,developer
2717,4,305,2014-10-30,NA,publisher
2717,24,305,2014-10-30,WW,developer
2717,24,305,2014-10-30,NA,publisher
2718,4,305,2020-05-21,WW,developer
2718,4,305,2020-05-21,NA,publisher
2718,26,305,2020-05-21,WW,developer
2718,26,305,2020-05-21,NA,publisher
2719,24,722,2020-07-03,WW,developer
2719,24,449,2020-07-03,EU,publisher
2720,4,605,2013-02-14,WW,developer
2720,4,66,2013-02-14,EU,publisher
2721,24,212,2017-12-18,WW,developer
2721,24,212,2017-12-18,NA,publisher
2721,4,212,2017-12-18,WW,developer
2721,4,212,2017-12-18,NA,publisher
2722,4,636,2017-05-01,WW,developer
2722,4,386,2017-05-01,NA,publisher
2723,4,586,2015-06-29,WW,developer
2724,4,141,2013-06-20,WW,developer
2725,4,478,2014-03-06,NA,publisher
2725,4,1683,2014-03-06,EU,publisher
2726,4,265,2013-01-31,WW,developer
2726,4,85,2013-01-31,EU,publisher
2726,8,265,2013-01-31,WW,developer
2726,8,85,2013-01-31,EU,publisher
2727,4,223,2017-05-05,WW,developer
2727,4,231,2017-05-05,NA,publisher
2728,16,1519,2016-09-09,WW,developer
2728,16,1519,2016-09-09,EU,publisher
2728,4,1519,2016-09-09,WW,developer
2728,4,1519,2016-09-09,EU,publisher
2728,33,1519,2016-09-09,WW,developer
2728,33,1519,2016-09-09,EU,publisher
2728,6,1519,2016-09-09,WW,developer
2728,6,1519,2016-09-09,EU,publisher
2729,4,469,2015-01-30,WW,developer
2729,4,757,2015-01-30,EU,publisher
2729,8,469,2015-01-30,WW,developer
2729,8,757,2015-01-30,EU,publisher
2730,4,743,2014-08-06,WW,developer
2730,4,14,2014-08-06,EU,publisher
2731,4,13,2014-10-10,NA,publisher
2732,33,222,2014-08-01,WW,developer
2732,33,182,2014-08-01,EU,publisher
2732,4,222,2014-08-01,WW,developer
2732,4,182,2014-08-01,EU,publisher
2732,6,222,2014-08-01,WW,developer
2732,6,182,2014-08-01,EU,publisher
2733,106,1253,2015-07-16,WW,developer
2733,4,1253,2015-07-16,WW,developer
2734,8,1101,2015-10-09,WW,developer
2734,8,586,2015-10-09,EU,publisher
2734,4,1101,2015-10-09,WW,developer
2734,4,586,2015-10-09,EU,publisher
2734,24,1101,2015-10-09,WW,developer
2734,24,586,2015-10-09,EU,publisher
2735,4,636,2017-04-18,WW,developer
2735,4,386,2017-04-18,NA,publisher
2736,4,636,2017-01-09,WW,developer
2736,4,386,2017-01-09,NA,publisher
2737,4,936,2014-02-25,WW,developer
2737,4,56,2014-02-25,JP,publisher
2737,8,936,2014-02-25,WW,developer
2737,8,56,2014-02-25,JP,publisher
2737,6,936,2014-02-25,WW,developer
2737,6,56,2014-02-25,JP,publisher
2738,4,636,2017-05-22,WW,developer
2738,4,386,2017-05-22,NA,publisher
2739,8,503,2013-08-15,WW,developer
2739,8,503,2013-08-15,EU,publisher
2739,106,503,2013-08-15,WW,developer
2739,106,503,2013-08-15,EU,publisher
2739,4,503,2013-08-15,WW,developer
2739,4,503,2013-08-15,EU,publisher
2740,4,746,2015-09-17,WW,developer
2740,4,128,2015-09-17,EU,publisher
2741,8,402,2013-08-20,WW,developer
2741,8,17,2013-08-20,NA,publisher
2741,6,402,2013-08-20,WW,developer
2741,6,17,2013-08-20,NA,publisher
2741,4,402,2013-08-20,WW,developer
2741,4,17,2013-08-20,NA,publisher
2742,4,1263,2015-09-29,WW,developer
2742,4,1263,2015-09-29,EU,publisher
2742,8,1263,2015-09-29,WW,developer
2742,8,1263,2015-09-29,EU,publisher
2743,4,845,2014-03-25,WW,developer
2743,4,544,2014-03-25,EU,publisher
2743,4,888,2014-03-25,EU,publisher
2745,4,1614,2013-09-05,EU,publisher
2747,4,415,2021-01-01,WW,developer
2747,4,117,2021-01-01,JP,publisher
2747,4,348,2021-01-01,EU,publisher
2747,4,415,2021-01-01,EU,publisher
2747,106,415,2021-01-01,WW,developer
2747,106,117,2021-01-01,JP,publisher
2747,106,348,2021-01-01,EU,publisher
2747,106,415,2021-01-01,EU,publisher
2748,4,755,2014-07-24,WW,developer
2748,4,501,2014-07-24,EU,publisher
2749,4,358,2020-08-25,WW,developer
2750,22,920,2013-10-18,WW,developer
2750,22,850,2013-10-18,EU,publisher
2751,4,750,2013-09-20,WW,developer
2751,4,886,2013-09-20,EU,publisher
2751,4,890,2013-09-20,EU,publisher
2752,4,1304,2015-05-05,WW,developer
2719,4,722,2020-07-03,WW,developer
2719,4,449,2020-07-03,EU,publisher
2753,4,860,2014-05-09,WW,developer
2753,4,860,2014-05-09,NA,publisher
2755,4,1386,2014-05-29,WW,developer
2755,4,1386,2014-05-29,EU,publisher
2755,8,1386,2014-05-29,WW,developer
2755,8,1386,2014-05-29,EU,publisher
2757,42,329,2019-09-19,WW,developer
2757,42,999,2019-09-19,EU,publisher
2757,24,329,2019-09-19,WW,developer
2757,24,999,2019-09-19,EU,publisher
2757,10,329,2019-09-19,WW,developer
2757,10,999,2019-09-19,EU,publisher
2759,8,902,2013-11-06,WW,developer
2759,8,902,2013-11-06,EU,publisher
2759,4,902,2013-11-06,WW,developer
2759,4,902,2013-11-06,EU,publisher
2760,66,504,2013-07-12,WW,developer
2760,66,6,2013-07-12,JP,publisher
2761,4,1159,2013-11-19,WW,developer
2761,4,351,2013-11-19,JP,publisher
2761,4,1655,2013-11-19,JP,publisher
2761,6,1159,2013-11-19,WW,developer
2761,6,351,2013-11-19,JP,publisher
2761,6,1655,2013-11-19,JP,publisher
2762,49,606,2023-05-02,WW,developer
2762,49,950,2023-05-02,WW,developer
2762,49,950,2023-05-02,NA,publisher
2764,10,900,2022-08-15,EU,publisher
2764,42,900,2022-08-15,EU,publisher
2765,28,468,2024-06-07,WW,developer
2765,28,976,2024-06-07,JP,publisher
2765,106,468,2024-06-07,WW,developer
2765,106,976,2024-06-07,JP,publisher
2766,4,655,2014-06-05,WW,developer
2766,4,659,2014-06-05,NA,publisher
2766,5,655,2014-06-05,WW,developer
2766,5,659,2014-06-05,NA,publisher
2766,8,655,2014-06-05,WW,developer
2766,8,659,2014-06-05,NA,publisher
2767,4,117,2018-01-22,WW,developer
2767,4,117,2018-01-22,JP,publisher
2768,58,258,2017-02-20,NA,publisher
2768,4,258,2017-02-20,NA,publisher
2769,4,112,2014-12-16,WW,developer
2769,4,112,2014-12-16,EU,publisher
2769,106,112,2014-12-16,WW,developer
2769,106,112,2014-12-16,EU,publisher
2769,8,112,2014-12-16,WW,developer
2769,8,112,2014-12-16,EU,publisher
2770,83,1031,2019-05-16,WW,developer
2770,83,1091,2019-05-16,WW,developer
2770,83,1446,2019-05-16,WW,developer
2770,83,436,2019-05-16,JP,publisher
2770,83,498,2019-05-16,EU,publisher
2770,83,1164,2019-05-16,JP,publisher
2770,42,1031,2019-05-16,WW,developer
2770,42,1091,2019-05-16,WW,developer
2770,42,1446,2019-05-16,WW,developer
2770,42,436,2019-05-16,JP,publisher
2770,42,498,2019-05-16,EU,publisher
2770,42,1164,2019-05-16,JP,publisher
2770,10,1031,2019-05-16,WW,developer
2770,10,1091,2019-05-16,WW,developer
2770,10,1446,2019-05-16,WW,developer
2770,10,436,2019-05-16,JP,publisher
2770,10,498,2019-05-16,EU,publisher
2770,10,1164,2019-05-16,JP,publisher
2770,55,1031,2019-05-16,WW,developer
2770,55,1091,2019-05-16,WW,developer
2770,55,1446,2019-05-16,WW,developer
2770,55,436,2019-05-16,JP,publisher
2770,55,498,2019-05-16,EU,publisher
2770,55,1164,2019-05-16,JP,publisher
2771,4,537,2022-07-03,WW,developer
2771,4,537,2022-07-03,JP,publisher
2773,10,622,2023-06-15,WW,developer
2773,10,622,2023-06-15,EU,publisher
2773,4,622,2023-06-15,WW,developer
2773,4,622,2023-06-15,EU,publisher
2775,4,1143,2019-01-18,WW,developer
2775,4,228,2019-01-18,EU,publisher
2776,8,726,2022-02-03,WW,developer
2776,8,831,2022-02-03,NA,publisher
2776,4,726,2022-02-03,WW,developer
2776,4,831,2022-02-03,NA,publisher
2776,24,726,2022-02-03,WW,developer
2776,24,831,2022-02-03,NA,publisher
2778,4,905,2024-05-15,WW,developer
2778,4,3,2024-05-15,NA,publisher
2778,94,905,2024-05-15,WW,developer
2778,94,3,2024-05-15,NA,publisher
2779,4,56,2014-01-01,WW,developer
2779,4,940,2014-01-01,JP,publisher
2780,10,848,2022-07-28,WW,developer
2780,10,449,2022-07-28,EU,publisher
2781,6,526,2022-02-03,WW,developer
2781,6,526,2022-02-03,EU,publisher
2781,106,526,2022-02-03,WW,developer
2781,106,526,2022-02-03,EU,publisher
2781,4,526,2022-02-03,WW,developer
2781,4,526,2022-02-03,EU,publisher
2757,4,329,2019-09-19,WW,developer
2757,4,999,2019-09-19,EU,publisher
2780,4,848,2022-07-28,WW,developer
2780,4,449,2022-07-28,EU,publisher
2764,4,900,2022-08-15,EU,publisher
2758,4,1613,2013-03-19,WW,developer
2758,8,1613,2013-03-19,WW,developer
2801,27,40,2001-12-15,WW,developer
2801,27,6,2001-12-15,JP,publisher
2802,23,282,2015-05-29,WW,developer
2802,23,281,2015-05-29,JP,publisher
2802,23,282,2015-05-29,JP,publisher
2802,23,1233,2015-05-29,NA,publisher
2802,4,282,2015-05-29,WW,developer
2802,4,281,2015-05-29,JP,publisher
2802,4,282,2015-05-29,JP,publisher
2802,4,1233,2015-05-29,NA,publisher
2802,33,282,2015-05-29,WW,developer
2802,33,281,2015-05-29,JP,publisher
2802,33,282,2015-05-29,JP,publisher
2802,33,1233,2015-05-29,NA,publisher
2803,4,1155,2014-09-23,WW,developer
2803,4,1155,2014-09-23,JP,publisher
2803,6,1155,2014-09-23,WW,developer
2803,6,1155,2014-09-23,JP,publisher
2804,4,800,2015-06-25,WW,developer
2804,4,800,2015-06-25,JP,publisher
2805,5,117,2024-04-18,WW,developer
2805,5,117,2024-04-18,JP,publisher
2805,5,1164,2024-04-18,JP,publisher
2806,4,537,2022-10-11,WW,developer
2806,4,537,2022-10-11,JP,publisher
2808,16,92,2015-07-22,WW,developer
2808,16,92,2015-07-22,JP,publisher
2808,5,92,2015-07-22,WW,developer
2808,5,92,2015-07-22,JP,publisher
2808,26,92,2015-07-22,WW,developer
2808,26,92,2015-07-22,JP,publisher
2808,21,92,2015-07-22,WW,developer
2808,21,92,2015-07-22,JP,publisher
2808,66,92,2015-07-22,WW,developer
2808,66,92,2015-07-22,JP,publisher
2809,4,492,2016-04-14,WW,developer
2809,4,11,2016-04-14,NA,publisher
2809,4,1544,2016-04-14,NA,publisher
2810,26,585,2020-01-09,WW,developer
2810,26,1446,2020-01-09,WW,developer
2810,26,363,2020-01-09,JP,publisher
2810,26,436,2020-01-09,JP,publisher
2810,26,1164,2020-01-09,JP,publisher
2810,79,585,2020-01-09,WW,developer
2810,79,1446,2020-01-09,WW,developer
2810,79,363,2020-01-09,JP,publisher
2810,79,436,2020-01-09,JP,publisher
2810,79,1164,2020-01-09,JP,publisher
2810,55,585,2020-01-09,WW,developer
2810,55,1446,2020-01-09,WW,developer
2810,55,363,2020-01-09,JP,publisher
2810,55,436,2020-01-09,JP,publisher
2810,55,1164,2020-01-09,JP,publisher
2813,106,56,2024-03-21,WW,developer
2813,106,56,2024-03-21,JP,publisher
2813,6,56,2013-08-27,WW,developer
2813,6,56,2013-08-27,JP,publisher
2813,8,56,2015-06-23,WW,developer
2813,8,56,2015-06-23,JP,publisher
2813,4,56,2014-02-18,WW,developer
2813,4,56,2014-02-18,JP,publisher
2814,4,92,2024-08-29,WW,developer
2814,4,92,2024-08-29,JP,publisher
2814,4,1164,2024-08-29,JP,publisher
2816,4,38,2021-10-14,WW,developer
2816,4,544,2021-10-14,EU,publisher
2816,4,672,2021-10-14,EU,publisher
2816,24,38,2021-10-14,WW,developer
2816,24,544,2021-10-14,EU,publisher
2816,24,672,2021-10-14,EU,publisher
2817,55,586,2022-09-08,WW,developer
2817,55,586,2022-09-08,EU,publisher
2817,10,586,2022-09-08,WW,developer
2817,10,586,2022-09-08,EU,publisher
2817,42,586,2022-09-08,WW,developer
2817,42,586,2022-09-08,EU,publisher
2818,53,437,2022-11-17,WW,developer
2818,53,57,2022-11-17,NA,publisher
2819,23,1018,2021-07-15,WW,developer
2819,23,442,2021-07-15,NA,publisher
2819,23,752,2021-07-15,EU,publisher
2819,23,1127,2021-07-15,NA,publisher
2819,33,1018,2021-07-15,WW,developer
2819,33,442,2021-07-15,NA,publisher
2819,33,752,2021-07-15,EU,publisher
2819,33,1127,2021-07-15,NA,publisher
2820,4,537,2022-10-10,WW,developer
2820,4,537,2022-10-10,JP,publisher
2821,24,821,2021-09-03,WW,developer
2821,24,831,2021-09-03,WW,developer
2821,24,821,2021-09-03,NA,publisher
2821,24,1501,2021-09-03,NA,publisher
2821,94,821,2021-09-03,WW,developer
2821,94,831,2021-09-03,WW,developer
2821,94,821,2021-09-03,NA,publisher
2821,94,1501,2021-09-03,NA,publisher
2821,4,821,2021-09-03,WW,developer
2821,4,831,2021-09-03,WW,developer
2821,4,821,2021-09-03,NA,publisher
2821,4,1501,2021-09-03,NA,publisher
2822,4,872,2016-02-25,WW,developer
2822,4,872,2016-02-25,NA,publisher
2823,93,451,2021-05-13,WW,developer
2823,93,451,2021-05-13,JP,publisher
2823,93,1095,2021-05-13,JP,publisher
2823,93,1164,2021-05-13,JP,publisher
2824,4,1186,2014-09-04,WW,developer
2824,4,931,2014-09-04,NA,publisher
2824,8,1186,2014-09-04,WW,developer
2824,8,931,2014-09-04,NA,publisher
2825,27,40,2003-11-07,WW,developer
2825,27,6,2003-11-07,JP,publisher
2826,4,289,2016-01-01,WW,developer
2826,4,1291,2016-01-01,WW,developer
2826,4,182,2016-01-01,EU,publisher
2826,8,289,2016-01-01,WW,developer
2826,8,1291,2016-01-01,WW,developer
2826,8,182,2016-01-01,EU,publisher
2827,26,941,2020-07-30,WW,developer
2827,26,864,2020-07-30,WW,developer
2827,26,864,2020-07-30,JP,publisher
2827,26,1416,2020-07-30,JP,publisher
2817,4,586,2022-09-08,WW,developer
2817,4,586,2022-09-08,EU,publisher
2818,4,437,2022-11-17,WW,developer
2818,4,57,2022-11-17,NA,publisher
2817,77,586,2022-09-08,WW,developer
2817,77,586,2022-09-08,EU,publisher
2828,106,537,2023-09-15,WW,developer
2828,106,99,2023-09-15,EU,publisher
2828,4,537,2023-09-15,WW,developer
2828,4,99,2023-09-15,EU,publisher
2829,6,278,2018-01-17,WW,developer
2829,6,278,2018-01-17,JP,publisher
2829,4,278,2018-01-17,WW,developer
2829,4,278,2018-01-17,JP,publisher
2830,4,1324,2015-02-27,WW,developer
2831,4,937,2014-03-03,NA,publisher
2831,8,937,2014-03-03,NA,publisher
2832,33,857,2018-11-19,WW,developer
2832,33,857,2018-11-19,JP,publisher
2832,23,857,2018-11-19,WW,developer
2832,23,857,2018-11-19,JP,publisher
2832,4,857,2018-11-19,WW,developer
2832,4,857,2018-11-19,JP,publisher
2833,66,232,2014-05-02,WW,developer
2833,66,6,2014-05-02,JP,publisher
2834,5,471,2019-04-29,WW,developer
2834,5,82,2019-04-29,EU,publisher
2834,22,471,2019-04-29,WW,developer
2834,22,82,2019-04-29,EU,publisher
2834,23,471,2019-04-29,WW,developer
2834,23,82,2019-04-29,EU,publisher
2835,92,380,2011-10-09,WW,developer
2835,92,380,2011-10-09,EU,publisher
2835,4,380,2015-07-29,WW,developer
2835,4,380,2015-07-29,EU,publisher
2837,4,1565,2019-09-27,WW,developer
2837,4,1565,2019-09-27,NA,publisher
2838,4,1099,2020-02-12,WW,developer
2838,4,830,2020-02-12,EU,publisher
2838,24,1099,2020-02-12,WW,developer
2838,24,830,2020-02-12,EU,publisher
2839,8,1257,2014-04-15,WW,developer
2839,4,1257,2014-04-15,WW,developer
2840,4,766,2015-09-30,WW,developer
2840,4,938,2015-09-30,NA,publisher
2840,24,766,2015-09-30,WW,developer
2840,24,938,2015-09-30,NA,publisher
2840,28,766,2015-09-30,WW,developer
2840,28,938,2015-09-30,NA,publisher
2841,8,1298,2024-10-24,WW,developer
2841,8,1298,2024-10-24,EU,publisher
2841,4,1298,2024-10-24,WW,developer
2841,4,1298,2024-10-24,EU,publisher
2842,4,1280,2020-01-28,WW,developer
2842,4,296,2020-01-28,NA,publisher
2842,4,1280,2020-01-28,NA,publisher
2842,106,1280,2020-01-28,WW,developer
2842,106,296,2020-01-28,NA,publisher
2842,106,1280,2020-01-28,NA,publisher
2842,8,1280,2020-01-28,WW,developer
2842,8,296,2020-01-28,NA,publisher
2842,8,1280,2020-01-28,NA,publisher
2844,106,1198,2023-01-25,WW,developer
2844,106,233,2023-01-25,NA,publisher
2844,106,1198,2023-01-25,EU,publisher
2844,8,1198,2023-01-25,WW,developer
2844,8,233,2023-01-25,NA,publisher
2844,8,1198,2023-01-25,EU,publisher
2844,4,1198,2023-01-25,WW,developer
2844,4,233,2023-01-25,NA,publisher
2844,4,1198,2023-01-25,EU,publisher
2845,55,92,2024-11-14,WW,developer
2845,55,6,2024-11-14,JP,publisher
2845,55,92,2024-11-14,JP,publisher
2845,5,92,2024-11-14,WW,developer
2845,5,6,2024-11-14,JP,publisher
2845,5,92,2024-11-14,JP,publisher
2845,21,92,2024-11-14,WW,developer
2845,21,6,2024-11-14,JP,publisher
2845,21,92,2024-11-14,JP,publisher
2845,16,92,2024-11-14,WW,developer
2845,16,6,2024-11-14,JP,publisher
2845,16,92,2024-11-14,JP,publisher
2845,10,92,2024-11-14,WW,developer
2845,10,6,2024-11-14,JP,publisher
2845,10,92,2024-11-14,JP,publisher
2845,42,92,2024-11-14,WW,developer
2845,42,6,2024-11-14,JP,publisher
2845,42,92,2024-11-14,JP,publisher
2846,31,358,1998-12-18,WW,developer
2846,31,6,1998-12-18,JP,publisher
2847,24,305,2024-02-15,WW,developer
2847,24,305,2024-02-15,NA,publisher
2848,8,671,2017-02-28,WW,developer
2848,4,671,2017-02-28,WW,developer
2850,16,256,2015-05-28,WW,developer
2850,16,256,2015-05-28,JP,publisher
2850,26,256,2015-05-28,WW,developer
2850,26,256,2015-05-28,JP,publisher
2851,106,522,2022-07-15,WW,developer
2851,106,522,2022-07-15,EU,publisher
2851,106,1486,2022-07-15,EU,publisher
2851,8,522,2022-07-15,WW,developer
2851,8,522,2022-07-15,EU,publisher
2851,8,1486,2022-07-15,EU,publisher
2851,4,522,2022-07-15,WW,developer
2851,4,522,2022-07-15,EU,publisher
2851,4,1486,2022-07-15,EU,publisher
2852,6,422,2018-01-01,WW,developer
2852,6,422,2018-01-01,JP,publisher
2841,106,1298,2024-10-24,WW,developer
2841,106,1298,2024-10-24,EU,publisher
2847,4,305,2024-02-15,WW,developer
2847,4,305,2024-02-15,NA,publisher
2853,4,708,2017-03-14,JP,publisher
2853,33,708,2017-03-14,JP,publisher
2854,8,549,2020-08-27,WW,developer
2854,8,1578,2020-08-27,WW,developer
2854,8,111,2020-08-27,JP,publisher
2854,8,1578,2020-08-27,JP,publisher
2854,4,549,2020-08-27,WW,developer
2854,4,1578,2020-08-27,WW,developer
2854,4,111,2020-08-27,JP,publisher
2854,4,1578,2020-08-27,JP,publisher
2855,6,840,2014-06-03,WW,developer
2855,6,56,2014-06-03,JP,publisher
2855,4,840,2014-06-03,WW,developer
2855,4,56,2014-06-03,JP,publisher
2856,106,299,2023-04-13,WW,developer
2856,106,416,2023-04-13,JP,publisher
2858,106,79,2022-10-18,NA,publisher
2858,106,1489,2022-10-18,NA,publisher
2858,4,79,2022-10-18,NA,publisher
2858,4,1489,2022-10-18,NA,publisher
2858,8,79,2022-10-18,NA,publisher
2858,8,1489,2022-10-18,NA,publisher
2859,4,680,2017-02-07,WW,developer
2859,4,11,2017-02-07,NA,publisher
2859,4,481,2017-02-07,JP,publisher
2860,26,622,2019-03-07,WW,developer
2860,26,629,2019-03-07,NA,publisher
2861,66,226,2015-07-18,WW,developer
2861,66,226,2015-07-18,JP,publisher
2863,16,518,2020-10-27,WW,developer
2863,16,647,2020-10-27,WW,developer
2863,16,518,2020-10-27,NA,publisher
2863,8,518,2020-10-27,WW,developer
2863,8,647,2020-10-27,WW,developer
2863,8,518,2020-10-27,NA,publisher
2863,33,518,2020-10-27,WW,developer
2863,33,647,2020-10-27,WW,developer
2863,33,518,2020-10-27,NA,publisher
2863,4,518,2020-10-27,WW,developer
2863,4,647,2020-10-27,WW,developer
2863,4,518,2020-10-27,NA,publisher
2863,6,518,2020-10-27,WW,developer
2863,6,647,2020-10-27,WW,developer
2863,6,518,2020-10-27,NA,publisher
2864,4,794,2021-05-11,WW,developer
2864,4,3,2021-05-11,NA,publisher
2865,5,269,2022-02-10,WW,developer
2865,5,57,2022-02-10,NA,publisher
2865,5,1109,2022-02-10,NA,publisher
2865,4,269,2022-02-10,WW,developer
2865,4,57,2022-02-10,NA,publisher
2865,4,1109,2022-02-10,NA,publisher
2865,8,269,2022-02-10,WW,developer
2865,8,57,2022-02-10,NA,publisher
2865,8,1109,2022-02-10,NA,publisher
2865,94,269,2022-02-10,WW,developer
2865,94,57,2022-02-10,NA,publisher
2865,94,1109,2022-02-10,NA,publisher
2867,4,923,2016-10-19,WW,developer
2867,4,923,2016-10-19,EU,publisher
2868,26,585,2024-08-01,WW,developer
2868,26,436,2024-08-01,JP,publisher
2868,26,1416,2024-08-01,JP,publisher
2871,4,508,2021-10-26,WW,developer
2871,4,544,2021-10-26,EU,publisher
2872,4,490,2016-06-28,WW,developer
2872,4,66,2016-06-28,EU,publisher
2872,4,490,2016-06-28,EU,publisher
2872,4,725,2016-06-28,EU,publisher
2872,8,490,2016-06-28,WW,developer
2872,8,66,2016-06-28,EU,publisher
2872,8,490,2016-06-28,EU,publisher
2872,8,725,2016-06-28,EU,publisher
2874,24,427,2023-12-19,WW,developer
2874,24,427,2023-12-19,NA,publisher
2875,4,449,2022-08-10,EU,publisher
2875,10,449,2022-08-10,EU,publisher
2876,8,1426,2017-03-10,WW,developer
2876,8,1371,2017-03-10,EU,publisher
2876,8,1426,2017-03-10,EU,publisher
2876,4,1426,2017-03-10,WW,developer
2876,4,1371,2017-03-10,EU,publisher
2876,4,1426,2017-03-10,EU,publisher
2877,8,914,2016-07-25,WW,developer
2877,8,914,2016-07-25,NA,publisher
2877,4,914,2016-07-25,WW,developer
2877,4,914,2016-07-25,NA,publisher
2878,4,1155,2015-09-02,WW,developer
2878,4,363,2015-09-02,JP,publisher
2879,4,1397,2015-09-10,WW,developer
2879,4,837,2015-09-10,EU,publisher
2879,4,1397,2015-09-10,EU,publisher
2880,4,60,2014-07-17,WW,developer
2880,4,60,2014-07-17,EU,publisher
2881,4,1013,2023-08-28,WW,developer
2881,4,1021,2023-08-28,NA,publisher
2883,4,302,2022-07-27,WW,developer
2883,4,1416,2022-07-27,WW,developer
2883,4,1424,2022-07-27,WW,developer
2883,4,443,2022-07-27,JP,publisher
2883,4,1416,2022-07-27,JP,publisher
2883,106,302,2022-07-27,WW,developer
2883,106,1416,2022-07-27,WW,developer
2883,106,1424,2022-07-27,WW,developer
2883,106,443,2022-07-27,JP,publisher
2883,106,1416,2022-07-27,JP,publisher
2884,42,687,2019-12-31,WW,developer
2884,42,676,2019-12-31,EU,publisher
2860,4,622,2019-03-07,WW,developer
2860,4,629,2019-03-07,NA,publisher
2874,4,427,2023-12-19,WW,developer
2874,4,427,2023-12-19,NA,publisher
2884,10,687,2019-12-31,WW,developer
2884,10,676,2019-12-31,EU,publisher
2884,24,687,2019-12-31,WW,developer
2884,24,676,2019-12-31,EU,publisher
2884,4,687,2019-12-31,WW,developer
2884,4,676,2019-12-31,EU,publisher
2886,4,302,2022-08-03,WW,developer
2886,4,1416,2022-08-03,WW,developer
2886,4,1424,2022-08-03,WW,developer
2886,4,363,2022-08-03,JP,publisher
2886,4,1416,2022-08-03,JP,publisher
2886,106,302,2022-08-03,WW,developer
2886,106,1416,2022-08-03,WW,developer
2886,106,1424,2022-08-03,WW,developer
2886,106,363,2022-08-03,JP,publisher
2886,106,1416,2022-08-03,JP,publisher
2888,8,1418,2015-04-28,WW,developer
2888,8,458,2015-04-28,EU,publisher
2888,4,1418,2015-04-28,WW,developer
2888,4,458,2015-04-28,EU,publisher
2889,106,1296,2022-06-21,WW,developer
2889,106,1654,2022-06-21,WW,developer
2889,106,66,2022-06-21,EU,publisher
2889,8,1296,2022-06-21,WW,developer
2889,8,1654,2022-06-21,WW,developer
2889,8,66,2022-06-21,EU,publisher
2889,4,1296,2022-06-21,WW,developer
2889,4,1654,2022-06-21,WW,developer
2889,4,66,2022-06-21,EU,publisher
2890,66,809,2023-06-02,WW,developer
2890,66,8,2023-06-02,JP,publisher
2890,67,809,2023-06-02,WW,developer
2890,67,8,2023-06-02,JP,publisher
2891,16,6,2016-06-24,JP,publisher
2892,4,1531,2023-06-22,WW,developer
2892,4,1573,2023-06-22,EU,publisher
2892,106,1531,2023-06-22,WW,developer
2892,106,1573,2023-06-22,EU,publisher
2893,6,556,2014-07-01,WW,developer
2893,6,556,2014-07-01,EU,publisher
2893,6,565,2014-07-01,EU,publisher
2893,4,556,2014-07-01,WW,developer
2893,4,556,2014-07-01,EU,publisher
2893,4,565,2014-07-01,EU,publisher
2894,4,450,2016-09-15,WW,developer
2894,4,450,2016-09-15,NA,publisher
2894,24,450,2016-09-15,WW,developer
2894,24,450,2016-09-15,NA,publisher
2894,94,450,2016-09-15,WW,developer
2894,94,450,2016-09-15,NA,publisher
2895,79,481,2018-03-01,WW,developer
2895,79,451,2018-03-01,JP,publisher
2895,79,800,2018-03-01,JP,publisher
2895,26,481,2018-03-01,WW,developer
2895,26,451,2018-03-01,JP,publisher
2895,26,800,2018-03-01,JP,publisher
2895,35,481,2018-03-01,WW,developer
2895,35,451,2018-03-01,JP,publisher
2895,35,800,2018-03-01,JP,publisher
2896,4,342,2014-09-23,WW,developer
2896,4,342,2014-09-23,EU,publisher
2897,4,449,2021-06-02,WW,developer
2897,4,449,2021-06-02,EU,publisher
2897,32,449,2021-06-02,WW,developer
2897,32,449,2021-06-02,EU,publisher
2898,24,427,2022-09-01,WW,developer
2898,24,427,2022-09-01,NA,publisher
2899,33,216,2015-09-08,WW,developer
2899,33,11,2015-09-08,NA,publisher
2900,23,451,2024-08-08,WW,developer
2900,23,451,2024-08-08,JP,publisher
2900,23,1164,2024-08-08,JP,publisher
2900,6,451,2024-08-08,WW,developer
2900,6,451,2024-08-08,JP,publisher
2900,6,1164,2024-08-08,JP,publisher
2904,8,1026,2017-05-12,WW,developer
2904,8,13,2017-05-12,NA,publisher
2904,4,1026,2017-05-12,WW,developer
2904,4,13,2017-05-12,NA,publisher
2907,94,649,2023-03-30,WW,developer
2907,94,1013,2023-03-30,NA,publisher
2907,4,649,2023-03-30,WW,developer
2907,4,1013,2023-03-30,NA,publisher
2908,24,726,2023-06-06,WW,developer
2908,24,427,2023-06-06,NA,publisher
2911,33,733,2015-06-25,WW,developer
2911,33,481,2015-06-25,JP,publisher
2907,8,649,2023-03-30,WW,developer
2907,8,1013,2023-03-30,NA,publisher
2887,4,713,2022-02-15,WW,developer
2887,4,713,2022-02-15,NA,publisher
2898,4,427,2022-09-01,WW,developer
2898,4,427,2022-09-01,NA,publisher
2903,4,509,2022-01-20,WW,developer
2903,4,305,2022-01-20,NA,publisher
2908,4,726,2023-06-06,WW,developer
2908,4,427,2023-06-06,NA,publisher
2932,33,1235,2015-03-10,WW,developer
2932,33,1235,2015-03-10,JP,publisher
2933,14,1207,2016-07-23,WW,developer
2933,14,1239,2016-07-23,WW,developer
2933,14,1377,2016-07-23,WW,developer
2933,14,13,2016-07-23,NA,publisher
2933,4,1207,2016-07-23,WW,developer
2933,4,1239,2016-07-23,WW,developer
2933,4,1377,2016-07-23,WW,developer
2933,4,13,2016-07-23,NA,publisher
2933,95,1207,2016-07-23,WW,developer
2933,95,1239,2016-07-23,WW,developer
2933,95,1377,2016-07-23,WW,developer
2933,95,13,2016-07-23,NA,publisher
2934,33,421,2017-05-18,WW,developer
2934,33,281,2017-05-18,JP,publisher
2934,33,426,2017-05-18,JP,publisher
2934,4,421,2017-05-18,WW,developer
2934,4,281,2017-05-18,JP,publisher
2934,4,426,2017-05-18,JP,publisher
2935,4,800,2018-01-16,WW,developer
2935,4,800,2018-01-16,JP,publisher
2936,4,453,2024-11-20,WW,developer
2936,4,453,2024-11-20,EU,publisher
2936,106,453,2024-11-20,WW,developer
2936,106,453,2024-11-20,EU,publisher
2937,4,1151,2015-07-08,WW,developer
2937,4,922,2015-07-08,EU,publisher
2937,4,1151,2015-07-08,EU,publisher
2938,4,1224,2014-12-19,WW,developer
2938,4,565,2014-12-19,EU,publisher
2938,4,1224,2014-12-19,EU,publisher
2939,4,1149,2023-05-25,WW,developer
2939,4,1149,2023-05-25,EU,publisher
2939,4,1496,2023-05-25,EU,publisher
2940,66,1046,2018-01-01,WW,developer
2940,66,975,2018-01-01,JP,publisher
2911,4,733,2015-06-25,WW,developer
2911,4,481,2015-06-25,JP,publisher
2912,4,1318,2014-09-05,WW,developer
2912,4,953,2014-09-05,EU,publisher
2912,8,1318,2014-09-05,WW,developer
2912,8,953,2014-09-05,EU,publisher
2914,82,334,2014-01-01,WW,developer
2914,82,163,2014-01-01,NA,publisher
2914,4,334,2014-01-01,WW,developer
2914,4,163,2014-01-01,NA,publisher
2915,59,606,2019-10-15,WW,developer
2915,59,578,2019-10-15,EU,publisher
2915,10,606,2019-10-15,WW,developer
2915,10,578,2019-10-15,EU,publisher
2916,8,589,2024-04-08,WW,developer
2916,8,1663,2024-04-08,WW,developer
2916,8,589,2024-04-08,JP,publisher
2916,8,1663,2024-04-08,EU,publisher
2916,44,589,2024-04-08,WW,developer
2916,44,1663,2024-04-08,WW,developer
2916,44,589,2024-04-08,JP,publisher
2916,44,1663,2024-04-08,EU,publisher
2916,4,589,2024-04-08,WW,developer
2916,4,1663,2024-04-08,WW,developer
2916,4,589,2024-04-08,JP,publisher
2916,4,1663,2024-04-08,EU,publisher
2917,22,92,2024-05-09,WW,developer
2917,22,92,2024-05-09,JP,publisher
2917,22,64,2024-05-09,JP,publisher
2917,22,1164,2024-05-09,JP,publisher
2917,61,92,2024-05-09,WW,developer
2917,61,92,2024-05-09,JP,publisher
2917,61,64,2024-05-09,JP,publisher
2917,61,1164,2024-05-09,JP,publisher
2917,4,92,2024-05-09,WW,developer
2917,4,92,2024-05-09,JP,publisher
2917,4,64,2024-05-09,JP,publisher
2917,4,1164,2024-05-09,JP,publisher
2917,17,92,2024-05-09,WW,developer
2917,17,92,2024-05-09,JP,publisher
2917,17,64,2024-05-09,JP,publisher
2917,17,1164,2024-05-09,JP,publisher
2917,68,92,2024-05-09,WW,developer
2917,68,92,2024-05-09,JP,publisher
2917,68,64,2024-05-09,JP,publisher
2917,68,1164,2024-05-09,JP,publisher
2918,24,726,2023-06-06,WW,developer
2918,24,427,2023-06-06,NA,publisher
2919,4,589,2024-02-01,WW,developer
2919,4,1663,2024-02-01,WW,developer
2919,4,451,2024-02-01,JP,publisher
2919,4,589,2024-02-01,JP,publisher
2919,4,1663,2024-02-01,EU,publisher
2919,8,589,2024-02-01,WW,developer
2919,8,1663,2024-02-01,WW,developer
2919,8,451,2024-02-01,JP,publisher
2919,8,589,2024-02-01,JP,publisher
2919,8,1663,2024-02-01,EU,publisher
2920,4,1044,2014-05-22,WW,developer
2920,4,188,2014-05-22,NA,publisher
2920,6,1044,2014-05-22,WW,developer
2920,6,188,2014-05-22,NA,publisher
2922,24,999,2019-10-04,WW,developer
2922,24,774,2019-10-04,EU,publisher
2923,33,926,2014-05-29,EU,publisher
2923,33,1201,2014-05-29,EU,publisher
2923,8,926,2014-05-29,EU,publisher
2923,8,1201,2014-05-29,EU,publisher
2923,6,926,2014-05-29,EU,publisher
2923,6,1201,2014-05-29,EU,publisher
2923,4,926,2014-05-29,EU,publisher
2923,4,1201,2014-05-29,EU,publisher
2924,4,1130,2015-01-16,WW,developer
2924,4,1130,2015-01-16,NA,publisher
2925,4,758,2015-06-05,WW,developer
2925,4,363,2015-06-05,JP,publisher
2925,80,758,2015-06-05,WW,developer
2925,80,363,2015-06-05,JP,publisher
2926,4,422,2022-05-10,WW,developer
2926,4,1539,2022-05-10,NA,publisher
2926,23,422,2022-05-10,WW,developer
2926,23,1539,2022-05-10,NA,publisher
2927,53,437,2022-11-10,WW,developer
2927,53,437,2022-11-10,NA,publisher
2928,4,45,2014-03-11,WW,developer
2928,4,45,2014-03-11,NA,publisher
2928,8,45,2014-03-11,WW,developer
2928,8,45,2014-03-11,NA,publisher
2929,4,997,2014-10-10,WW,developer
2929,4,405,2014-10-10,NA,publisher
2929,5,997,2014-10-10,WW,developer
2929,5,405,2014-10-10,NA,publisher
2930,4,1692,2017-12-19,WW,developer
2930,4,1669,2017-12-19,NA,publisher
2930,5,1692,2017-12-19,WW,developer
2930,5,1669,2017-12-19,NA,publisher
2922,4,999,2019-10-04,WW,developer
2922,4,774,2019-10-04,EU,publisher
2927,4,437,2022-11-10,WW,developer
2927,4,437,2022-11-10,NA,publisher
2918,4,726,2023-06-06,WW,developer
2918,4,427,2023-06-06,NA,publisher
3078,4,17,2015-02-10,NA,publisher
3079,4,347,2016-03-28,WW,developer
3079,4,347,2016-03-28,EU,publisher
3080,4,1269,2018-04-30,WW,developer
3080,4,1269,2018-04-30,NA,publisher
2941,23,1094,2019-06-27,WW,developer
2941,23,708,2019-06-27,JP,publisher
2941,33,1094,2019-06-27,WW,developer
2941,33,708,2019-06-27,JP,publisher
2942,4,616,2019-08-06,WW,developer
2942,4,616,2019-08-06,JP,publisher
2943,33,1045,2018-12-13,WW,developer
2943,33,1045,2018-12-13,JP,publisher
2943,23,1045,2018-12-13,WW,developer
2943,23,1045,2018-12-13,JP,publisher
2944,23,383,2015-03-27,WW,developer
2944,23,867,2015-03-27,JP,publisher
2944,4,383,2015-03-27,WW,developer
2944,4,867,2015-03-27,JP,publisher
2947,33,1045,2019-07-11,WW,developer
2947,33,1045,2019-07-11,JP,publisher
2947,23,1045,2019-07-11,WW,developer
2947,23,1045,2019-07-11,JP,publisher
2948,33,282,2016-06-22,WW,developer
2948,33,281,2016-06-22,JP,publisher
2948,33,282,2016-06-22,JP,publisher
2948,4,282,2016-06-22,WW,developer
2948,4,281,2016-06-22,JP,publisher
2948,4,282,2016-06-22,JP,publisher
2948,23,282,2016-06-22,WW,developer
2948,23,281,2016-06-22,JP,publisher
2948,23,282,2016-06-22,JP,publisher
2949,66,40,2013-11-22,WW,developer
2949,66,6,2013-11-22,JP,publisher
2950,4,1049,2015-10-23,WW,developer
2950,4,1049,2015-10-23,JP,publisher
2950,4,1655,2015-10-23,JP,publisher
2952,4,189,2014-06-13,WW,developer
2952,4,189,2014-06-13,JP,publisher
2953,23,1035,2016-04-18,WW,developer
2953,23,1035,2016-04-18,JP,publisher
2953,4,1035,2016-04-18,WW,developer
2953,4,1035,2016-04-18,JP,publisher
2953,8,1035,2016-04-18,WW,developer
2953,8,1035,2016-04-18,JP,publisher
2953,33,1035,2016-04-18,WW,developer
2953,33,1035,2016-04-18,JP,publisher
2954,106,1416,2022-06-29,WW,developer
2954,106,1424,2022-06-29,WW,developer
2954,106,1416,2022-06-29,JP,publisher
2954,4,1416,2022-06-29,WW,developer
2954,4,1424,2022-06-29,WW,developer
2954,4,1416,2022-06-29,JP,publisher
2956,33,239,2015-07-30,JP,publisher
2956,33,1585,2015-07-30,JP,publisher
2956,33,1608,2015-07-30,JP,publisher
2958,23,56,2014-01-14,WW,developer
2958,23,56,2014-01-14,JP,publisher
2958,22,56,2014-01-14,WW,developer
2958,22,56,2014-01-14,JP,publisher
2958,4,56,2014-01-14,WW,developer
2958,4,56,2014-01-14,JP,publisher
2958,92,56,2014-01-14,WW,developer
2958,92,56,2014-01-14,JP,publisher
2958,81,56,2014-01-14,WW,developer
2958,81,56,2014-01-14,JP,publisher
2959,16,827,2015-05-27,WW,developer
2959,16,117,2015-05-27,JP,publisher
2959,16,400,2015-05-27,JP,publisher
2961,4,542,2014-06-17,WW,developer
2961,4,542,2014-06-17,JP,publisher
2961,6,542,2014-06-17,WW,developer
2961,6,542,2014-06-17,JP,publisher
2961,33,542,2014-06-17,WW,developer
2961,33,542,2014-06-17,JP,publisher
2962,4,1093,2018-03-08,WW,developer
2962,4,281,2018-03-08,JP,publisher
2962,4,867,2018-03-08,JP,publisher
2962,4,1093,2018-03-08,JP,publisher
2963,33,262,2022-12-03,WW,developer
2963,33,262,2022-12-03,JP,publisher
2963,33,659,2022-12-03,NA,publisher
2963,33,1035,2022-12-03,JP,publisher
2963,22,262,2022-12-03,WW,developer
2963,22,262,2022-12-03,JP,publisher
2963,22,659,2022-12-03,NA,publisher
2963,22,1035,2022-12-03,JP,publisher
2963,4,262,2022-12-03,WW,developer
2963,4,262,2022-12-03,JP,publisher
2963,4,659,2022-12-03,NA,publisher
2963,4,1035,2022-12-03,JP,publisher
2964,26,585,2024-08-08,WW,developer
2964,26,436,2024-08-08,JP,publisher
2964,26,1416,2024-08-08,JP,publisher
2965,4,1655,2023-10-27,JP,publisher
2967,4,1086,2014-08-28,WW,developer
2967,4,309,2014-08-28,JP,publisher
2967,4,623,2014-08-28,JP,publisher
2967,4,742,2014-08-28,JP,publisher
2967,23,1086,2014-08-28,WW,developer
2967,23,309,2014-08-28,JP,publisher
2967,23,623,2014-08-28,JP,publisher
2967,23,742,2014-08-28,JP,publisher
2967,33,1086,2014-08-28,WW,developer
2967,33,309,2014-08-28,JP,publisher
2967,33,623,2014-08-28,JP,publisher
2967,33,742,2014-08-28,JP,publisher
2968,23,1045,2019-07-25,WW,developer
2968,23,1045,2019-07-25,JP,publisher
2968,33,1045,2019-07-25,WW,developer
2968,33,1045,2019-07-25,JP,publisher
2962,33,1093,2018-03-08,WW,developer
2962,33,281,2018-03-08,JP,publisher
2962,33,867,2018-03-08,JP,publisher
2962,33,1093,2018-03-08,JP,publisher
2956,4,239,2015-07-30,JP,publisher
2956,4,1585,2015-07-30,JP,publisher
2956,4,1608,2015-07-30,JP,publisher
2962,8,1093,2018-03-08,WW,developer
2962,8,281,2018-03-08,JP,publisher
2962,8,867,2018-03-08,JP,publisher
2962,8,1093,2018-03-08,JP,publisher
2941,6,1094,2019-06-27,WW,developer
2941,6,708,2019-06-27,JP,publisher
2962,19,1093,2018-03-08,WW,developer
2962,19,281,2018-03-08,JP,publisher
2962,19,867,2018-03-08,JP,publisher
2962,19,1093,2018-03-08,JP,publisher
2969,6,1098,2014-02-20,WW,developer
2969,6,152,2014-02-20,EU,publisher
2969,6,1128,2014-02-20,JP,publisher
2969,6,1098,2014-02-20,JP,publisher
2969,4,1098,2014-02-20,WW,developer
2969,4,152,2014-02-20,EU,publisher
2969,4,1128,2014-02-20,JP,publisher
2969,4,1098,2014-02-20,JP,publisher
2970,33,1045,2014-09-25,WW,developer
2970,33,1045,2014-09-25,JP,publisher
2970,23,1045,2014-09-25,WW,developer
2970,23,1045,2014-09-25,JP,publisher
2971,33,528,2019-07-31,JP,publisher
2971,33,1127,2019-07-31,NA,publisher
2971,23,528,2019-07-31,JP,publisher
2971,23,1127,2019-07-31,NA,publisher
2971,4,528,2019-07-31,JP,publisher
2971,4,1127,2019-07-31,NA,publisher
2973,4,1046,2016-06-01,WW,developer
2973,4,528,2016-06-01,JP,publisher
2974,33,491,2014-05-27,WW,developer
2974,33,11,2014-05-27,NA,publisher
2974,6,491,2014-05-27,WW,developer
2974,6,11,2014-05-27,NA,publisher
2975,4,805,2014-01-01,WW,developer
2976,4,92,2014-03-18,JP,publisher
2976,6,92,2014-03-18,JP,publisher
2977,66,901,2014-03-15,WW,developer
2977,66,6,2014-03-15,JP,publisher
2978,16,730,2015-06-25,WW,developer
2978,16,6,2015-06-25,JP,publisher
2978,66,730,2015-06-25,WW,developer
2978,66,6,2015-06-25,JP,publisher
2979,4,461,2014-06-04,WW,developer
2979,4,461,2014-06-04,EU,publisher
2980,4,1249,2015-07-24,WW,developer
2980,4,1249,2015-07-24,EU,publisher
2982,4,919,2018-09-13,WW,developer
2982,8,919,2018-09-13,WW,developer
2983,4,68,2014-09-02,WW,developer
2983,4,570,2014-09-02,WW,developer
2983,4,42,2014-09-02,NA,publisher
2983,8,68,2014-09-02,WW,developer
2983,8,570,2014-09-02,WW,developer
2983,8,42,2014-09-02,NA,publisher
2984,6,231,2014-05-20,NA,publisher
2984,4,231,2014-05-20,NA,publisher
2985,66,778,2013-11-13,WW,developer
2985,66,6,2013-11-13,JP,publisher
2986,8,658,2014-01-01,WW,developer
2986,8,658,2014-01-01,EU,publisher
2986,16,658,2014-01-01,WW,developer
2986,16,658,2014-01-01,EU,publisher
2986,4,658,2014-01-01,WW,developer
2986,4,658,2014-01-01,EU,publisher
2987,4,1074,2014-08-02,WW,developer
2987,4,1074,2014-08-02,EU,publisher
2988,16,83,2013-11-08,WW,developer
2988,16,6,2013-11-08,JP,publisher
2989,66,390,2015-11-02,WW,developer
2989,16,390,2015-11-02,WW,developer
2989,4,390,2015-11-02,WW,developer
2990,4,13,2016-04-05,NA,publisher
2991,4,1183,2018-10-18,WW,developer
2991,4,1183,2018-10-18,EU,publisher
2992,4,599,2015-01-27,NA,publisher
2992,8,599,2015-01-27,NA,publisher
2993,16,6,2013-11-21,JP,publisher
2994,16,40,2014-05-29,WW,developer
2994,16,6,2014-05-29,JP,publisher
2995,16,176,2014-02-13,WW,developer
2995,16,6,2014-02-13,JP,publisher
2997,4,259,2016-03-08,WW,developer
2997,4,330,2016-03-08,WW,developer
2997,4,804,2016-03-08,WW,developer
2998,4,1180,2016-06-09,WW,developer
2998,4,147,2016-06-09,EU,publisher
2999,4,1289,2015-09-30,NA,publisher
2999,8,1289,2015-09-30,NA,publisher
2999,16,1289,2015-09-30,NA,publisher
3000,4,198,2017-01-01,WW,developer
3000,4,128,2017-01-01,EU,publisher
3002,4,374,2020-05-25,WW,developer
3002,4,374,2020-05-25,JP,publisher
3003,8,1341,2015-10-15,WW,developer
3003,8,931,2015-10-15,NA,publisher
3003,4,1341,2015-10-15,WW,developer
3003,4,931,2015-10-15,NA,publisher
3004,4,1354,2017-12-12,NA,publisher
3004,33,1354,2017-12-12,NA,publisher
3004,8,1354,2017-12-12,NA,publisher
3005,6,542,2015-12-09,WW,developer
3005,6,456,2015-12-09,JP,publisher
3005,4,542,2015-12-09,WW,developer
3005,4,456,2015-12-09,JP,publisher
3006,4,708,2015-08-04,JP,publisher
3006,6,708,2015-08-04,JP,publisher
3008,8,1140,2016-01-01,WW,developer
3008,8,182,2016-01-01,EU,publisher
3008,33,1140,2016-01-01,WW,developer
3008,33,182,2016-01-01,EU,publisher
3008,6,1140,2016-01-01,WW,developer
3008,6,182,2016-01-01,EU,publisher
3008,16,1140,2016-01-01,WW,developer
3008,16,182,2016-01-01,EU,publisher
3008,66,1140,2016-01-01,WW,developer
3008,66,182,2016-01-01,EU,publisher
3008,4,1140,2016-01-01,WW,developer
3008,4,182,2016-01-01,EU,publisher
3009,4,1204,2015-03-31,WW,developer
3009,4,1204,2015-03-31,NA,publisher
3009,8,1204,2015-03-31,WW,developer
3009,8,1204,2015-03-31,NA,publisher
3010,10,622,2022-05-17,EU,publisher
3011,33,481,2015-02-11,WW,developer
3011,33,278,2015-02-11,JP,publisher
3011,6,481,2015-02-11,WW,developer
3011,6,278,2015-02-11,JP,publisher
3011,4,481,2015-02-11,WW,developer
3011,4,278,2015-02-11,JP,publisher
3012,4,686,2015-06-05,WW,developer
3012,4,13,2015-06-05,NA,publisher
3013,8,454,2015-09-22,WW,developer
3013,8,454,2015-09-22,EU,publisher
3013,4,454,2015-09-22,WW,developer
3013,4,454,2015-09-22,EU,publisher
3014,4,1215,2018-10-10,WW,developer
3014,4,186,2018-10-10,JP,publisher
3015,4,45,2015-06-02,WW,developer
3015,4,45,2015-06-02,NA,publisher
3015,8,45,2015-06-02,WW,developer
3015,8,45,2015-06-02,NA,publisher
3016,4,145,2015-05-26,WW,developer
3016,4,145,2015-05-26,JP,publisher
3016,6,145,2015-05-26,WW,developer
3016,6,145,2015-05-26,JP,publisher
3016,33,145,2015-05-26,WW,developer
3016,33,145,2015-05-26,JP,publisher
3017,4,636,2017-04-03,WW,developer
3017,4,636,2017-04-03,NA,publisher
3017,8,636,2017-04-03,WW,developer
3017,8,636,2017-04-03,NA,publisher
3018,66,1035,2016-08-15,WW,developer
3018,33,1035,2016-08-15,WW,developer
3018,4,1035,2016-08-15,WW,developer
3020,4,1072,2020-04-15,WW,developer
3020,4,764,2020-04-15,EU,publisher
3021,4,331,2023-06-01,WW,developer
3021,4,11,2023-06-01,NA,publisher
3021,4,331,2023-06-01,EU,publisher
3021,106,331,2023-06-01,WW,developer
3021,106,11,2023-06-01,NA,publisher
3021,106,331,2023-06-01,EU,publisher
3021,8,331,2023-06-01,WW,developer
3021,8,11,2023-06-01,NA,publisher
3021,8,331,2023-06-01,EU,publisher
3022,6,400,2015-01-22,WW,developer
3022,6,1165,2015-01-22,WW,developer
3022,6,400,2015-01-22,JP,publisher
3022,4,400,2015-01-22,WW,developer
3022,4,1165,2015-01-22,WW,developer
3022,4,400,2015-01-22,JP,publisher
3025,16,680,2014-08-14,WW,developer
3025,16,733,2014-08-14,WW,developer
3025,16,6,2014-08-14,JP,publisher
3025,16,481,2014-08-14,JP,publisher
3026,4,1121,2024-03-15,WW,developer
3026,4,182,2024-03-15,EU,publisher
3026,4,1121,2024-03-15,EU,publisher
3027,8,198,2021-12-16,WW,developer
3027,8,312,2021-12-16,EU,publisher
3027,6,198,2021-12-16,WW,developer
3027,6,312,2021-12-16,EU,publisher
3027,4,198,2021-12-16,WW,developer
3027,4,312,2021-12-16,EU,publisher
3010,4,622,2022-05-17,EU,publisher
3026,106,1121,2024-03-15,WW,developer
3026,106,182,2024-03-15,EU,publisher
3026,106,1121,2024-03-15,EU,publisher
3028,16,407,2015-04-29,WW,developer
3028,16,6,2015-04-29,JP,publisher
3029,4,706,2016-04-26,WW,developer
3029,33,706,2016-04-26,WW,developer
3030,4,408,2020-01-09,NA,publisher
3030,16,408,2020-01-09,NA,publisher
3030,8,408,2020-01-09,NA,publisher
3031,6,403,2021-03-04,WW,developer
3031,6,481,2021-03-04,JP,publisher
3031,33,403,2021-03-04,WW,developer
3031,33,481,2021-03-04,JP,publisher
3031,4,403,2021-03-04,WW,developer
3031,4,481,2021-03-04,JP,publisher
3032,4,1071,2015-05-07,WW,developer
3032,4,1071,2015-05-07,EU,publisher
3032,81,1071,2015-05-07,WW,developer
3032,81,1071,2015-05-07,EU,publisher
3032,33,1071,2015-05-07,WW,developer
3032,33,1071,2015-05-07,EU,publisher
3032,8,1071,2015-05-07,WW,developer
3032,8,1071,2015-05-07,EU,publisher
3033,46,809,2021-10-19,WW,developer
3033,46,809,2021-10-19,NA,publisher
3033,16,809,2021-10-19,WW,developer
3033,16,809,2021-10-19,NA,publisher
3033,4,809,2021-10-19,WW,developer
3033,4,809,2021-10-19,NA,publisher
3034,66,809,2022-09-27,WW,developer
3034,66,809,2022-09-27,NA,publisher
3034,16,809,2022-09-27,WW,developer
3034,16,809,2022-09-27,NA,publisher
3034,4,809,2022-09-27,WW,developer
3034,4,809,2022-09-27,NA,publisher
3035,33,809,2021-02-23,WW,developer
3035,33,809,2021-02-23,NA,publisher
3035,16,809,2021-02-23,WW,developer
3035,16,809,2021-02-23,NA,publisher
3035,4,809,2021-02-23,WW,developer
3035,4,809,2021-02-23,NA,publisher
3036,66,56,2016-02-26,WW,developer
3036,66,1025,2016-02-26,WW,developer
3036,66,56,2016-02-26,JP,publisher
3038,6,56,2017-03-09,WW,developer
3038,6,56,2017-03-09,JP,publisher
3039,8,66,2015-04-14,WW,developer
3039,8,200,2015-04-14,WW,developer
3039,8,200,2015-04-14,EU,publisher
3039,4,66,2015-04-14,WW,developer
3039,4,200,2015-04-14,WW,developer
3039,4,200,2015-04-14,EU,publisher
3040,8,576,2015-03-26,WW,developer
3040,8,599,2015-03-26,NA,publisher
3040,4,576,2015-03-26,WW,developer
3040,4,599,2015-03-26,NA,publisher
3041,8,408,2015-06-01,WW,developer
3041,8,408,2015-06-01,NA,publisher
3041,4,408,2015-06-01,WW,developer
3041,4,408,2015-06-01,NA,publisher
3042,8,1255,2016-05-20,EU,publisher
3042,4,1255,2016-05-20,EU,publisher
3043,4,1035,2022-08-31,WW,developer
3043,4,659,2022-08-31,NA,publisher
3043,4,1035,2022-08-31,JP,publisher
3043,106,1035,2022-08-31,WW,developer
3043,106,659,2022-08-31,NA,publisher
3043,106,1035,2022-08-31,JP,publisher
3043,66,1035,2022-08-31,WW,developer
3043,66,659,2022-08-31,NA,publisher
3043,66,1035,2022-08-31,JP,publisher
3043,33,1035,2022-08-31,WW,developer
3043,33,659,2022-08-31,NA,publisher
3043,33,1035,2022-08-31,JP,publisher
3044,4,596,2015-06-23,WW,developer
3044,4,599,2015-06-23,NA,publisher
3044,8,596,2015-06-23,WW,developer
3044,8,599,2015-06-23,NA,publisher
3045,23,282,2017-04-28,WW,developer
3045,23,281,2017-04-28,JP,publisher
3045,23,282,2017-04-28,JP,publisher
3045,33,282,2017-04-28,WW,developer
3045,33,281,2017-04-28,JP,publisher
3045,33,282,2017-04-28,JP,publisher
3045,4,282,2017-04-28,WW,developer
3045,4,281,2017-04-28,JP,publisher
3045,4,282,2017-04-28,JP,publisher
3046,4,458,2022-06-21,EU,publisher
3047,8,1026,2017-05-12,WW,developer
3047,8,13,2017-05-12,NA,publisher
3047,4,1026,2017-05-12,WW,developer
3047,4,13,2017-05-12,NA,publisher
3048,4,1035,2017-06-27,WW,developer
3048,4,422,2017-06-27,JP,publisher
3048,33,1035,2017-06-27,WW,developer
3048,33,422,2017-06-27,JP,publisher
3049,4,1160,2016-06-06,WW,developer
3049,4,1539,2016-06-06,NA,publisher
3050,4,25,2016-01-01,WW,developer
3050,4,257,2016-01-01,WW,developer
3050,4,13,2016-01-01,NA,publisher
3051,4,703,2018-01-01,WW,developer
3051,4,703,2018-01-01,NA,publisher
3053,8,775,2015-05-22,WW,developer
3053,8,775,2015-05-22,NA,publisher
3053,4,775,2015-05-22,WW,developer
3053,4,775,2015-05-22,NA,publisher
3054,106,302,2022-07-13,WW,developer
3054,106,1416,2022-07-13,WW,developer
3054,106,1424,2022-07-13,WW,developer
3054,106,302,2022-07-13,JP,publisher
3054,106,1416,2022-07-13,JP,publisher
3054,4,302,2022-07-13,WW,developer
3054,4,1416,2022-07-13,WW,developer
3054,4,1424,2022-07-13,WW,developer
3054,4,302,2022-07-13,JP,publisher
3054,4,1416,2022-07-13,JP,publisher
3055,8,1508,2015-07-13,WW,developer
3055,8,1508,2015-07-13,EU,publisher
3055,4,1508,2015-07-13,WW,developer
3055,4,1508,2015-07-13,EU,publisher
3056,8,1314,2018-02-01,WW,developer
3056,8,645,2018-02-01,NA,publisher
3056,4,1314,2018-02-01,WW,developer
3056,4,645,2018-02-01,NA,publisher
3056,33,1314,2018-02-01,WW,developer
3056,33,645,2018-02-01,NA,publisher
3057,8,1264,2018-02-28,WW,developer
3057,8,1264,2018-02-28,NA,publisher
3057,33,1264,2018-02-28,WW,developer
3057,33,1264,2018-02-28,NA,publisher
3057,4,1264,2018-02-28,WW,developer
3057,4,1264,2018-02-28,NA,publisher
3058,33,850,2015-10-29,EU,publisher
3058,33,1127,2015-10-29,NA,publisher
3058,6,850,2015-10-29,EU,publisher
3058,6,1127,2015-10-29,NA,publisher
3058,4,850,2015-10-29,EU,publisher
3058,4,1127,2015-10-29,NA,publisher
3058,23,850,2015-10-29,EU,publisher
3058,23,1127,2015-10-29,NA,publisher
3060,26,622,2019-08-22,WW,developer
3061,4,350,2019-10-10,WW,developer
3061,4,350,2019-10-10,NA,publisher
3062,33,145,2016-03-08,WW,developer
3062,33,856,2016-03-08,JP,publisher
3062,4,145,2016-03-08,WW,developer
3062,4,856,2016-03-08,JP,publisher
3063,8,525,2016-03-24,WW,developer
3063,8,525,2016-03-24,EU,publisher
3063,4,525,2016-03-24,WW,developer
3063,4,525,2016-03-24,EU,publisher
3064,4,1276,2016-05-25,WW,developer
3064,4,1276,2016-05-25,EU,publisher
3064,33,1276,2016-05-25,WW,developer
3064,33,1276,2016-05-25,EU,publisher
3066,8,1199,2015-10-29,WW,developer
3066,8,1199,2015-10-29,NA,publisher
3066,4,1199,2015-10-29,WW,developer
3066,4,1199,2015-10-29,NA,publisher
3067,4,400,2015-01-01,JP,publisher
3068,33,1004,2016-01-01,WW,developer
3068,33,1004,2016-01-01,NA,publisher
3068,4,1004,2016-01-01,WW,developer
3068,4,1004,2016-01-01,NA,publisher
3070,8,1193,2020-04-07,WW,developer
3070,8,931,2020-04-07,NA,publisher
3070,4,1193,2020-04-07,WW,developer
3070,4,931,2020-04-07,NA,publisher
3070,6,1193,2020-04-07,WW,developer
3070,6,931,2020-04-07,NA,publisher
3070,33,1193,2020-04-07,WW,developer
3070,33,931,2020-04-07,NA,publisher
3074,4,1449,2016-01-06,EU,publisher
3074,33,1449,2016-01-06,EU,publisher
3074,8,1449,2016-01-06,EU,publisher
3075,4,11,2015-03-03,NA,publisher
3075,4,1544,2015-03-03,NA,publisher
3077,8,425,2020-04-10,WW,developer
3077,8,425,2020-04-10,NA,publisher
3077,8,592,2020-04-10,JP,publisher
3077,4,425,2020-04-10,WW,developer
3077,4,425,2020-04-10,NA,publisher
3077,4,592,2020-04-10,JP,publisher
3060,4,622,2019-08-22,WW,developer
3081,8,1217,2017-01-17,WW,developer
3081,8,1217,2017-01-17,NA,publisher
3081,4,1217,2017-01-17,WW,developer
3081,4,1217,2017-01-17,NA,publisher
3081,33,1217,2017-01-17,WW,developer
3081,33,1217,2017-01-17,NA,publisher
3082,8,1260,2016-02-18,WW,developer
3082,8,1260,2016-02-18,EU,publisher
3082,4,1260,2016-02-18,WW,developer
3082,4,1260,2016-02-18,EU,publisher
3083,8,1279,2015-11-06,WW,developer
3083,8,183,2015-11-06,EU,publisher
3083,8,1279,2015-11-06,EU,publisher
3083,4,1279,2015-11-06,WW,developer
3083,4,183,2015-11-06,EU,publisher
3083,4,1279,2015-11-06,EU,publisher
3084,4,396,2016-01-01,WW,developer
3084,4,856,2016-01-01,JP,publisher
3086,66,560,2013-04-18,WW,developer
3086,66,6,2013-04-18,JP,publisher
3087,7,128,2016-11-09,WW,developer
3087,7,128,2016-11-09,EU,publisher
3087,8,128,2016-11-09,WW,developer
3087,8,128,2016-11-09,EU,publisher
3087,4,128,2016-11-09,WW,developer
3087,4,128,2016-11-09,EU,publisher
3089,4,335,2015-01-15,WW,developer
3089,4,335,2015-01-15,NA,publisher
3090,81,1470,2016-03-31,WW,developer
3090,81,1470,2016-03-31,NA,publisher
3090,8,1470,2016-03-31,WW,developer
3090,8,1470,2016-03-31,NA,publisher
3090,106,1470,2016-03-31,WW,developer
3090,106,1470,2016-03-31,NA,publisher
3090,4,1470,2016-03-31,WW,developer
3090,4,1470,2016-03-31,NA,publisher
3091,66,692,2016-12-01,WW,developer
3091,66,692,2016-12-01,JP,publisher
3091,4,692,2016-12-01,WW,developer
3091,4,692,2016-12-01,JP,publisher
3093,106,481,2021-10-28,WW,developer
3093,106,800,2021-10-28,WW,developer
3093,106,6,2021-10-28,JP,publisher
3093,106,1612,2021-10-28,NA,publisher
3093,106,1636,2021-10-28,EU,publisher
3093,4,481,2021-10-28,WW,developer
3093,4,800,2021-10-28,WW,developer
3093,4,6,2021-10-28,JP,publisher
3093,4,1612,2021-10-28,NA,publisher
3093,4,1636,2021-10-28,EU,publisher
3093,16,481,2021-10-28,WW,developer
3093,16,800,2021-10-28,WW,developer
3093,16,6,2021-10-28,JP,publisher
3093,16,1612,2021-10-28,NA,publisher
3093,16,1636,2021-10-28,EU,publisher
3094,4,8,2016-01-15,WW,developer
3094,4,8,2016-01-15,JP,publisher
3095,4,66,2015-04-28,EU,publisher
3096,4,422,2023-11-02,JP,publisher
3096,6,422,2023-11-02,JP,publisher
3097,4,1335,2017-01-01,WW,developer
3097,4,1335,2017-01-01,EU,publisher
3097,8,1335,2017-01-01,WW,developer
3097,8,1335,2017-01-01,EU,publisher
3098,4,1047,2017-05-26,WW,developer
3098,4,11,2017-05-26,NA,publisher
3101,6,542,2022-03-17,WW,developer
3101,4,542,2022-03-17,WW,developer
3103,4,1352,2015-09-01,WW,developer
3103,4,1352,2015-09-01,EU,publisher
3103,8,1352,2015-09-01,WW,developer
3103,8,1352,2015-09-01,EU,publisher
3163,4,56,2017-02-05,WW,developer
3163,4,56,2017-02-05,JP,publisher
3165,66,826,2016-08-19,WW,developer
3165,66,6,2016-08-19,JP,publisher
3166,4,1262,2016-04-21,WW,developer
3167,26,439,2020-04-16,WW,developer
3167,26,439,2020-04-16,JP,publisher
3167,26,542,2020-04-16,JP,publisher
3167,16,439,2015-11-26,WW,developer
3167,16,439,2015-11-26,JP,publisher
3167,16,542,2015-11-26,JP,publisher
3168,8,1486,2022-06-17,EU,publisher
3168,106,1486,2022-06-17,EU,publisher
3168,4,1486,2022-06-17,EU,publisher
3169,66,1259,2016-04-19,WW,developer
3169,66,659,2016-04-19,NA,publisher
3170,16,1472,2016-01-01,WW,developer
3170,33,1472,2016-01-01,WW,developer
3171,4,636,2017-02-02,WW,developer
3171,4,636,2017-02-02,NA,publisher
3171,8,636,2017-02-02,WW,developer
3171,8,636,2017-02-02,NA,publisher
3172,8,1322,2019-03-28,NA,publisher
3172,4,1322,2019-03-28,NA,publisher
3173,4,1353,2018-10-17,WW,developer
3173,4,1353,2018-10-17,NA,publisher
3173,8,1353,2018-10-17,WW,developer
3173,8,1353,2018-10-17,NA,publisher
3176,8,1334,2018-12-17,WW,developer
3176,8,996,2018-12-17,NA,publisher
3176,4,1334,2018-12-17,WW,developer
3176,4,996,2018-12-17,NA,publisher
3177,106,1481,2022-09-15,WW,developer
3177,4,1481,2022-09-15,WW,developer
3177,8,1481,2022-09-15,WW,developer
3178,4,1244,2016-03-07,WW,developer
3178,4,1244,2016-03-07,EU,publisher
3179,4,1026,2016-05-17,WW,developer
3179,4,1026,2016-05-17,NA,publisher
3179,8,1026,2016-05-17,WW,developer
3179,8,1026,2016-05-17,NA,publisher
3179,33,1026,2016-05-17,WW,developer
3179,33,1026,2016-05-17,NA,publisher
3180,4,112,2020-11-10,WW,developer
3180,4,112,2020-11-10,EU,publisher
3180,106,112,2020-11-10,WW,developer
3180,106,112,2020-11-10,EU,publisher
3181,4,1035,2016-09-12,WW,developer
3181,4,1035,2016-09-12,JP,publisher
3181,33,1035,2016-09-12,WW,developer
3181,33,1035,2016-09-12,JP,publisher
3182,8,931,2017-05-09,NA,publisher
3182,4,931,2017-05-09,NA,publisher
3183,94,269,2023-12-21,WW,developer
3183,94,269,2023-12-21,EU,publisher
3183,8,269,2023-12-21,WW,developer
3183,8,269,2023-12-21,EU,publisher
3183,4,269,2023-12-21,WW,developer
3183,4,269,2023-12-21,EU,publisher
3184,66,560,2016-06-15,WW,developer
3184,66,6,2016-06-15,JP,publisher
3185,4,312,2016-08-23,WW,developer
3185,4,936,2016-08-23,WW,developer
3185,4,1169,2016-08-23,WW,developer
3185,4,56,2016-08-23,JP,publisher
3185,4,312,2016-08-23,EU,publisher
3185,8,312,2016-08-23,WW,developer
3185,8,936,2016-08-23,WW,developer
3185,8,1169,2016-08-23,WW,developer
3185,8,56,2016-08-23,JP,publisher
3185,8,312,2016-08-23,EU,publisher
3186,4,1558,2020-09-23,WW,developer
3186,4,1558,2020-09-23,NA,publisher
3187,4,680,2018-01-30,WW,developer
3187,4,56,2018-01-30,JP,publisher
3187,4,363,2018-01-30,JP,publisher
3188,6,106,2016-03-31,WW,developer
3188,6,56,2016-03-31,JP,publisher
3189,66,407,2016-02-12,WW,developer
3189,66,443,2016-02-12,WW,developer
3189,66,400,2016-02-12,JP,publisher
3190,8,446,2017-04-11,EU,publisher
3133,4,1236,2016-04-15,WW,developer
3133,4,1236,2016-04-15,EU,publisher
3134,4,400,2016-07-05,WW,developer
3134,4,1165,2016-07-05,WW,developer
3134,4,400,2016-07-05,JP,publisher
3135,16,40,2015-05-28,WW,developer
3135,16,6,2015-05-28,JP,publisher
3136,8,988,2016-11-27,WW,developer
3136,8,988,2016-11-27,NA,publisher
3136,4,988,2016-11-27,WW,developer
3136,4,988,2016-11-27,NA,publisher
3136,33,988,2016-11-27,WW,developer
3136,33,988,2016-11-27,NA,publisher
3136,16,988,2016-11-27,WW,developer
3136,16,988,2016-11-27,NA,publisher
3137,4,1222,2016-01-01,WW,developer
3137,4,186,2016-01-01,JP,publisher
3138,4,605,2016-12-14,WW,developer
3138,4,1037,2016-12-14,WW,developer
3139,4,1688,2016-08-23,WW,developer
3139,4,1688,2016-08-23,EU,publisher
3139,8,1688,2016-08-23,WW,developer
3139,8,1688,2016-08-23,EU,publisher
3140,6,481,2019-12-03,WW,developer
3140,6,56,2019-12-03,JP,publisher
3140,4,481,2019-12-03,WW,developer
3140,4,56,2019-12-03,JP,publisher
3141,4,13,2017-04-06,WW,developer
3141,4,1239,2017-04-06,WW,developer
3141,4,13,2017-04-06,NA,publisher
3141,92,13,2017-04-06,WW,developer
3141,92,1239,2017-04-06,WW,developer
3141,92,13,2017-04-06,NA,publisher
3142,4,1526,2020-01-01,WW,developer
3142,4,1526,2020-01-01,NA,publisher
3142,8,1526,2020-01-01,WW,developer
3142,8,1526,2020-01-01,NA,publisher
3143,4,850,2017-05-03,EU,publisher
3143,4,1127,2017-05-03,NA,publisher
3143,6,850,2017-05-03,EU,publisher
3143,6,1127,2017-05-03,NA,publisher
3143,33,850,2017-05-03,EU,publisher
3143,33,1127,2017-05-03,NA,publisher
3143,23,850,2017-05-03,EU,publisher
3143,23,1127,2017-05-03,NA,publisher
3144,4,1450,2018-08-01,WW,developer
3144,4,1447,2018-08-01,NA,publisher
3144,4,1450,2018-08-01,NA,publisher
3145,66,410,2016-02-05,WW,developer
3146,16,400,2015-07-16,WW,developer
3146,16,6,2015-07-16,JP,publisher
3146,16,419,2015-07-16,JP,publisher
3146,16,400,2015-07-16,JP,publisher
3147,4,708,2020-03-19,WW,developer
3149,8,1532,2016-01-07,WW,developer
3149,8,1220,2016-01-07,JP,publisher
3149,4,1532,2016-01-07,WW,developer
3149,4,1220,2016-01-07,JP,publisher
3150,4,537,2024-02-29,WW,developer
3150,4,537,2024-02-29,JP,publisher
3150,106,537,2024-02-29,WW,developer
3150,106,537,2024-02-29,JP,publisher
3151,4,1563,2019-08-28,WW,developer
3151,4,1402,2019-08-28,NA,publisher
3151,4,1563,2019-08-28,NA,publisher
3152,4,401,2017-04-19,WW,developer
3152,4,401,2017-04-19,NA,publisher
3153,106,604,2022-10-25,WW,developer
3153,106,183,2022-10-25,EU,publisher
3153,106,604,2022-10-25,EU,publisher
3153,4,604,2022-10-25,WW,developer
3153,4,183,2022-10-25,EU,publisher
3153,4,604,2022-10-25,EU,publisher
3154,4,1336,2016-11-01,WW,developer
3154,4,1336,2016-11-01,EU,publisher
3154,8,1336,2016-11-01,WW,developer
3154,8,1336,2016-11-01,EU,publisher
3155,8,1464,2016-11-08,WW,developer
3155,8,1464,2016-11-08,EU,publisher
3155,4,1464,2016-11-08,WW,developer
3155,4,1464,2016-11-08,EU,publisher
3158,4,1092,2020-08-21,WW,developer
3158,4,1092,2020-08-21,JP,publisher
3158,33,1092,2020-08-21,WW,developer
3158,33,1092,2020-08-21,JP,publisher
3159,4,8,2016-02-16,WW,developer
3159,4,249,2016-02-16,WW,developer
3159,4,8,2016-02-16,JP,publisher
3160,33,675,2017-12-14,WW,developer
3160,33,400,2017-12-14,JP,publisher
3161,6,715,2016-01-01,WW,developer
3161,6,400,2016-01-01,JP,publisher
3162,4,715,2020-04-24,WW,developer
3162,4,400,2020-04-24,JP,publisher
3105,106,249,2022-12-08,WW,developer
3105,106,1490,2022-12-08,WW,developer
3105,106,456,2022-12-08,JP,publisher
3105,106,1490,2022-12-08,JP,publisher
3105,4,249,2022-12-08,WW,developer
3105,4,1490,2022-12-08,WW,developer
3105,4,456,2022-12-08,JP,publisher
3105,4,1490,2022-12-08,JP,publisher
3106,4,242,2015-03-17,WW,developer
3106,4,479,2015-03-17,WW,developer
3106,4,42,2015-03-17,NA,publisher
3106,6,242,2015-03-17,WW,developer
3106,6,479,2015-03-17,WW,developer
3106,6,42,2015-03-17,NA,publisher
3107,4,461,2016-02-02,WW,developer
3107,4,461,2016-02-02,EU,publisher
3107,8,461,2016-02-02,WW,developer
3107,8,461,2016-02-02,EU,publisher
3108,4,1148,2015-02-27,WW,developer
3108,4,14,2015-02-27,EU,publisher
3108,8,1148,2015-02-27,WW,developer
3108,8,14,2015-02-27,EU,publisher
3109,8,1656,2016-01-01,WW,developer
3109,8,1656,2016-01-01,EU,publisher
3109,4,1656,2016-01-01,WW,developer
3109,4,1656,2016-01-01,EU,publisher
3109,16,1656,2016-01-01,WW,developer
3109,16,1656,2016-01-01,EU,publisher
3110,8,1333,2022-10-28,WW,developer
3110,8,1333,2022-10-28,EU,publisher
3110,4,1333,2022-10-28,WW,developer
3110,4,1333,2022-10-28,EU,publisher
3111,4,26,2016-11-18,WW,developer
3111,4,26,2016-11-18,NA,publisher
3112,4,335,2016-06-10,WW,developer
3112,4,335,2016-06-10,NA,publisher
3114,6,56,2016-05-12,WW,developer
3114,6,56,2016-05-12,JP,publisher
3114,33,56,2016-05-12,WW,developer
3114,33,56,2016-05-12,JP,publisher
3114,4,56,2016-05-12,WW,developer
3114,4,56,2016-05-12,JP,publisher
3116,4,496,2018-09-21,WW,developer
3116,4,1613,2018-09-21,WW,developer
3116,4,427,2018-09-21,NA,publisher
3116,4,1613,2018-09-21,EU,publisher
3117,4,323,2016-01-01,WW,developer
3117,4,56,2016-01-01,JP,publisher
3117,8,323,2016-01-01,WW,developer
3117,8,56,2016-01-01,JP,publisher
3118,66,343,2014-11-13,WW,developer
3118,66,6,2014-11-13,JP,publisher
3118,16,343,2014-11-13,WW,developer
3118,16,6,2014-11-13,JP,publisher
3119,16,778,2015-03-12,WW,developer
3119,16,6,2015-03-12,JP,publisher
3121,16,40,2015-09-10,WW,developer
3121,16,6,2015-09-10,JP,publisher
3122,106,1291,2023-04-21,WW,developer
3122,106,862,2023-04-21,EU,publisher
3122,4,1291,2023-04-21,WW,developer
3122,4,862,2023-04-21,EU,publisher
3122,8,1291,2023-04-21,WW,developer
3122,8,862,2023-04-21,EU,publisher
3123,16,1287,2016-04-21,WW,developer
3123,16,6,2016-04-21,JP,publisher
3124,16,1287,2016-04-21,WW,developer
3124,16,6,2016-04-21,JP,publisher
3125,4,84,2020-11-17,WW,developer
3125,4,13,2020-11-17,NA,publisher
3125,106,84,2020-11-17,WW,developer
3125,106,13,2020-11-17,NA,publisher
3128,16,407,2017-03-03,WW,developer
3128,16,1287,2017-03-03,WW,developer
3128,16,6,2017-03-03,JP,publisher
3129,66,1140,2022-06-30,WW,developer
3129,66,1140,2022-06-30,JP,publisher
3129,4,1140,2022-06-30,WW,developer
3129,4,1140,2022-06-30,JP,publisher
3129,106,1140,2022-06-30,WW,developer
3129,106,1140,2022-06-30,JP,publisher
3130,33,1094,2023-04-13,WW,developer
3130,33,708,2023-04-13,JP,publisher
3131,4,1097,2016-04-15,WW,developer
3131,4,867,2016-04-15,JP,publisher
3132,8,1357,2017-10-03,WW,developer
3132,8,1357,2017-10-03,NA,publisher
3132,4,1357,2017-10-03,WW,developer
3132,4,1357,2017-10-03,NA,publisher
3190,4,446,2017-04-11,EU,publisher
3191,4,1228,2016-04-14,WW,developer
3191,4,1475,2016-04-14,EU,publisher
3192,4,1622,2017-01-17,WW,developer
3192,4,1213,2017-01-17,EU,publisher
3192,4,1622,2017-01-17,NA,publisher
3192,8,1622,2017-01-17,WW,developer
3192,8,1213,2017-01-17,EU,publisher
3192,8,1622,2017-01-17,NA,publisher
3193,8,1205,2016-09-02,WW,developer
3193,4,1205,2016-09-02,WW,developer
3194,66,419,2016-01-01,WW,developer
3194,66,1035,2016-01-01,WW,developer
3194,66,419,2016-01-01,JP,publisher
3196,8,312,2016-02-05,WW,developer
3196,8,336,2016-02-05,WW,developer
3196,8,17,2016-02-05,NA,publisher
3196,4,312,2016-02-05,WW,developer
3196,4,336,2016-02-05,WW,developer
3196,4,17,2016-02-05,NA,publisher
3197,4,658,2016-09-13,WW,developer
3197,4,658,2016-09-13,EU,publisher
3197,8,658,2016-09-13,WW,developer
3197,8,658,2016-09-13,EU,publisher
3198,8,1230,2017-11-14,WW,developer
3198,8,565,2017-11-14,EU,publisher
3198,8,1230,2017-11-14,NA,publisher
3198,4,1230,2017-11-14,WW,developer
3198,4,565,2017-11-14,EU,publisher
3198,4,1230,2017-11-14,NA,publisher
3199,8,1309,2017-08-29,WW,developer
3199,8,1355,2017-08-29,WW,developer
3199,8,1309,2017-08-29,NA,publisher
3199,4,1309,2017-08-29,WW,developer
3199,4,1355,2017-08-29,WW,developer
3199,4,1309,2017-08-29,NA,publisher
3200,4,1046,2017-03-17,WW,developer
3200,4,528,2017-03-17,JP,publisher
3200,33,1046,2017-03-17,WW,developer
3200,33,528,2017-03-17,JP,publisher
3201,33,528,2016-11-10,JP,publisher
3201,4,528,2016-11-10,JP,publisher
3202,33,708,2018-04-27,WW,developer
3202,33,659,2018-04-27,NA,publisher
3202,33,708,2018-04-27,JP,publisher
3202,4,708,2018-04-27,WW,developer
3202,4,659,2018-04-27,NA,publisher
3202,4,708,2018-04-27,JP,publisher
3203,66,491,2016-01-01,WW,developer
3204,4,223,2016-11-11,WW,developer
3204,4,231,2016-11-11,NA,publisher
3205,4,616,2016-03-24,WW,developer
3205,4,400,2016-03-24,JP,publisher
3205,4,616,2016-03-24,JP,publisher
3205,4,886,2016-03-24,EU,publisher
3206,4,42,2017-03-21,NA,publisher
3207,106,304,2018-03-20,WW,developer
3207,106,13,2018-03-20,NA,publisher
3207,4,304,2018-03-20,WW,developer
3207,4,13,2018-03-20,NA,publisher
3208,4,1329,2016-02-09,WW,developer
3208,4,42,2016-02-09,NA,publisher
3209,4,770,2018-06-10,WW,developer
3209,4,231,2018-06-10,NA,publisher
3210,4,495,2016-10-11,WW,developer
3210,4,913,2016-10-11,WW,developer
3210,4,13,2016-10-11,NA,publisher
3211,66,410,2015-10-22,WW,developer
3211,66,1287,2015-10-22,WW,developer
3211,66,6,2015-10-22,JP,publisher
3212,66,673,2016-08-19,WW,developer
3212,66,6,2016-08-19,JP,publisher
3213,16,232,2016-01-28,WW,developer
3213,16,6,2016-01-28,JP,publisher
3214,4,56,2021-06-10,WW,developer
3214,4,1589,2021-06-10,WW,developer
3214,4,56,2021-06-10,JP,publisher
3215,4,41,2017-03-07,WW,developer
3215,4,330,2017-03-07,WW,developer
3215,4,353,2017-03-07,WW,developer
3216,33,56,2016-01-01,WW,developer
3216,33,56,2016-01-01,JP,publisher
3216,4,56,2016-01-01,WW,developer
3216,4,56,2016-01-01,JP,publisher
3217,4,1181,2016-01-01,WW,developer
3217,4,13,2016-01-01,NA,publisher
3218,4,357,2016-05-03,WW,developer
3218,4,17,2016-05-03,NA,publisher
3219,66,680,2016-01-21,WW,developer
3219,66,733,2016-01-21,WW,developer
3219,66,6,2016-01-21,JP,publisher
3219,66,481,2016-01-21,JP,publisher
3220,6,403,2017-02-07,WW,developer
3220,6,481,2017-02-07,JP,publisher
3220,33,403,2017-02-07,WW,developer
3220,33,481,2017-02-07,JP,publisher
3220,4,403,2017-02-07,WW,developer
3220,4,481,2017-02-07,JP,publisher
3214,106,56,2021-06-10,WW,developer
3214,106,1589,2021-06-10,WW,developer
3214,106,56,2021-06-10,JP,publisher
3221,6,403,2017-02-07,WW,developer
3221,6,481,2017-02-07,JP,publisher
3221,33,403,2017-02-07,WW,developer
3221,33,481,2017-02-07,JP,publisher
3221,4,403,2017-02-07,WW,developer
3221,4,481,2017-02-07,JP,publisher
3222,4,1184,2016-01-01,WW,developer
3222,4,931,2016-01-01,NA,publisher
3222,8,1184,2016-01-01,WW,developer
3222,8,931,2016-01-01,NA,publisher
3223,4,453,2016-09-20,WW,developer
3223,4,453,2016-09-20,EU,publisher
3224,4,1372,2017-03-09,WW,developer
3224,4,231,2017-03-09,NA,publisher
3224,8,1372,2017-05-31,WW,developer
3224,8,231,2017-05-31,NA,publisher
3225,4,1174,2016-02-18,WW,developer
3225,4,1258,2016-02-18,EU,publisher
3226,4,170,2016-03-01,WW,developer
3227,4,1613,2017-02-13,WW,developer
3227,106,1613,2017-02-13,WW,developer
3228,4,56,2018-02-09,WW,developer
3228,4,56,2018-02-09,JP,publisher
3228,6,56,2018-02-09,WW,developer
3228,6,56,2018-02-09,JP,publisher
3228,33,56,2018-02-09,WW,developer
3228,33,56,2018-02-09,JP,publisher
3229,92,1323,2016-02-23,WW,developer
3229,92,56,2016-02-23,JP,publisher
3229,33,1323,2016-02-23,WW,developer
3229,33,56,2016-02-23,JP,publisher
3229,4,1323,2016-02-23,WW,developer
3229,4,56,2016-02-23,JP,publisher
3230,4,1388,2018-05-10,WW,developer
3230,4,1388,2018-05-10,NA,publisher
3230,16,1388,2018-05-10,WW,developer
3230,16,1388,2018-05-10,NA,publisher
3230,8,1388,2018-05-10,WW,developer
3230,8,1388,2018-05-10,NA,publisher
3232,8,198,2016-04-28,WW,developer
3232,8,312,2016-04-28,EU,publisher
3232,4,198,2016-04-28,WW,developer
3232,4,312,2016-04-28,EU,publisher
3233,4,1339,2018-08-10,WW,developer
3233,4,13,2018-08-10,NA,publisher
3233,4,357,2018-08-10,NA,publisher
3233,8,1339,2018-08-10,WW,developer
3233,8,13,2018-08-10,NA,publisher
3233,8,357,2018-08-10,NA,publisher
3234,4,15,2017-09-25,WW,developer
3234,4,15,2017-09-25,NA,publisher
3234,8,15,2017-09-25,WW,developer
3234,8,15,2017-09-25,NA,publisher
3235,66,83,2016-01-01,WW,developer
3235,66,6,2016-01-01,JP,publisher
3235,16,83,2016-01-01,WW,developer
3235,16,6,2016-01-01,JP,publisher
3236,4,1308,2016-03-28,WW,developer
3236,4,1308,2016-03-28,EU,publisher
3237,4,529,2017-04-24,WW,developer
3237,4,529,2017-04-24,EU,publisher
3238,4,538,2019-02-15,WW,developer
3238,4,1225,2019-02-15,WW,developer
3238,4,13,2019-02-15,NA,publisher
3239,4,84,2017-02-21,WW,developer
3239,4,198,2017-02-21,WW,developer
3239,4,13,2017-02-21,NA,publisher
3240,6,542,2017-04-25,WW,developer
3240,6,542,2017-04-25,JP,publisher
3240,6,659,2017-04-25,NA,publisher
3240,6,752,2017-04-25,EU,publisher
3240,4,542,2017-04-25,WW,developer
3240,4,542,2017-04-25,JP,publisher
3240,4,659,2017-04-25,NA,publisher
3240,4,752,2017-04-25,EU,publisher
3241,16,445,2015-10-13,WW,developer
3241,16,445,2015-10-13,NA,publisher
3241,8,445,2015-10-13,WW,developer
3241,8,445,2015-10-13,NA,publisher
3241,4,445,2015-10-13,WW,developer
3241,4,445,2015-10-13,NA,publisher
3241,33,445,2015-10-13,WW,developer
3241,33,445,2015-10-13,NA,publisher
3241,6,445,2015-10-13,WW,developer
3241,6,445,2015-10-13,NA,publisher
3242,4,1368,2018-11-29,WW,developer
3242,4,565,2018-11-29,EU,publisher
3243,8,745,2017-09-14,WW,developer
3243,8,400,2017-09-14,JP,publisher
3243,8,745,2017-09-14,EU,publisher
3243,4,745,2017-09-14,WW,developer
3243,4,400,2017-09-14,JP,publisher
3243,4,745,2017-09-14,EU,publisher
3354,8,1198,2018-10-18,WW,developer
3354,8,1198,2018-10-18,EU,publisher
3355,8,1385,2018-09-13,WW,developer
3355,8,1385,2018-09-13,EU,publisher
3355,4,1385,2018-09-13,WW,developer
3355,4,1385,2018-09-13,EU,publisher
3356,103,1480,2018-06-29,WW,developer
3356,103,1398,2018-06-29,EU,publisher
3356,4,1480,2018-06-29,WW,developer
3356,4,1398,2018-06-29,EU,publisher
3356,8,1480,2018-06-29,WW,developer
3356,8,1398,2018-06-29,EU,publisher
3359,4,390,2017-11-07,WW,developer
3359,4,889,2017-11-07,EU,publisher
3360,66,226,2019-11-08,WW,developer
3360,66,226,2019-11-08,JP,publisher
3244,4,400,2017-01-24,WW,developer
3244,4,400,2017-01-24,JP,publisher
3244,6,400,2017-01-24,WW,developer
3244,6,400,2017-01-24,JP,publisher
3246,33,1035,2017-01-01,WW,developer
3246,33,1035,2017-01-01,JP,publisher
3246,4,1035,2017-01-01,WW,developer
3246,4,1035,2017-01-01,JP,publisher
3247,8,1307,2021-12-06,WW,developer
3247,8,1307,2021-12-06,NA,publisher
3247,4,1307,2021-12-06,WW,developer
3247,4,1307,2021-12-06,NA,publisher
3248,4,56,2017-01-01,WW,developer
3248,4,56,2017-01-01,JP,publisher
3250,4,1316,2017-03-03,WW,developer
3250,4,56,2017-03-03,JP,publisher
3250,33,1316,2017-03-03,WW,developer
3250,33,56,2017-03-03,JP,publisher
3252,4,1152,2023-02-22,WW,developer
3252,4,400,2023-02-22,JP,publisher
3252,33,1152,2023-02-22,WW,developer
3252,33,400,2023-02-22,JP,publisher
3253,4,354,2017-06-15,WW,developer
3253,4,1472,2017-06-15,WW,developer
3253,4,354,2017-06-15,JP,publisher
3255,4,1078,2022-02-11,WW,developer
3255,4,311,2022-02-11,EU,publisher
3255,4,1078,2022-02-11,EU,publisher
3255,4,1680,2022-02-11,EU,publisher
3256,106,1275,2023-04-28,WW,developer
3256,106,1275,2023-04-28,EU,publisher
3256,4,1275,2023-04-28,WW,developer
3256,4,1275,2023-04-28,EU,publisher
3256,8,1275,2023-04-28,WW,developer
3256,8,1275,2023-04-28,EU,publisher
3257,4,719,2021-01-01,WW,developer
3257,4,719,2021-01-01,NA,publisher
3257,8,719,2021-01-01,WW,developer
3257,8,719,2021-01-01,NA,publisher
3257,106,719,2021-01-01,WW,developer
3257,106,719,2021-01-01,NA,publisher
3258,4,892,2021-03-16,WW,developer
3258,4,892,2021-03-16,JP,publisher
3258,4,1454,2021-03-16,NA,publisher
3258,8,892,2021-03-16,WW,developer
3258,8,892,2021-03-16,JP,publisher
3258,8,1454,2021-03-16,NA,publisher
3258,106,892,2021-03-16,WW,developer
3258,106,892,2021-03-16,JP,publisher
3258,106,1454,2021-03-16,NA,publisher
3258,33,892,2021-03-16,WW,developer
3258,33,892,2021-03-16,JP,publisher
3258,33,1454,2021-03-16,NA,publisher
3259,8,1296,2018-04-24,WW,developer
3259,8,66,2018-04-24,EU,publisher
3259,4,1296,2018-04-24,WW,developer
3259,4,66,2018-04-24,EU,publisher
3260,4,242,2018-11-20,WW,developer
3260,4,42,2018-11-20,NA,publisher
3261,4,56,2022-10-06,JP,publisher
3263,4,1414,2019-12-09,WW,developer
3264,6,226,2019-09-20,WW,developer
3264,6,400,2019-09-20,JP,publisher
3264,4,226,2019-09-20,WW,developer
3264,4,400,2019-09-20,JP,publisher
3265,4,1240,2017-01-01,WW,developer
3265,4,1331,2017-01-01,WW,developer
3265,4,1331,2017-01-01,NA,publisher
3266,8,565,2019-01-01,EU,publisher
3266,94,565,2019-01-01,EU,publisher
3266,4,565,2019-01-01,EU,publisher
3267,33,675,2017-01-19,WW,developer
3267,33,182,2017-01-19,EU,publisher
3269,4,458,2017-01-01,WW,developer
3269,4,1468,2017-01-01,WW,developer
3269,4,458,2017-01-01,EU,publisher
3269,8,458,2017-01-01,WW,developer
3269,8,1468,2017-01-01,WW,developer
3269,8,458,2017-01-01,EU,publisher
3270,4,1204,2017-04-24,WW,developer
3270,4,599,2017-04-24,NA,publisher
3270,4,1204,2017-04-24,NA,publisher
3271,4,400,2019-01-18,WW,developer
3271,4,1165,2019-01-18,WW,developer
3271,4,400,2019-01-18,JP,publisher
3273,4,1200,2022-09-08,WW,developer
3273,4,752,2022-09-08,EU,publisher
3273,4,1200,2022-09-08,EU,publisher
3273,106,1200,2022-09-08,WW,developer
3273,106,752,2022-09-08,EU,publisher
3273,106,1200,2022-09-08,EU,publisher
3274,106,408,2021-08-25,WW,developer
3274,106,13,2021-08-25,NA,publisher
3274,8,408,2021-08-25,WW,developer
3274,8,13,2021-08-25,NA,publisher
3274,4,408,2021-08-25,WW,developer
3274,4,13,2021-08-25,NA,publisher
3275,4,724,2018-06-05,WW,developer
3276,8,638,2020-06-23,WW,developer
3276,8,638,2020-06-23,EU,publisher
3276,4,638,2016-07-07,WW,developer
3276,4,638,2016-07-07,EU,publisher
3277,4,1229,2019-02-14,WW,developer
3277,4,1229,2019-02-14,EU,publisher
3277,8,1229,2019-02-14,WW,developer
3277,8,1229,2019-02-14,EU,publisher
3278,4,1278,2017-07-25,WW,developer
3278,4,1233,2017-07-25,NA,publisher
3279,8,1147,2022-03-09,WW,developer
3279,4,1147,2022-03-09,WW,developer
3279,106,1147,2022-03-09,WW,developer
3280,33,708,2017-10-13,WW,developer
3280,33,659,2017-10-13,NA,publisher
3280,33,708,2017-10-13,JP,publisher
3281,33,1179,2017-06-16,WW,developer
3281,33,422,2017-06-16,JP,publisher
3281,33,1179,2017-06-16,JP,publisher
3282,8,1156,2019-10-10,WW,developer
3282,8,867,2019-10-10,JP,publisher
3282,8,1156,2019-10-10,JP,publisher
3282,8,1585,2019-10-10,JP,publisher
3282,4,1156,2019-10-10,WW,developer
3282,4,867,2019-10-10,JP,publisher
3282,4,1156,2019-10-10,JP,publisher
3282,4,1585,2019-10-10,JP,publisher
3283,33,1406,2020-03-12,WW,developer
3283,33,659,2020-03-12,NA,publisher
3283,33,708,2020-03-12,JP,publisher
3284,4,442,2018-01-25,NA,publisher
3284,33,442,2018-01-25,NA,publisher
3285,33,303,2018-09-27,WW,developer
3285,33,303,2018-09-27,JP,publisher
3285,33,1488,2018-09-27,JP,publisher
3285,4,303,2018-09-27,WW,developer
3285,4,303,2018-09-27,JP,publisher
3285,4,1488,2018-09-27,JP,publisher
3286,6,733,2017-04-25,WW,developer
3286,6,56,2017-04-25,JP,publisher
3286,4,733,2017-04-25,WW,developer
3286,4,56,2017-04-25,JP,publisher
3287,8,1533,2017-05-08,NA,publisher
3287,4,1533,2017-05-08,NA,publisher
3288,4,1027,2017-08-01,WW,developer
3288,4,1312,2017-08-01,WW,developer
3288,4,1312,2017-08-01,NA,publisher
3288,8,1027,2017-08-01,WW,developer
3288,8,1312,2017-08-01,WW,developer
3288,8,1312,2017-08-01,NA,publisher
3289,66,168,2018-03-23,WW,developer
3289,66,6,2018-03-23,JP,publisher
3289,66,419,2018-03-23,JP,publisher
3290,4,268,2024-08-01,WW,developer
3290,4,268,2024-08-01,JP,publisher
3291,4,1147,2017-01-01,WW,developer
3291,4,1147,2017-01-01,EU,publisher
3291,8,1147,2017-01-01,WW,developer
3291,8,1147,2017-01-01,EU,publisher
3292,4,422,2017-09-07,WW,developer
3292,4,939,2017-09-07,JP,publisher
3292,33,422,2017-09-07,WW,developer
3292,33,939,2017-09-07,JP,publisher
3293,4,1154,2022-07-28,WW,developer
3293,4,1559,2022-07-28,WW,developer
3293,4,1154,2022-07-28,JP,publisher
3294,8,842,2018-03-13,WW,developer
3294,8,842,2018-03-13,EU,publisher
3294,4,842,2018-03-13,WW,developer
3294,4,842,2018-03-13,EU,publisher
3295,4,1507,2020-10-30,WW,developer
3295,4,1507,2020-10-30,NA,publisher
3296,33,1158,2017-05-02,WW,developer
3296,33,1167,2017-05-02,JP,publisher
3297,16,34,2016-10-07,WW,developer
3297,16,6,2016-10-07,JP,publisher
3298,4,556,2020-11-01,WW,developer
3298,4,556,2020-11-01,EU,publisher
3272,4,1588,2017-06-27,WW,developer
3272,4,1588,2017-06-27,EU,publisher
3298,8,556,2020-11-01,WW,developer
3298,8,556,2020-11-01,EU,publisher
3300,4,335,2018-02-28,WW,developer
3300,4,335,2018-02-28,NA,publisher
3301,4,1687,2019-03-13,WW,developer
3301,4,1687,2019-03-13,NA,publisher
3301,33,1687,2019-03-13,WW,developer
3301,33,1687,2019-03-13,NA,publisher
3301,8,1687,2019-03-13,WW,developer
3301,8,1687,2019-03-13,NA,publisher
3302,4,1452,2017-07-27,WW,developer
3302,4,1452,2017-07-27,EU,publisher
3303,66,585,2017-02-09,WW,developer
3303,66,56,2017-02-09,JP,publisher
3304,8,1306,2017-02-09,WW,developer
3304,8,1306,2017-02-09,NA,publisher
3304,4,1306,2017-02-09,WW,developer
3304,4,1306,2017-02-09,NA,publisher
3305,4,446,2020-05-19,EU,publisher
3305,8,446,2020-05-19,EU,publisher
3305,106,446,2020-05-19,EU,publisher
3307,4,1040,2017-07-25,WW,developer
3307,4,1040,2017-07-25,NA,publisher
3307,8,1040,2017-07-25,WW,developer
3307,8,1040,2017-07-25,NA,publisher
3308,4,226,2021-09-17,WW,developer
3308,4,400,2021-09-17,JP,publisher
3309,33,1158,2017-10-27,WW,developer
3309,33,400,2017-10-27,JP,publisher
3309,4,1158,2017-10-27,WW,developer
3309,4,400,2017-10-27,JP,publisher
3310,4,312,2017-04-27,EU,publisher
3310,8,312,2017-04-27,EU,publisher
3311,4,336,2019-11-22,WW,developer
3311,4,17,2019-11-22,NA,publisher
3311,4,247,2019-11-22,NA,publisher
3311,8,336,2019-11-22,WW,developer
3311,8,17,2019-11-22,NA,publisher
3311,8,247,2019-11-22,NA,publisher
3312,4,336,2018-02-08,WW,developer
3312,4,17,2018-02-08,NA,publisher
3312,8,336,2018-02-08,WW,developer
3312,8,17,2018-02-08,NA,publisher
3313,4,1303,2018-11-15,WW,developer
3313,4,565,2018-11-15,EU,publisher
3313,8,1303,2018-11-15,WW,developer
3313,8,565,2018-11-15,EU,publisher
3314,4,159,2017-03-23,WW,developer
3314,4,1361,2017-03-23,EU,publisher
3316,4,1313,2022-01-27,WW,developer
3316,4,1313,2022-01-27,NA,publisher
3316,8,1313,2022-01-27,WW,developer
3316,8,1313,2022-01-27,NA,publisher
3317,4,1237,2017-05-23,WW,developer
3317,4,640,2017-05-23,EU,publisher
3318,4,217,2018-09-21,WW,developer
3318,4,217,2018-09-21,NA,publisher
3319,106,1630,2022-03-02,EU,publisher
3319,4,1630,2022-03-02,EU,publisher
3320,4,1277,2018-08-10,WW,developer
3320,4,1277,2018-08-10,EU,publisher
3320,8,1277,2018-08-10,WW,developer
3320,8,1277,2018-08-10,EU,publisher
3321,4,548,2017-04-24,WW,developer
3321,4,1539,2017-04-24,NA,publisher
3322,4,569,2017-01-01,WW,developer
3323,4,625,2018-01-01,WW,developer
3323,4,231,2018-01-01,NA,publisher
3324,5,353,2017-01-01,WW,developer
3324,6,353,2017-01-01,WW,developer
3324,4,353,2017-01-01,WW,developer
3324,16,353,2017-01-01,WW,developer
3325,4,415,2018-10-23,WW,developer
3325,4,992,2018-10-23,EU,publisher
3315,33,1161,2017-10-19,WW,developer
3315,33,400,2017-10-19,JP,publisher
3326,4,1319,2017-01-01,WW,developer
3326,4,931,2017-01-01,NA,publisher
3327,8,119,2020-07-17,WW,developer
3327,8,11,2020-07-17,NA,publisher
3327,8,565,2020-07-17,EU,publisher
3327,4,119,2020-07-17,WW,developer
3327,4,11,2020-07-17,NA,publisher
3327,4,565,2020-07-17,EU,publisher
3328,4,286,2017-03-14,WW,developer
3328,4,8,2017-03-14,JP,publisher
3328,4,13,2017-03-14,NA,publisher
3329,4,1106,2017-04-18,WW,developer
3329,4,1106,2017-04-18,NA,publisher
3329,8,1106,2017-04-18,WW,developer
3329,8,1106,2017-04-18,NA,publisher
3330,4,668,2017-05-11,WW,developer
3330,4,1203,2017-05-11,WW,developer
3330,4,599,2017-05-11,NA,publisher
3331,4,182,2017-08-15,EU,publisher
3332,66,410,2017-01-01,WW,developer
3332,66,6,2017-01-01,JP,publisher
3334,4,1343,2017-06-30,WW,developer
3334,4,1686,2017-06-30,EU,publisher
3335,33,708,2017-04-28,WW,developer
3335,33,659,2017-04-28,NA,publisher
3335,33,708,2017-04-28,JP,publisher
3336,33,708,2024-07-11,WW,developer
3336,33,1515,2024-07-11,WW,developer
3336,33,659,2024-07-11,NA,publisher
3336,33,708,2024-07-11,JP,publisher
3336,4,708,2024-07-11,WW,developer
3336,4,1515,2024-07-11,WW,developer
3336,4,659,2024-07-11,NA,publisher
3336,4,708,2024-07-11,JP,publisher
3337,4,800,2017-03-07,WW,developer
3337,4,800,2017-03-07,JP,publisher
3338,4,422,2018-09-18,WW,developer
3338,4,1539,2018-09-18,NA,publisher
3338,33,422,2018-09-18,WW,developer
3338,33,1539,2018-09-18,NA,publisher
3340,4,43,2024-08-30,WW,developer
3340,4,43,2024-08-30,JP,publisher
3340,106,43,2024-08-30,WW,developer
3340,106,43,2024-08-30,JP,publisher
3340,33,43,2024-08-30,WW,developer
3340,33,43,2024-08-30,JP,publisher
3341,106,1140,2022-07-14,WW,developer
3341,106,1140,2022-07-14,JP,publisher
3341,4,1140,2022-07-14,WW,developer
3341,4,1140,2022-07-14,JP,publisher
3341,66,1140,2022-07-14,WW,developer
3341,66,1140,2022-07-14,JP,publisher
3342,4,1083,2023-12-15,WW,developer
3342,4,1233,2023-12-15,NA,publisher
3343,4,1223,2017-08-02,WW,developer
3343,4,1223,2017-08-02,NA,publisher
3343,8,1223,2017-08-02,WW,developer
3343,8,1223,2017-08-02,NA,publisher
3344,4,1366,2017-03-28,WW,developer
3345,33,1094,2019-04-25,WW,developer
3345,33,1406,2019-04-25,WW,developer
3345,33,708,2019-04-25,JP,publisher
3347,4,605,2017-03-14,WW,developer
3348,33,733,2017-02-21,WW,developer
3348,33,481,2017-02-21,JP,publisher
3348,6,733,2017-02-21,WW,developer
3348,6,481,2017-02-21,JP,publisher
3348,4,733,2017-02-21,WW,developer
3348,4,481,2017-02-21,JP,publisher
3349,4,133,2019-02-07,WW,developer
3349,4,247,2019-02-07,NA,publisher
3349,8,133,2019-02-07,WW,developer
3349,8,247,2019-02-07,NA,publisher
3351,4,919,2017-05-24,WW,developer
3351,4,919,2017-05-24,EU,publisher
3352,4,227,2017-10-17,WW,developer
3352,4,458,2017-10-17,EU,publisher
3353,8,734,2020-01-01,WW,developer
3353,8,928,2020-01-01,WW,developer
3353,8,1342,2020-01-01,EU,publisher
3353,4,734,2020-01-01,WW,developer
3353,4,928,2020-01-01,WW,developer
3353,4,1342,2020-01-01,EU,publisher
3354,4,1198,2018-10-18,WW,developer
3354,4,1198,2018-10-18,EU,publisher
3361,4,8,2024-06-14,WW,developer
3361,4,528,2024-06-14,WW,developer
3361,4,6,2024-06-14,JP,publisher
3361,4,8,2024-06-14,JP,publisher
3361,66,8,2024-06-14,WW,developer
3361,66,528,2024-06-14,WW,developer
3361,66,6,2024-06-14,JP,publisher
3361,66,8,2024-06-14,JP,publisher
3363,8,1378,2018-10-11,WW,developer
3363,8,1378,2018-10-11,EU,publisher
3363,4,1378,2018-10-11,WW,developer
3363,4,1378,2018-10-11,EU,publisher
3364,6,800,2017-05-23,WW,developer
3364,6,800,2017-05-23,JP,publisher
3364,4,800,2017-05-23,WW,developer
3364,4,800,2017-05-23,JP,publisher
3365,4,1379,2017-02-08,WW,developer
3365,4,1638,2017-02-08,EU,publisher
3365,8,1379,2017-02-08,WW,developer
3365,8,1638,2017-02-08,EU,publisher
3366,4,1072,2020-03-17,WW,developer
3366,4,1072,2020-03-17,EU,publisher
3369,4,92,2018-01-01,WW,developer
3369,4,92,2018-01-01,JP,publisher
3370,8,671,2020-08-28,WW,developer
3370,8,13,2020-08-28,NA,publisher
3370,8,182,2020-08-28,EU,publisher
3370,4,671,2020-08-28,WW,developer
3370,4,13,2020-08-28,NA,publisher
3370,4,182,2020-08-28,EU,publisher
3371,4,421,2020-02-05,WW,developer
3371,4,281,2020-02-05,JP,publisher
3371,4,426,2020-02-05,JP,publisher
3372,8,501,2018-03-23,EU,publisher
3372,4,501,2018-03-23,EU,publisher
3373,4,1433,2022-01-13,WW,developer
3373,4,1433,2022-01-13,NA,publisher
3374,4,733,2018-02-03,WW,developer
3374,4,800,2018-02-03,JP,publisher
3375,4,671,2018-09-18,WW,developer
3375,4,671,2018-09-18,NA,publisher
3375,8,671,2018-09-18,WW,developer
3375,8,671,2018-09-18,NA,publisher
3377,4,548,2019-03-20,WW,developer
3377,4,1035,2019-03-20,JP,publisher
3377,33,548,2019-03-20,WW,developer
3377,33,1035,2019-03-20,JP,publisher
3377,6,548,2019-03-20,WW,developer
3377,6,1035,2019-03-20,JP,publisher
3377,23,548,2019-03-20,WW,developer
3377,23,1035,2019-03-20,JP,publisher
3378,4,1400,2022-09-27,WW,developer
3378,4,1400,2022-09-27,EU,publisher
3379,8,1592,2019-01-17,WW,developer
3379,8,1362,2019-01-17,EU,publisher
3379,4,1592,2019-01-17,WW,developer
3379,4,1362,2019-01-17,EU,publisher
3381,4,1560,2019-07-05,WW,developer
3381,4,42,2019-07-05,NA,publisher
3381,4,205,2019-07-05,EU,publisher
3382,4,182,2019-10-31,EU,publisher
3383,4,645,2019-07-30,WW,developer
3383,4,645,2019-07-30,NA,publisher
3383,8,645,2019-07-30,WW,developer
3383,8,645,2019-07-30,NA,publisher
3388,4,858,2018-06-12,WW,developer
3388,4,1172,2018-06-12,WW,developer
3388,4,92,2018-06-12,JP,publisher
3389,4,1367,2018-03-28,WW,developer
3389,4,1367,2018-03-28,EU,publisher
3389,8,1367,2018-03-28,WW,developer
3389,8,1367,2018-03-28,EU,publisher
3392,4,51,2018-04-19,WW,developer
3392,4,51,2018-04-19,EU,publisher
3393,4,1214,2021-08-16,WW,developer
3395,4,645,2019-09-19,WW,developer
3395,4,645,2019-09-19,NA,publisher
3395,8,645,2019-09-19,WW,developer
3395,8,645,2019-09-19,NA,publisher
3397,4,1529,2020-07-17,WW,developer
3397,4,1220,2020-07-17,JP,publisher
3397,4,1497,2020-07-17,EU,publisher
3397,4,1529,2020-07-17,EU,publisher
3397,8,1529,2020-07-17,WW,developer
3397,8,1220,2020-07-17,JP,publisher
3397,8,1497,2020-07-17,EU,publisher
3397,8,1529,2020-07-17,EU,publisher
3399,4,1086,2019-05-31,WW,developer
3399,4,1086,2019-05-31,JP,publisher
3399,4,1608,2019-05-31,JP,publisher
3399,33,1086,2019-05-31,WW,developer
3399,33,1086,2019-05-31,JP,publisher
3399,33,1608,2019-05-31,JP,publisher
3401,4,1233,2018-10-26,NA,publisher
3403,4,319,2018-05-08,WW,developer
3403,4,319,2018-05-08,EU,publisher
3404,4,605,2018-10-30,WW,developer
3405,4,931,2018-01-01,WW,developer
3405,4,931,2018-01-01,NA,publisher
3405,8,931,2018-01-01,WW,developer
3405,8,931,2018-01-01,NA,publisher
3406,4,1246,2021-04-13,WW,developer
3406,4,1246,2021-04-13,EU,publisher
3406,8,1246,2021-04-13,WW,developer
3406,8,1246,2021-04-13,EU,publisher
3407,4,1140,2019-06-14,WW,developer
3407,4,1140,2019-06-14,JP,publisher
3407,66,1140,2019-06-14,WW,developer
3407,66,1140,2019-06-14,JP,publisher
3408,4,1345,2024-04-25,WW,developer
3408,4,1345,2024-04-25,EU,publisher
3408,4,1604,2024-04-25,EU,publisher
3408,4,1689,2024-04-25,EU,publisher
3409,4,1403,2019-01-01,WW,developer
3409,4,1282,2019-01-01,NA,publisher
3409,8,1403,2019-01-01,WW,developer
3409,8,1282,2019-01-01,NA,publisher
3410,4,1539,2021-04-01,NA,publisher
3412,4,400,2019-09-27,WW,developer
3412,4,400,2019-09-27,JP,publisher
3413,4,1455,2018-04-24,WW,developer
3413,4,1455,2018-04-24,NA,publisher
3413,8,1455,2018-04-24,WW,developer
3413,8,1455,2018-04-24,NA,publisher
3408,8,1345,2024-04-25,WW,developer
3408,8,1345,2024-04-25,EU,publisher
3408,8,1604,2024-04-25,EU,publisher
3408,8,1689,2024-04-25,EU,publisher
3490,63,1091,2020-07-02,WW,developer
3490,63,1164,2020-07-02,WW,developer
3490,63,436,2020-07-02,JP,publisher
3490,63,894,2020-07-02,JP,publisher
3490,63,1164,2020-07-02,JP,publisher
3490,10,1091,2020-07-02,WW,developer
3490,10,1164,2020-07-02,WW,developer
3490,10,436,2020-07-02,JP,publisher
3490,10,894,2020-07-02,JP,publisher
3490,10,1164,2020-07-02,JP,publisher
3496,33,1376,2020-02-06,WW,developer
3496,33,1376,2020-02-06,NA,publisher
3496,92,1376,2020-02-06,WW,developer
3496,92,1376,2020-02-06,NA,publisher
3498,106,556,2021-03-30,WW,developer
3498,106,556,2021-03-30,EU,publisher
3498,4,556,2021-03-30,WW,developer
3498,4,556,2021-03-30,EU,publisher
3499,4,844,2020-12-10,WW,developer
3499,4,1395,2020-12-10,EU,publisher
3500,4,865,2021-02-25,WW,developer
3500,4,867,2021-02-25,JP,publisher
3500,4,865,2021-02-25,JP,publisher
3500,4,1429,2021-02-25,JP,publisher
3500,33,865,2021-02-25,WW,developer
3500,33,867,2021-02-25,JP,publisher
3500,33,865,2021-02-25,JP,publisher
3500,33,1429,2021-02-25,JP,publisher
3496,4,1376,2020-02-06,WW,developer
3496,4,1376,2020-02-06,NA,publisher
3414,4,295,2019-12-09,WW,developer
3414,4,295,2019-12-09,EU,publisher
3415,8,1241,2019-01-31,WW,developer
3415,8,1241,2019-01-31,EU,publisher
3415,4,1241,2019-01-31,WW,developer
3415,4,1241,2019-01-31,EU,publisher
3416,6,528,2021-08-05,JP,publisher
3416,6,1127,2021-08-05,NA,publisher
3416,6,1539,2021-08-05,NA,publisher
3416,33,528,2021-08-05,JP,publisher
3416,33,1127,2021-08-05,NA,publisher
3416,33,1539,2021-08-05,NA,publisher
3416,4,528,2021-08-05,JP,publisher
3416,4,1127,2021-08-05,NA,publisher
3416,4,1539,2021-08-05,NA,publisher
3417,4,1305,2018-11-27,WW,developer
3417,4,458,2018-11-27,EU,publisher
3419,24,899,2021-11-05,WW,developer
3419,24,1501,2021-11-05,NA,publisher
3419,4,899,2021-11-05,WW,developer
3419,4,1501,2021-11-05,NA,publisher
3420,4,1523,2019-08-28,WW,developer
3420,4,1486,2019-08-28,EU,publisher
3420,4,1525,2019-08-28,NA,publisher
3420,8,1523,2019-08-28,WW,developer
3420,8,1486,2019-08-28,EU,publisher
3420,8,1525,2019-08-28,NA,publisher
3421,106,1648,2022-01-13,WW,developer
3421,106,1661,2022-01-13,NA,publisher
3421,4,1648,2022-01-13,WW,developer
3421,4,1661,2022-01-13,NA,publisher
3422,24,427,2024-12-05,WW,developer
3422,24,427,2024-12-05,NA,publisher
3424,4,724,2018-09-26,WW,developer
3424,4,56,2018-09-26,JP,publisher
3424,4,312,2018-09-26,EU,publisher
3424,8,724,2018-09-26,WW,developer
3424,8,56,2018-09-26,JP,publisher
3424,8,312,2018-09-26,EU,publisher
3425,4,162,2018-03-27,WW,developer
3425,4,195,2018-03-27,WW,developer
3425,4,280,2018-03-27,WW,developer
3426,4,354,2019-01-31,WW,developer
3426,4,354,2019-01-31,JP,publisher
3427,4,542,2018-01-26,WW,developer
3427,4,400,2018-01-26,JP,publisher
3427,106,542,2018-01-26,WW,developer
3427,106,400,2018-01-26,JP,publisher
3428,4,1293,2019-02-22,WW,developer
3428,4,42,2019-02-22,NA,publisher
3429,106,195,2024-02-16,WW,developer
3429,106,353,2024-02-16,WW,developer
3429,106,877,2024-02-16,WW,developer
3429,4,195,2024-02-16,WW,developer
3429,4,353,2024-02-16,WW,developer
3429,4,877,2024-02-16,WW,developer
3431,4,1298,2019-01-01,WW,developer
3431,4,1298,2019-01-01,EU,publisher
3432,106,1310,2020-03-11,WW,developer
3432,106,13,2020-03-11,NA,publisher
3432,4,1310,2020-03-11,WW,developer
3432,4,13,2020-03-11,NA,publisher
3433,4,1411,2018-05-03,WW,developer
3433,4,1411,2018-05-03,EU,publisher
3434,4,1678,2019-04-29,WW,developer
3434,4,1678,2019-04-29,EU,publisher
3436,4,931,2019-06-26,NA,publisher
3436,8,931,2019-06-26,NA,publisher
3438,4,1458,2020-07-09,WW,developer
3438,4,275,2020-07-09,EU,publisher
3438,4,1371,2020-07-09,EU,publisher
3438,4,1512,2020-07-09,JP,publisher
3438,8,1458,2020-07-09,WW,developer
3438,8,275,2020-07-09,EU,publisher
3438,8,1371,2020-07-09,EU,publisher
3438,8,1512,2020-07-09,JP,publisher
3438,106,1458,2020-07-09,WW,developer
3438,106,275,2020-07-09,EU,publisher
3438,106,1371,2020-07-09,EU,publisher
3438,106,1512,2020-07-09,JP,publisher
3439,4,265,2018-03-15,WW,developer
3439,4,66,2018-03-15,EU,publisher
3439,8,265,2018-03-15,WW,developer
3439,8,66,2018-03-15,EU,publisher
3440,8,776,2020-06-03,WW,developer
3440,8,1518,2020-06-03,WW,developer
3440,8,776,2020-06-03,EU,publisher
3422,4,427,2024-12-05,WW,developer
3422,4,427,2024-12-05,NA,publisher
3440,4,776,2020-06-03,WW,developer
3440,4,1518,2020-06-03,WW,developer
3440,4,776,2020-06-03,EU,publisher
3441,4,1350,2018-02-20,WW,developer
3441,4,1350,2018-02-20,EU,publisher
3441,8,1350,2018-02-20,WW,developer
3441,8,1350,2018-02-20,EU,publisher
3442,4,556,2018-08-28,WW,developer
3442,4,556,2018-08-28,EU,publisher
3443,106,1580,2021-09-09,WW,developer
3443,4,1580,2021-09-09,WW,developer
3444,4,1185,2018-06-29,WW,developer
3445,8,1409,2018-07-17,WW,developer
3445,8,1409,2018-07-17,EU,publisher
3445,4,1409,2018-07-17,WW,developer
3445,4,1409,2018-07-17,EU,publisher
3446,66,8,2018-04-24,WW,developer
3446,66,8,2018-04-24,JP,publisher
3447,33,1300,2018-02-01,WW,developer
3447,33,1300,2018-02-01,EU,publisher
3447,4,1300,2018-02-01,WW,developer
3447,4,1300,2018-02-01,EU,publisher
3447,66,1300,2018-02-01,WW,developer
3447,66,1300,2018-02-01,EU,publisher
3447,16,1300,2018-02-01,WW,developer
3447,16,1300,2018-02-01,EU,publisher
3447,8,1300,2018-02-01,WW,developer
3447,8,1300,2018-02-01,EU,publisher
3449,26,436,2021-09-16,WW,developer
3449,26,436,2021-09-16,JP,publisher
3449,26,1164,2021-09-16,JP,publisher
3449,32,436,2021-09-16,WW,developer
3449,32,436,2021-09-16,JP,publisher
3449,32,1164,2021-09-16,JP,publisher
3450,4,1550,2018-06-29,WW,developer
3450,4,1128,2018-06-29,JP,publisher
3450,4,1233,2018-06-29,NA,publisher
3450,4,1488,2018-06-29,JP,publisher
3451,4,189,2018-04-09,WW,developer
3451,4,189,2018-04-09,JP,publisher
3452,4,1316,2018-01-23,WW,developer
3452,4,56,2018-01-23,JP,publisher
3453,4,1226,2020-02-20,WW,developer
3453,4,1226,2020-02-20,EU,publisher
3455,4,412,2024-12-18,EU,publisher
3456,106,1198,2023-03-29,WW,developer
3456,106,1198,2023-03-29,EU,publisher
3456,8,1198,2023-03-29,WW,developer
3456,8,1198,2023-03-29,EU,publisher
3456,4,1198,2023-03-29,WW,developer
3456,4,1198,2023-03-29,EU,publisher
3457,8,1220,2022-04-05,JP,publisher
3457,8,1572,2022-04-05,EU,publisher
3457,106,1220,2022-04-05,JP,publisher
3457,106,1572,2022-04-05,EU,publisher
3457,4,1220,2022-04-05,JP,publisher
3457,4,1572,2022-04-05,EU,publisher
3459,4,1213,2018-04-19,EU,publisher
3459,8,1213,2018-04-19,EU,publisher
3461,8,1382,2022-05-31,WW,developer
3461,8,1382,2022-05-31,NA,publisher
3461,4,1382,2022-05-31,WW,developer
3461,4,1382,2022-05-31,NA,publisher
3448,4,209,2023-01-06,EU,publisher
3448,4,591,2023-01-06,EU,publisher
3461,94,1382,2022-05-31,WW,developer
3461,94,1382,2022-05-31,NA,publisher
3461,106,1382,2022-05-31,WW,developer
3461,106,1382,2022-05-31,NA,publisher
3462,4,1428,2018-05-15,WW,developer
3462,4,400,2018-05-15,JP,publisher
3463,4,445,2017-07-11,WW,developer
3463,19,445,2017-07-11,WW,developer
3464,8,1028,2022-10-28,WW,developer
3464,8,1028,2022-10-28,EU,publisher
3464,106,1028,2022-10-28,WW,developer
3464,106,1028,2022-10-28,EU,publisher
3464,4,1028,2022-10-28,WW,developer
3464,4,1028,2022-10-28,EU,publisher
3465,8,247,2018-01-16,NA,publisher
3465,4,247,2018-01-16,NA,publisher
3467,4,1266,2018-02-20,WW,developer
3467,4,13,2018-02-20,NA,publisher
3468,4,1536,2021-05-25,WW,developer
3468,4,458,2021-05-25,EU,publisher
3468,106,1536,2021-05-25,WW,developer
3468,106,458,2021-05-25,EU,publisher
3469,33,1060,2022-07-29,WW,developer
3469,33,281,2022-07-29,JP,publisher
3469,33,1060,2022-07-29,JP,publisher
3469,33,1233,2022-07-29,NA,publisher
3469,4,1060,2022-07-29,WW,developer
3469,4,281,2022-07-29,JP,publisher
3469,4,1060,2022-07-29,JP,publisher
3469,4,1233,2022-07-29,NA,publisher
3470,4,1556,2021-02-26,WW,developer
3470,4,1488,2021-02-26,JP,publisher
3470,4,1556,2021-02-26,JP,publisher
3470,4,1649,2021-02-26,JP,publisher
3471,4,206,2019-04-18,WW,developer
3471,4,867,2019-04-18,JP,publisher
3472,4,282,2020-04-29,WW,developer
3472,4,282,2020-04-29,JP,publisher
3473,4,867,2019-06-14,JP,publisher
3473,8,867,2019-06-14,JP,publisher
3474,4,396,2019-01-01,WW,developer
3474,4,396,2019-01-01,JP,publisher
3475,4,1652,2022-05-10,WW,developer
3475,4,1641,2022-05-10,EU,publisher
3475,4,1652,2022-05-10,EU,publisher
3475,106,1652,2022-05-10,WW,developer
3475,106,1641,2022-05-10,EU,publisher
3475,106,1652,2022-05-10,EU,publisher
3476,4,1035,2018-01-01,WW,developer
3476,4,1035,2018-01-01,JP,publisher
3477,8,1349,2018-07-24,WW,developer
3477,8,1289,2018-07-24,NA,publisher
3477,4,1349,2018-07-24,WW,developer
3477,4,1289,2018-07-24,NA,publisher
3478,4,542,2018-05-31,WW,developer
3478,4,542,2018-05-31,JP,publisher
3478,106,542,2018-05-31,WW,developer
3478,106,542,2018-05-31,JP,publisher
3479,8,1430,2020-08-04,WW,developer
3479,8,1430,2020-08-04,EU,publisher
3479,4,1430,2020-08-04,WW,developer
3479,4,1430,2020-08-04,EU,publisher
3480,4,162,2018-10-16,WW,developer
3481,8,182,2018-09-25,EU,publisher
3481,4,182,2018-09-25,EU,publisher
3483,4,1131,2018-02-16,WW,developer
3483,4,42,2018-02-16,NA,publisher
3484,8,1211,2018-04-27,WW,developer
3484,8,1211,2018-04-27,EU,publisher
3484,4,1211,2018-04-27,WW,developer
3484,4,1211,2018-04-27,EU,publisher
3485,4,56,2019-01-01,WW,developer
3485,4,56,2019-01-01,JP,publisher
3486,4,56,2018-07-13,WW,developer
3486,4,145,2018-07-13,WW,developer
3486,4,6,2018-07-13,JP,publisher
3486,4,56,2018-07-13,JP,publisher
3487,4,1154,2019-02-19,WW,developer
3487,4,1035,2019-02-19,JP,publisher
3487,4,1154,2019-02-19,JP,publisher
3487,33,1154,2019-02-19,WW,developer
3487,33,1035,2019-02-19,JP,publisher
3487,33,1154,2019-02-19,JP,publisher
3488,4,1356,2018-05-04,WW,developer
3488,4,1356,2018-05-04,EU,publisher
3501,4,567,2019-01-01,WW,developer
3501,4,400,2019-01-01,JP,publisher
3502,106,1621,2019-09-17,WW,developer
3502,106,284,2019-09-17,EU,publisher
3502,4,1621,2019-09-17,WW,developer
3502,4,284,2019-09-17,EU,publisher
3503,8,79,2019-01-01,NA,publisher
3503,4,79,2019-01-01,NA,publisher
3504,4,1018,2019-07-11,WW,developer
3504,4,442,2019-07-11,NA,publisher
3507,33,1406,2024-02-15,WW,developer
3507,33,708,2024-02-15,JP,publisher
3508,4,1619,2019-02-19,NA,publisher
3509,24,457,2021-05-07,WW,developer
3509,24,457,2021-05-07,NA,publisher
3509,24,1501,2021-05-07,NA,publisher
3509,4,457,2021-05-07,WW,developer
3509,4,457,2021-05-07,NA,publisher
3509,4,1501,2021-05-07,NA,publisher
3510,4,518,2021-04-06,WW,developer
3510,4,518,2021-04-06,NA,publisher
3511,4,645,2021-06-01,WW,developer
3511,4,645,2021-06-01,NA,publisher
3512,24,690,2021-05-07,WW,developer
3512,24,457,2021-05-07,NA,publisher
3513,4,354,2019-02-21,WW,developer
3513,4,1472,2019-02-21,WW,developer
3513,4,354,2019-02-21,JP,publisher
3513,4,1539,2019-02-21,NA,publisher
3514,4,1429,2019-08-29,JP,publisher
3514,4,1637,2019-08-29,EU,publisher
3516,4,198,2019-05-23,WW,developer
3516,4,312,2019-05-23,EU,publisher
3516,8,198,2019-05-23,WW,developer
3516,8,312,2019-05-23,EU,publisher
3517,4,1614,2023-04-12,WW,developer
3517,4,128,2023-04-12,EU,publisher
3518,4,1487,2023-10-03,WW,developer
3518,4,1487,2023-10-03,EU,publisher
3518,106,1487,2023-10-03,WW,developer
3518,106,1487,2023-10-03,EU,publisher
3519,33,422,2020-05-29,WW,developer
3519,33,422,2020-05-29,JP,publisher
3519,33,1539,2020-05-29,NA,publisher
3520,66,226,2019-02-08,WW,developer
3520,66,6,2019-02-08,JP,publisher
3522,4,1224,2022-02-24,WW,developer
3522,4,565,2022-02-24,EU,publisher
3522,4,1224,2022-02-24,EU,publisher
3522,106,1224,2022-02-24,WW,developer
3522,106,565,2022-02-24,EU,publisher
3522,106,1224,2022-02-24,EU,publisher
3523,4,902,2021-02-24,WW,developer
3523,4,902,2021-02-24,EU,publisher
3523,8,902,2021-02-24,WW,developer
3523,8,902,2021-02-24,EU,publisher
3525,4,1086,2019-02-21,WW,developer
3525,4,1086,2019-02-21,JP,publisher
3525,4,1608,2019-02-21,JP,publisher
3525,4,1667,2019-02-21,NA,publisher
3526,4,1415,2020-02-13,WW,developer
3526,8,1415,2020-02-13,WW,developer
3527,4,1613,2019-04-16,WW,developer
3528,8,1232,2019-01-01,WW,developer
3528,8,85,2019-01-01,EU,publisher
3528,4,1232,2019-01-01,WW,developer
3528,4,85,2019-01-01,EU,publisher
3529,4,803,2019-04-25,WW,developer
3529,4,66,2019-04-25,EU,publisher
3529,8,803,2019-04-25,WW,developer
3529,8,66,2019-04-25,EU,publisher
3525,33,1086,2019-02-21,WW,developer
3525,33,1086,2019-02-21,JP,publisher
3525,33,1608,2019-02-21,JP,publisher
3525,33,1667,2019-02-21,NA,publisher
3512,4,690,2021-05-07,WW,developer
3512,4,457,2021-05-07,NA,publisher
3519,4,422,2020-05-29,WW,developer
3519,4,422,2020-05-29,JP,publisher
3519,4,1539,2020-05-29,NA,publisher
3530,4,1003,2019-08-15,WW,developer
3530,4,1003,2019-08-15,EU,publisher
3531,4,291,2019-02-21,WW,developer
3531,4,291,2019-02-21,JP,publisher
3531,4,1608,2019-02-21,JP,publisher
3533,4,1088,2019-07-30,WW,developer
3533,4,1434,2019-07-30,JP,publisher
3534,4,538,2019-05-21,WW,developer
3535,4,696,2021-07-06,WW,developer
3535,106,696,2021-07-06,WW,developer
3536,4,323,2020-09-04,WW,developer
3536,4,936,2020-09-04,WW,developer
3536,4,1169,2020-09-04,WW,developer
3536,4,56,2020-09-04,JP,publisher
3536,106,323,2020-09-04,WW,developer
3536,106,936,2020-09-04,WW,developer
3536,106,1169,2020-09-04,WW,developer
3536,106,56,2020-09-04,JP,publisher
3537,4,1329,2019-03-22,WW,developer
3537,4,42,2019-03-22,NA,publisher
3538,4,1035,2019-02-14,WW,developer
3538,4,400,2019-02-14,JP,publisher
3539,4,616,2019-03-22,WW,developer
3539,4,616,2019-03-22,JP,publisher
3539,4,1657,2019-03-22,EU,publisher
3540,4,223,2019-07-25,WW,developer
3540,4,231,2019-07-25,NA,publisher
3541,4,770,2020-05-12,WW,developer
3541,4,231,2020-05-12,NA,publisher
3543,4,662,2019-05-14,WW,developer
3543,4,231,2019-05-14,NA,publisher
3544,4,37,2019-02-12,WW,developer
3544,4,195,2019-02-12,WW,developer
3545,106,565,2021-02-02,EU,publisher
3545,4,565,2021-02-02,EU,publisher
3547,4,528,2019-01-01,WW,developer
3547,4,6,2019-01-01,JP,publisher
3547,4,528,2019-01-01,JP,publisher
3548,4,1183,2021-02-11,WW,developer
3548,4,1183,2021-02-11,EU,publisher
3549,4,1509,2024-01-25,WW,developer
3549,4,1509,2024-01-25,EU,publisher
3549,106,1509,2024-01-25,WW,developer
3549,106,1509,2024-01-25,EU,publisher
3549,8,1509,2024-01-25,WW,developer
3549,8,1509,2024-01-25,EU,publisher
3551,106,56,2022-02-04,JP,publisher
3551,106,182,2022-02-04,EU,publisher
3551,4,56,2022-02-04,JP,publisher
3551,4,182,2022-02-04,EU,publisher
3552,4,1477,2019-08-27,WW,developer
3552,4,1393,2019-08-27,NA,publisher
3553,4,1575,2024-01-22,WW,developer
3553,4,1575,2024-01-22,NA,publisher
3553,8,1575,2024-01-22,WW,developer
3553,8,1575,2024-01-22,NA,publisher
3554,4,1485,2024-12-04,WW,developer
3554,4,1332,2024-12-04,EU,publisher
3554,106,1485,2024-12-04,WW,developer
3554,106,1332,2024-12-04,EU,publisher
3556,106,913,2019-09-10,WW,developer
3556,106,13,2019-09-10,NA,publisher
3556,4,913,2019-09-10,WW,developer
3556,4,13,2019-09-10,NA,publisher
3531,33,291,2019-02-21,WW,developer
3531,33,291,2019-02-21,JP,publisher
3531,33,1608,2019-02-21,JP,publisher
3558,4,13,2021-10-28,NA,publisher
3559,4,210,2019-10-22,WW,developer
3559,4,210,2019-10-22,EU,publisher
3560,4,1566,2020-05-13,WW,developer
3560,4,644,2020-05-13,EU,publisher
3560,106,1566,2020-05-13,WW,developer
3560,106,644,2020-05-13,EU,publisher
3561,106,724,2020-12-01,WW,developer
3561,106,724,2020-12-01,EU,publisher
3561,4,724,2020-12-01,WW,developer
3561,4,724,2020-12-01,EU,publisher
3563,8,1530,2020-05-01,WW,developer
3563,4,1530,2020-05-01,WW,developer
3565,4,1627,2019-03-05,WW,developer
3565,4,1564,2019-03-05,NA,publisher
3566,4,1510,2020-09-15,WW,developer
3566,4,1392,2020-09-15,EU,publisher
3566,8,1510,2020-09-15,WW,developer
3566,8,1392,2020-09-15,EU,publisher
3567,8,1370,2019-02-21,WW,developer
3567,8,1370,2019-02-21,EU,publisher
3567,4,1370,2019-02-21,WW,developer
3567,4,1370,2019-02-21,EU,publisher
3568,4,476,2019-11-15,WW,developer
3568,4,1113,2019-11-15,WW,developer
3568,4,1363,2019-11-15,WW,developer
3568,4,42,2019-11-15,NA,publisher
3568,106,476,2019-11-15,WW,developer
3568,106,1113,2019-11-15,WW,developer
3568,106,1363,2019-11-15,WW,developer
3568,106,42,2019-11-15,NA,publisher
3570,4,708,2019-06-20,WW,developer
3570,4,1618,2019-06-20,WW,developer
3570,4,708,2019-06-20,JP,publisher
3570,4,1619,2019-06-20,NA,publisher
3571,4,680,2019-04-10,WW,developer
3571,4,1681,2019-04-10,WW,developer
3571,4,800,2019-04-10,JP,publisher
3572,4,800,2019-03-25,WW,developer
3572,4,800,2019-03-25,JP,publisher
3574,4,1035,2019-09-17,WW,developer
3574,4,1035,2019-09-17,JP,publisher
3576,4,1322,2022-03-16,NA,publisher
3576,106,1322,2022-03-16,NA,publisher
3576,8,1322,2022-03-16,NA,publisher
3577,106,231,2020-03-20,NA,publisher
3577,4,231,2020-03-20,NA,publisher
3578,4,584,2019-05-23,WW,developer
3578,8,584,2019-05-23,WW,developer
3579,106,1096,2022-07-28,WW,developer
3579,106,400,2022-07-28,JP,publisher
3579,4,1096,2022-07-28,WW,developer
3579,4,400,2022-07-28,JP,publisher
3580,4,1479,2019-08-07,WW,developer
3580,4,1479,2019-08-07,EU,publisher
3580,8,1479,2019-08-07,WW,developer
3580,8,1479,2019-08-07,EU,publisher
3581,4,625,2021-11-02,WW,developer
3581,4,625,2021-11-02,NA,publisher
3582,4,1311,2020-03-06,WW,developer
3582,4,1311,2020-03-06,NA,publisher
3582,8,1311,2020-03-06,WW,developer
3582,8,1311,2020-03-06,NA,publisher
3629,4,1420,2020-01-29,WW,developer
3629,4,446,2020-01-29,EU,publisher
3631,4,476,2018-08-21,WW,developer
3631,4,42,2018-08-21,NA,publisher
3632,4,756,2022-04-21,WW,developer
3632,4,756,2022-04-21,EU,publisher
3632,4,1445,2022-04-21,EU,publisher
3632,106,756,2022-04-21,WW,developer
3632,106,756,2022-04-21,EU,publisher
3632,106,1445,2022-04-21,EU,publisher
3633,4,1605,2022-09-09,WW,developer
3633,4,1632,2022-09-09,EU,publisher
3633,8,1605,2022-09-09,WW,developer
3633,8,1632,2022-09-09,EU,publisher
3633,106,1605,2022-09-09,WW,developer
3633,106,1632,2022-09-09,EU,publisher
3635,4,1471,2020-01-28,WW,developer
3635,4,565,2020-01-28,EU,publisher
3636,4,26,2021-05-25,WW,developer
3636,4,26,2021-05-25,NA,publisher
3636,4,182,2021-05-25,EU,publisher
3636,106,26,2021-05-25,WW,developer
3636,106,26,2021-05-25,NA,publisher
3636,106,182,2021-05-25,EU,publisher
3637,4,1314,2023-01-31,WW,developer
3637,4,1314,2023-01-31,NA,publisher
3640,106,1384,2024-08-27,WW,developer
3640,106,357,2024-08-27,NA,publisher
3640,4,1384,2024-08-27,WW,developer
3640,4,357,2024-08-27,NA,publisher
3583,8,1431,2021-12-15,WW,developer
3583,8,1431,2021-12-15,EU,publisher
3583,4,1431,2021-12-15,WW,developer
3583,4,1431,2021-12-15,EU,publisher
3583,106,1431,2021-12-15,WW,developer
3583,106,1431,2021-12-15,EU,publisher
3584,4,547,2019-06-20,WW,developer
3584,4,547,2019-06-20,EU,publisher
3585,4,1390,2023-02-28,WW,developer
3585,4,1196,2023-02-28,EU,publisher
3585,106,1390,2023-02-28,WW,developer
3585,106,1196,2023-02-28,EU,publisher
3586,8,1301,2019-03-15,WW,developer
3586,8,764,2019-03-15,EU,publisher
3586,4,1301,2019-03-15,WW,developer
3586,4,764,2019-03-15,EU,publisher
3587,4,602,2021-12-07,WW,developer
3587,4,931,2021-12-07,NA,publisher
3587,106,602,2021-12-07,WW,developer
3587,106,931,2021-12-07,NA,publisher
3588,4,680,2019-03-01,WW,developer
3588,4,800,2019-03-01,JP,publisher
3588,4,1612,2019-03-01,NA,publisher
3588,4,1636,2019-03-01,EU,publisher
3589,106,1337,2021-12-03,EU,publisher
3589,4,1337,2021-12-03,EU,publisher
3589,8,1337,2021-12-03,EU,publisher
3590,106,1447,2022-03-23,WW,developer
3590,106,1447,2022-03-23,NA,publisher
3590,106,1634,2022-03-23,NA,publisher
3590,8,1447,2022-03-23,WW,developer
3590,8,1447,2022-03-23,NA,publisher
3590,8,1634,2022-03-23,NA,publisher
3590,4,1447,2022-03-23,WW,developer
3590,4,1447,2022-03-23,NA,publisher
3590,4,1634,2022-03-23,NA,publisher
3591,4,1547,2020-04-30,WW,developer
3591,8,1547,2020-04-30,WW,developer
3593,4,1441,2019-12-17,WW,developer
3594,4,415,2021-06-17,WW,developer
3594,4,415,2021-06-17,EU,publisher
3594,4,992,2021-06-17,EU,publisher
3595,4,380,2020-05-26,WW,developer
3595,4,13,2020-05-26,NA,publisher
3596,106,1410,2021-09-17,WW,developer
3596,106,1408,2021-09-17,NA,publisher
3596,106,1410,2021-09-17,EU,publisher
3596,4,1410,2021-09-17,WW,developer
3596,4,1408,2021-09-17,NA,publisher
3596,4,1410,2021-09-17,EU,publisher
3597,8,1630,2021-10-20,WW,developer
3597,8,1630,2021-10-20,EU,publisher
3597,4,1630,2021-10-20,WW,developer
3597,4,1630,2021-10-20,EU,publisher
3597,106,1630,2021-10-20,WW,developer
3597,106,1630,2021-10-20,EU,publisher
3598,4,45,2022-01-01,WW,developer
3598,4,51,2022-01-01,WW,developer
3598,4,45,2022-01-01,NA,publisher
3599,4,1451,2023-07-01,WW,developer
3599,4,1451,2023-07-01,EU,publisher
3599,8,1451,2023-07-01,WW,developer
3599,8,1451,2023-07-01,EU,publisher
3602,4,213,2020-06-05,WW,developer
3602,4,1393,2020-06-05,NA,publisher
3603,4,1591,2022-02-24,WW,developer
3603,4,422,2022-02-24,JP,publisher
3603,4,542,2022-02-24,JP,publisher
3603,4,1035,2022-02-24,JP,publisher
3604,4,542,2020-02-06,WW,developer
3604,4,1153,2020-02-06,JP,publisher
3605,8,1413,2020-05-07,WW,developer
3605,8,1413,2020-05-07,NA,publisher
3605,4,1413,2020-05-07,WW,developer
3605,4,1413,2020-05-07,NA,publisher
3606,4,1457,2020-08-12,EU,publisher
3608,4,1265,2023-08-16,WW,developer
3608,4,1265,2023-08-16,EU,publisher
3609,106,1540,2022-01-21,WW,developer
3609,106,1540,2022-01-21,EU,publisher
3609,81,1540,2022-01-21,WW,developer
3609,81,1540,2022-01-21,EU,publisher
3609,33,1540,2022-01-21,WW,developer
3609,33,1540,2022-01-21,EU,publisher
3609,4,1540,2022-01-21,WW,developer
3609,4,1540,2022-01-21,EU,publisher
3609,6,1540,2022-01-21,WW,developer
3609,6,1540,2022-01-21,EU,publisher
3609,8,1540,2022-01-21,WW,developer
3609,8,1540,2022-01-21,EU,publisher
3610,4,525,2020-07-10,WW,developer
3610,4,525,2020-07-10,EU,publisher
3610,8,525,2020-07-10,WW,developer
3610,8,525,2020-07-10,EU,publisher
3611,4,1457,2021-07-08,EU,publisher
3612,4,1610,2023-01-27,WW,developer
3612,4,1582,2023-01-27,EU,publisher
3612,106,1610,2023-01-27,WW,developer
3612,106,1582,2023-01-27,EU,publisher
3613,4,1463,2021-08-26,WW,developer
3613,4,1463,2021-08-26,NA,publisher
3613,4,1489,2021-08-26,NA,publisher
3613,106,1463,2021-08-26,WW,developer
3613,106,1463,2021-08-26,NA,publisher
3613,106,1489,2021-08-26,NA,publisher
3613,8,1463,2021-08-26,WW,developer
3613,8,1463,2021-08-26,NA,publisher
3613,8,1489,2021-08-26,NA,publisher
3614,106,1545,2020-03-25,WW,developer
3614,106,1220,2020-03-25,JP,publisher
3614,4,1545,2020-03-25,WW,developer
3614,4,1220,2020-03-25,JP,publisher
3616,4,13,2016-11-01,WW,developer
3616,4,380,2016-11-01,WW,developer
3616,20,13,2016-11-01,WW,developer
3616,20,380,2016-11-01,WW,developer
3616,8,13,2016-11-01,WW,developer
3616,8,380,2016-11-01,WW,developer
3617,8,412,2020-04-23,EU,publisher
3617,4,412,2020-04-23,EU,publisher
3618,8,1437,2021-03-30,WW,developer
3618,8,446,2021-03-30,EU,publisher
3618,4,1437,2021-03-30,WW,developer
3618,4,446,2021-03-30,EU,publisher
3619,4,1464,2021-08-04,WW,developer
3619,4,446,2021-08-04,EU,publisher
3622,4,971,2020-06-16,WW,developer
3622,4,363,2020-06-16,JP,publisher
3623,4,1495,2020-01-01,WW,developer
3623,4,1495,2020-01-01,EU,publisher
3624,4,1613,2023-02-17,WW,developer
3625,106,961,2021-03-09,WW,developer
3625,106,1113,2021-03-09,WW,developer
3625,106,1363,2021-03-09,WW,developer
3625,106,42,2021-03-09,NA,publisher
3625,4,961,2021-03-09,WW,developer
3625,4,1113,2021-03-09,WW,developer
3625,4,1363,2021-03-09,WW,developer
3625,4,42,2021-03-09,NA,publisher
3627,8,1459,2024-03-14,WW,developer
3627,8,1460,2024-03-14,NA,publisher
3627,4,1459,2024-03-14,WW,developer
3627,4,1460,2024-03-14,NA,publisher
3627,109,1459,2024-03-14,WW,developer
3627,109,1460,2024-03-14,NA,publisher
3607,4,1467,2024-05-20,WW,developer
3607,4,1467,2024-05-20,EU,publisher
3624,106,1613,2023-02-17,WW,developer
3608,8,1265,2023-08-16,WW,developer
3608,8,1265,2023-08-16,EU,publisher
3642,8,1212,2024-02-27,WW,developer
3642,8,71,2024-02-27,NA,publisher
3642,4,1212,2024-02-27,WW,developer
3642,4,71,2024-02-27,NA,publisher
3644,33,708,2020-03-12,WW,developer
3644,33,1406,2020-03-12,WW,developer
3644,33,659,2020-03-12,NA,publisher
3644,33,708,2020-03-12,JP,publisher
3645,33,528,2020-07-22,WW,developer
3645,33,528,2020-07-22,JP,publisher
3645,4,528,2020-07-22,WW,developer
3645,4,528,2020-07-22,JP,publisher
3647,4,1046,2020-10-14,WW,developer
3647,4,442,2020-10-14,NA,publisher
3649,33,422,2023-01-19,JP,publisher
3649,106,422,2023-01-19,JP,publisher
3649,4,422,2023-01-19,JP,publisher
3652,4,1598,2022-06-24,WW,developer
3652,4,1598,2022-06-24,NA,publisher
3652,8,1598,2022-06-24,WW,developer
3652,8,1598,2022-06-24,NA,publisher
3652,106,1598,2022-06-24,WW,developer
3652,106,1598,2022-06-24,NA,publisher
3653,8,1564,2020-11-09,NA,publisher
3653,4,1564,2020-11-09,NA,publisher
3655,4,1047,2023-01-31,WW,developer
3655,4,1122,2023-01-31,WW,developer
3655,4,1266,2023-01-31,WW,developer
3655,4,13,2023-01-31,NA,publisher
3655,106,1047,2023-01-31,WW,developer
3655,106,1122,2023-01-31,WW,developer
3655,106,1266,2023-01-31,WW,developer
3655,106,13,2023-01-31,NA,publisher
3656,4,1047,2020-10-15,WW,developer
3656,4,1266,2020-10-15,WW,developer
3656,4,13,2020-10-15,NA,publisher
3657,4,556,2022-01-01,WW,developer
3657,4,556,2022-01-01,EU,publisher
3657,8,556,2022-01-01,WW,developer
3657,8,556,2022-01-01,EU,publisher
3657,106,556,2022-01-01,WW,developer
3657,106,556,2022-01-01,EU,publisher
3658,4,556,2021-07-08,WW,developer
3658,4,556,2021-07-08,EU,publisher
3659,4,1651,2021-05-20,WW,developer
3659,4,528,2021-05-20,JP,publisher
3659,4,1127,2021-05-20,NA,publisher
3660,4,1240,2024-10-01,WW,developer
3660,4,11,2024-10-01,NA,publisher
3660,106,1240,2024-10-01,WW,developer
3660,106,11,2024-10-01,NA,publisher
3661,4,1486,2022-02-11,EU,publisher
3661,8,1486,2022-02-11,EU,publisher
3661,106,1486,2022-02-11,EU,publisher
3663,8,1368,2023-02-02,WW,developer
3663,4,1368,2023-02-02,WW,developer
3663,106,1368,2023-02-02,WW,developer
3655,8,1047,2023-01-31,WW,developer
3655,8,1122,2023-01-31,WW,developer
3655,8,1266,2023-01-31,WW,developer
3655,8,13,2023-01-31,NA,publisher
3664,4,1465,2020-04-03,WW,developer
3664,4,1465,2020-04-03,EU,publisher
3664,4,1537,2020-04-03,EU,publisher
3664,4,1572,2020-04-03,EU,publisher
3665,4,1466,2020-04-21,WW,developer
3665,4,931,2020-04-21,NA,publisher
3668,4,400,2021-09-10,WW,developer
3668,4,400,2021-09-10,JP,publisher
3668,106,400,2021-09-10,WW,developer
3668,106,400,2021-09-10,JP,publisher
3669,8,534,2022-04-05,WW,developer
3669,8,599,2022-04-05,NA,publisher
3669,106,534,2022-04-05,WW,developer
3669,106,599,2022-04-05,NA,publisher
3669,4,534,2022-04-05,WW,developer
3669,4,599,2022-04-05,NA,publisher
3670,4,162,2020-10-29,WW,developer
3670,4,195,2020-10-29,WW,developer
3670,4,330,2020-10-29,WW,developer
3670,106,162,2020-10-29,WW,developer
3670,106,195,2020-10-29,WW,developer
3670,106,330,2020-10-29,WW,developer
3672,4,805,2020-12-03,WW,developer
3672,106,805,2020-12-03,WW,developer
3675,106,396,2022-10-14,WW,developer
3675,106,528,2022-10-14,JP,publisher
3675,4,396,2022-10-14,WW,developer
3675,4,528,2022-10-14,JP,publisher
3676,4,1470,2021-12-02,WW,developer
3677,4,556,2020-02-04,WW,developer
3677,4,556,2020-02-04,EU,publisher
3679,4,605,2021-02-04,WW,developer
3679,4,284,2021-02-04,EU,publisher
3682,4,715,2021-07-29,WW,developer
3682,4,715,2021-07-29,JP,publisher
3683,4,1245,2022-03-04,WW,developer
3683,4,1486,2022-03-04,EU,publisher
3683,106,1245,2022-03-04,WW,developer
3683,106,1486,2022-03-04,EU,publisher
3683,8,1245,2022-03-04,WW,developer
3683,8,1486,2022-03-04,EU,publisher
3684,8,1268,2020-12-01,WW,developer
3684,8,66,2020-12-01,EU,publisher
3684,4,1268,2020-12-01,WW,developer
3684,4,66,2020-12-01,EU,publisher
3686,8,1506,2020-10-16,WW,developer
3686,8,501,2020-10-16,EU,publisher
3686,4,1506,2020-10-16,WW,developer
3686,4,501,2020-10-16,EU,publisher
3687,4,60,2020-07-28,WW,developer
3687,4,458,2020-07-28,EU,publisher
3682,106,715,2021-07-29,WW,developer
3682,106,715,2021-07-29,JP,publisher
3688,4,1315,2023-09-20,WW,developer
3688,4,1315,2023-09-20,EU,publisher
3689,4,1478,2022-01-27,WW,developer
3689,4,202,2022-01-27,EU,publisher
3689,8,1478,2022-01-27,WW,developer
3689,8,202,2022-01-27,EU,publisher
3690,4,1161,2021-04-30,WW,developer
3690,4,201,2021-04-30,JP,publisher
3691,4,1504,2020-10-13,WW,developer
3691,4,1489,2020-10-13,NA,publisher
3693,4,520,2020-03-24,WW,developer
3693,4,520,2020-03-24,EU,publisher
3694,4,1176,2021-02-04,WW,developer
3694,4,1176,2021-02-04,EU,publisher
3695,4,1546,2024-06-20,WW,developer
3695,4,1546,2024-06-20,EU,publisher
3695,4,1661,2024-06-20,NA,publisher
3696,4,1092,2020-11-06,WW,developer
3696,4,1092,2020-11-06,JP,publisher
3696,4,1488,2020-11-06,JP,publisher
3697,4,1468,2020-06-23,WW,developer
3697,4,458,2020-06-23,EU,publisher
3698,4,1023,2023-04-12,WW,developer
3698,4,231,2023-04-12,NA,publisher
3698,106,1023,2023-04-12,WW,developer
3698,106,231,2023-04-12,NA,publisher
3699,4,398,2020-08-28,WW,developer
3699,4,400,2020-08-28,JP,publisher
3700,4,1190,2023-01-11,WW,developer
3700,4,1190,2023-01-11,EU,publisher
3700,106,1190,2023-01-11,WW,developer
3700,106,1190,2023-01-11,EU,publisher
3701,8,1516,2020-10-16,WW,developer
3701,8,764,2020-10-16,EU,publisher
3701,8,1408,2020-10-16,NA,publisher
3701,4,1516,2020-10-16,WW,developer
3701,4,764,2020-10-16,EU,publisher
3701,4,1408,2020-10-16,NA,publisher
3703,8,1590,2022-01-18,WW,developer
3703,8,1590,2022-01-18,EU,publisher
3703,4,1590,2022-01-18,WW,developer
3703,4,1590,2022-01-18,EU,publisher
3704,4,1462,2020-03-24,WW,developer
3704,4,1462,2020-03-24,EU,publisher
3704,4,1562,2020-03-24,EU,publisher
3706,4,1631,2021-10-22,WW,developer
3706,4,1631,2021-10-22,EU,publisher
3706,8,1631,2021-10-22,WW,developer
3706,8,1631,2021-10-22,EU,publisher
3706,106,1631,2021-10-22,WW,developer
3706,106,1631,2021-10-22,EU,publisher
3708,4,1486,2021-10-29,EU,publisher
3708,106,1486,2021-10-29,EU,publisher
3708,8,1486,2021-10-29,EU,publisher
3709,8,1596,2022-11-16,WW,developer
3709,8,1596,2022-11-16,EU,publisher
3709,4,1596,2022-11-16,WW,developer
3709,4,1596,2022-11-16,EU,publisher
3709,106,1596,2022-11-16,WW,developer
3709,106,1596,2022-11-16,EU,publisher
3710,8,1553,2021-08-05,EU,publisher
3710,4,1553,2021-08-05,EU,publisher
3711,4,1393,2023-02-24,NA,publisher
3711,106,1393,2023-02-24,NA,publisher
3712,4,1233,2020-11-01,NA,publisher
3713,4,14,2021-08-24,WW,developer
3713,4,14,2021-08-24,EU,publisher
3713,4,182,2021-08-24,EU,publisher
3714,8,693,2020-01-01,WW,developer
3714,8,1475,2020-01-01,EU,publisher
3714,4,693,2020-01-01,WW,developer
3714,4,1475,2020-01-01,EU,publisher
3715,4,1234,2021-03-02,WW,developer
3715,106,1234,2021-03-02,WW,developer
3716,4,1476,2020-08-25,WW,developer
3716,4,1032,2020-08-25,EU,publisher
3717,4,569,2021-09-30,WW,developer
3717,4,953,2021-09-30,EU,publisher
3719,4,8,2020-04-03,WW,developer
3720,8,1595,2022-05-13,EU,publisher
3720,4,1595,2022-05-13,EU,publisher
3720,106,1595,2022-05-13,EU,publisher
3721,106,133,2020-01-01,WW,developer
3721,106,171,2020-01-01,NA,publisher
3721,4,133,2020-01-01,WW,developer
3721,4,171,2020-01-01,NA,publisher
3722,4,715,2020-01-16,WW,developer
3722,4,400,2020-01-16,JP,publisher
3723,106,56,2024-09-26,WW,developer
3723,106,1473,2024-09-26,WW,developer
3723,106,56,2024-09-26,JP,publisher
3723,4,56,2024-09-26,WW,developer
3723,4,1473,2024-09-26,WW,developer
3723,4,56,2024-09-26,JP,publisher
3724,4,680,2021-02-05,WW,developer
3724,4,11,2021-02-05,NA,publisher
3725,106,1584,2021-01-26,WW,developer
3725,106,1392,2021-01-26,EU,publisher
3725,4,1584,2021-01-26,WW,developer
3725,4,1392,2021-01-26,EU,publisher
3725,8,1584,2021-01-26,WW,developer
3725,8,1392,2021-01-26,EU,publisher
3726,94,1306,2024-12-05,NA,publisher
3726,8,1306,2024-12-05,NA,publisher
3726,4,1306,2024-12-05,NA,publisher
3727,4,1607,2020-05-29,WW,developer
3727,4,1457,2020-05-29,EU,publisher
3727,4,1625,2020-05-29,EU,publisher
3727,106,1607,2020-05-29,WW,developer
3727,106,1457,2020-05-29,EU,publisher
3727,106,1625,2020-05-29,EU,publisher
3728,4,1392,2023-02-10,EU,publisher
3728,8,1392,2023-02-10,EU,publisher
3728,106,1392,2023-02-10,EU,publisher
3729,8,1599,2022-09-29,WW,developer
3729,8,1543,2022-09-29,EU,publisher
3729,106,1599,2022-09-29,WW,developer
3729,106,1543,2022-09-29,EU,publisher
3729,4,1599,2022-09-29,WW,developer
3729,4,1543,2022-09-29,EU,publisher
3730,4,1642,2021-11-26,WW,developer
3730,4,1272,2021-11-26,NA,publisher
3730,4,1632,2021-11-26,EU,publisher
3730,106,1642,2021-11-26,WW,developer
3730,106,1272,2021-11-26,NA,publisher
3730,106,1632,2021-11-26,EU,publisher
3730,8,1642,2021-11-26,WW,developer
3730,8,1272,2021-11-26,NA,publisher
3730,8,1632,2021-11-26,EU,publisher
3732,8,1535,2020-08-13,WW,developer
3732,8,1371,2020-08-13,EU,publisher
3732,8,1535,2020-08-13,EU,publisher
3732,4,1535,2020-08-13,WW,developer
3732,4,1371,2020-08-13,EU,publisher
3732,4,1535,2020-08-13,EU,publisher
3734,4,1505,2020-10-15,WW,developer
3734,4,1505,2020-10-15,EU,publisher
3735,4,278,2020-01-16,WW,developer
3735,4,481,2020-01-16,JP,publisher
3736,4,696,2021-07-27,WW,developer
3736,4,13,2021-07-27,NA,publisher
3736,106,696,2021-07-27,WW,developer
3736,106,13,2021-07-27,NA,publisher
3737,4,132,2021-09-02,WW,developer
3737,4,198,2021-09-02,WW,developer
3737,8,132,2021-09-02,WW,developer
3737,8,198,2021-09-02,WW,developer
3738,4,400,2022-09-29,WW,developer
3738,4,400,2022-09-29,JP,publisher
3739,4,420,2021-01-01,WW,developer
3739,4,420,2021-01-01,JP,publisher
3740,4,1482,2023-12-06,WW,developer
3740,4,1474,2023-12-06,NA,publisher
3741,4,400,2020-10-30,JP,publisher
3742,106,1552,2022-02-10,WW,developer
3742,106,1475,2022-02-10,EU,publisher
3742,4,1552,2022-02-10,WW,developer
3742,4,1475,2022-02-10,EU,publisher
3743,106,988,2022-06-29,NA,publisher
3743,4,988,2022-06-29,NA,publisher
3744,4,161,2022-04-20,WW,developer
3744,4,161,2022-04-20,NA,publisher
3745,4,1338,2021-11-16,WW,developer
3745,4,66,2021-11-16,EU,publisher
3746,4,1435,2023-05-30,WW,developer
3746,4,284,2023-05-30,EU,publisher
3746,106,1435,2023-05-30,WW,developer
3746,106,284,2023-05-30,EU,publisher
3747,4,803,2022-03-29,WW,developer
3747,4,1594,2022-03-29,WW,developer
3747,4,66,2022-03-29,EU,publisher
3747,106,803,2022-03-29,WW,developer
3747,106,1594,2022-03-29,WW,developer
3747,106,66,2022-03-29,EU,publisher
3747,8,803,2022-03-29,WW,developer
3747,8,1594,2022-03-29,WW,developer
3747,8,66,2022-03-29,EU,publisher
3749,4,45,2023-06-06,WW,developer
3749,4,125,2023-06-06,NA,publisher
3749,106,45,2023-06-06,WW,developer
3749,106,125,2023-06-06,NA,publisher
3750,4,1050,2023-09-20,WW,developer
3750,4,1050,2023-09-20,EU,publisher
3750,8,1050,2023-09-20,WW,developer
3750,8,1050,2023-09-20,EU,publisher
3751,4,733,2021-02-23,WW,developer
3752,4,809,2022-03-22,WW,developer
3752,4,809,2022-03-22,NA,publisher
3753,4,1106,2024-06-13,WW,developer
3753,4,1106,2024-06-13,NA,publisher
3754,4,1306,2021-08-11,WW,developer
3754,4,1306,2021-08-11,NA,publisher
3754,106,1306,2021-08-11,WW,developer
3754,106,1306,2021-08-11,NA,publisher
3755,106,1611,2022-09-02,WW,developer
3755,106,369,2022-09-02,EU,publisher
3755,106,400,2022-09-02,JP,publisher
3755,8,1611,2022-09-02,WW,developer
3755,8,369,2022-09-02,EU,publisher
3755,8,400,2022-09-02,JP,publisher
3755,4,1611,2022-09-02,WW,developer
3755,4,369,2022-09-02,EU,publisher
3755,4,400,2022-09-02,JP,publisher
3756,8,1541,2021-06-22,WW,developer
3756,8,369,2021-06-22,EU,publisher
3756,106,1541,2021-06-22,WW,developer
3756,106,369,2021-06-22,EU,publisher
3756,4,1541,2021-06-22,WW,developer
3756,4,369,2021-06-22,EU,publisher
3752,8,809,2022-03-22,WW,developer
3752,8,809,2022-03-22,NA,publisher
3779,4,1549,2024-03-28,WW,developer
3779,4,1233,2024-03-28,NA,publisher
3779,4,1549,2024-03-28,JP,publisher
3780,4,1086,2021-07-21,WW,developer
3780,4,1086,2021-07-21,JP,publisher
3780,4,1608,2021-07-21,JP,publisher
3758,4,1279,2021-07-20,WW,developer
3758,4,1279,2021-07-20,EU,publisher
3758,8,1279,2019-10-07,WW,developer
3758,8,1279,2019-10-07,EU,publisher
3759,4,1676,2024-07-16,WW,developer
3759,4,1551,2024-07-16,EU,publisher
3759,4,1676,2024-07-16,EU,publisher
3759,106,1676,2024-07-16,WW,developer
3759,106,1551,2024-07-16,EU,publisher
3759,106,1676,2024-07-16,EU,publisher
3760,8,1439,2024-03-07,WW,developer
3760,8,1439,2024-03-07,NA,publisher
3760,4,1439,2024-03-07,WW,developer
3760,4,1439,2024-03-07,NA,publisher
3761,106,1204,2024-03-05,WW,developer
3761,106,1204,2024-03-05,NA,publisher
3761,4,1204,2024-03-05,WW,developer
3761,4,1204,2024-03-05,NA,publisher
3762,106,1603,2022-09-06,WW,developer
3762,106,79,2022-09-06,NA,publisher
3762,4,1603,2022-09-06,WW,developer
3762,4,79,2022-09-06,NA,publisher
3763,4,1646,2021-02-26,WW,developer
3763,4,6,2021-02-26,JP,publisher
3763,4,56,2021-02-26,JP,publisher
3764,4,1539,2023-07-07,NA,publisher
3765,106,1078,2022-02-10,WW,developer
3765,106,13,2022-02-10,NA,publisher
3765,106,1078,2022-02-10,EU,publisher
3766,4,1528,2024-09-19,JP,publisher
3767,4,1492,2021-06-03,WW,developer
3767,4,1492,2021-06-03,EU,publisher
3767,8,1492,2021-06-03,WW,developer
3767,8,1492,2021-06-03,EU,publisher
3767,106,1492,2021-06-03,WW,developer
3767,106,1492,2021-06-03,EU,publisher
3769,4,1221,2021-10-14,WW,developer
3769,4,400,2021-10-14,JP,publisher
3770,8,1442,2021-05-27,WW,developer
3770,8,79,2021-05-27,NA,publisher
3770,8,1564,2021-05-27,NA,publisher
3770,4,1442,2021-05-27,WW,developer
3770,4,79,2021-05-27,NA,publisher
3770,4,1564,2021-05-27,NA,publisher
3771,106,995,2023-09-21,WW,developer
3771,106,593,2023-09-21,EU,publisher
3771,4,995,2023-09-21,WW,developer
3771,4,593,2023-09-21,EU,publisher
3772,8,1443,2022-03-16,WW,developer
3772,8,1582,2022-03-16,EU,publisher
3772,4,1443,2022-03-16,WW,developer
3772,4,1582,2022-03-16,EU,publisher
3772,106,1443,2022-03-16,WW,developer
3772,106,1582,2022-03-16,EU,publisher
3773,8,1647,2021-08-10,WW,developer
3773,8,1638,2021-08-10,EU,publisher
3773,4,1647,2021-08-10,WW,developer
3773,4,1638,2021-08-10,EU,publisher
3774,4,1491,2023-07-31,WW,developer
3774,4,1491,2023-07-31,EU,publisher
3774,8,1491,2023-07-31,WW,developer
3774,8,1491,2023-07-31,EU,publisher
3775,4,1425,2021-06-22,WW,developer
3775,4,385,2021-06-22,NA,publisher
3775,106,1425,2021-06-22,WW,developer
3775,106,385,2021-06-22,NA,publisher
3776,4,1186,2022-06-21,WW,developer
3776,106,1186,2022-06-21,WW,developer
3777,4,542,2023-03-07,WW,developer
3777,4,400,2023-03-07,JP,publisher
3777,4,542,2023-03-07,JP,publisher
3777,106,542,2023-03-07,WW,developer
3777,106,400,2023-03-07,JP,publisher
3777,106,542,2023-03-07,JP,publisher
3781,4,380,2017-08-08,WW,developer
3781,4,51,2017-08-08,EU,publisher
3782,4,1534,2023-03-15,WW,developer
3782,4,1534,2023-03-15,EU,publisher
3782,106,1534,2023-03-15,WW,developer
3782,106,1534,2023-03-15,EU,publisher
3783,106,521,2021-02-02,WW,developer
3783,106,56,2021-02-02,JP,publisher
3783,4,521,2021-02-02,WW,developer
3783,4,56,2021-02-02,JP,publisher
3784,4,1341,2023-03-28,WW,developer
3784,4,931,2023-03-28,NA,publisher
3784,8,1341,2023-03-28,WW,developer
3784,8,931,2023-03-28,NA,publisher
3785,4,1583,2021-12-02,WW,developer
3785,4,1583,2021-12-02,JP,publisher
3785,66,1583,2021-12-02,WW,developer
3785,66,1583,2021-12-02,JP,publisher
3786,4,1401,2021-08-27,WW,developer
3786,4,1401,2021-08-27,EU,publisher
3786,8,1401,2021-08-27,WW,developer
3786,8,1401,2021-08-27,EU,publisher
3787,4,1640,2021-08-06,WW,developer
3787,4,1361,2021-08-06,EU,publisher
3789,4,708,2021-03-29,JP,publisher
3789,4,1619,2021-03-29,NA,publisher
3790,4,1151,2024-05-30,WW,developer
3790,4,1151,2024-05-30,EU,publisher
3791,4,1422,2023-03-02,EU,publisher
3791,4,1562,2023-03-02,EU,publisher
3791,4,1543,2023-03-02,EU,publisher
3791,8,1422,2023-03-02,EU,publisher
3791,8,1562,2023-03-02,EU,publisher
3791,8,1543,2023-03-02,EU,publisher
3791,106,1422,2023-03-02,EU,publisher
3791,106,1562,2023-03-02,EU,publisher
3791,106,1543,2023-03-02,EU,publisher
3792,4,1330,2021-02-23,WW,developer
3793,106,133,2021-07-23,WW,developer
3793,106,1412,2021-07-23,WW,developer
3793,106,133,2021-07-23,EU,publisher
3793,4,133,2021-07-23,WW,developer
3793,4,1412,2021-07-23,WW,developer
3793,4,133,2021-07-23,EU,publisher
3794,4,1679,2023-05-10,WW,developer
3794,4,1489,2023-05-10,NA,publisher
3794,106,1679,2023-05-10,WW,developer
3794,106,1489,2023-05-10,NA,publisher
3795,4,412,2023-05-25,WW,developer
3795,4,284,2023-05-25,EU,publisher
3795,4,412,2023-05-25,EU,publisher
3795,4,978,2023-05-25,NA,publisher
3795,106,412,2023-05-25,WW,developer
3795,106,284,2023-05-25,EU,publisher
3795,106,412,2023-05-25,EU,publisher
3795,106,978,2023-05-25,NA,publisher
3797,4,391,2023-07-26,WW,developer
3797,4,11,2023-07-26,NA,publisher
3798,4,1616,2023-08-29,WW,developer
3799,106,1653,2024-11-19,WW,developer
3799,8,1653,2024-11-19,WW,developer
3799,4,1653,2024-11-19,WW,developer
3800,33,1539,2023-03-14,NA,publisher
3800,4,1539,2023-03-14,NA,publisher
3800,23,1539,2023-03-14,NA,publisher
3815,4,1658,2023-09-20,WW,developer
3815,4,1659,2023-09-20,EU,publisher
3815,106,1658,2023-09-20,WW,developer
3815,106,1659,2023-09-20,EU,publisher
3817,4,1264,2023-05-08,WW,developer
3817,4,1264,2023-05-08,NA,publisher
3818,4,1223,2024-03-28,WW,developer
3818,106,1223,2024-03-28,WW,developer
3819,4,1511,2024-11-28,WW,developer
3819,4,1283,2024-11-28,EU,publisher
3820,4,1153,2023-08-30,WW,developer
3820,4,1153,2023-08-30,JP,publisher
3821,8,703,2023-05-03,WW,developer
3821,8,703,2023-05-03,NA,publisher
3821,4,703,2023-05-03,WW,developer
3821,4,703,2023-05-03,NA,publisher
3821,106,703,2023-05-03,WW,developer
3821,106,703,2023-05-03,NA,publisher
3822,4,631,2023-04-20,WW,developer
3822,4,542,2023-04-20,WW,developer
3822,4,1075,2023-04-20,WW,developer
3822,4,186,2023-04-20,JP,publisher
3823,4,1513,2023-07-19,WW,developer
3823,4,1395,2023-07-19,EU,publisher
3823,4,1513,2023-07-19,EU,publisher
3824,8,1514,2023-05-31,WW,developer
3824,8,1514,2023-05-31,EU,publisher
3824,4,1514,2023-05-31,WW,developer
3824,4,1514,2023-05-31,EU,publisher
3825,4,42,2024-10-31,NA,publisher
3825,106,42,2024-10-31,NA,publisher
3828,4,1570,2024-06-04,WW,developer
3828,4,267,2024-06-04,EU,publisher
3828,8,1570,2024-06-04,WW,developer
3828,8,267,2024-06-04,EU,publisher
3829,8,1359,2023-08-14,WW,developer
3829,8,79,2023-08-14,NA,publisher
3829,8,1564,2023-08-14,NA,publisher
3802,4,1196,2023-11-30,EU,publisher
3804,4,596,2024-02-02,WW,developer
3804,4,599,2024-02-02,NA,publisher
3804,106,596,2024-02-02,WW,developer
3804,106,599,2024-02-02,NA,publisher
3806,106,1500,2023-08-18,WW,developer
3806,106,1500,2023-08-18,EU,publisher
3806,4,1500,2023-08-18,WW,developer
3806,4,1500,2023-08-18,EU,publisher
3808,4,1347,2023-10-25,WW,developer
3808,4,1553,2023-10-25,WW,developer
3808,4,161,2023-10-25,NA,publisher
3808,4,1553,2023-10-25,EU,publisher
3809,4,1212,2024-01-23,WW,developer
3809,4,14,2024-01-23,EU,publisher
3809,4,71,2024-01-23,NA,publisher
3809,106,1212,2024-01-23,WW,developer
3809,106,14,2024-01-23,EU,publisher
3809,106,71,2024-01-23,NA,publisher
3810,4,56,2023-06-22,WW,developer
3810,4,56,2023-06-22,JP,publisher
3811,4,8,2023-01-20,WW,developer
3811,4,8,2023-01-20,JP,publisher
3811,106,8,2023-01-20,WW,developer
3811,106,8,2023-01-20,JP,publisher
3812,4,1502,2024-01-25,WW,developer
3812,4,1502,2024-01-25,NA,publisher
3813,106,605,2023-02-23,WW,developer
3813,106,284,2023-02-23,EU,publisher
3813,4,605,2023-02-23,WW,developer
3813,4,284,2023-02-23,EU,publisher
3814,4,1320,2023-04-19,WW,developer
3814,4,1489,2023-04-19,NA,publisher
3803,8,1542,2024-09-04,WW,developer
3803,8,1542,2024-09-04,NA,publisher
3803,4,1542,2024-09-04,WW,developer
3803,4,1542,2024-09-04,NA,publisher
3829,4,1359,2023-08-14,WW,developer
3829,4,79,2023-08-14,NA,publisher
3829,4,1564,2023-08-14,NA,publisher
3829,106,1359,2023-08-14,WW,developer
3829,106,79,2023-08-14,NA,publisher
3829,106,1564,2023-08-14,NA,publisher
3830,4,1571,2024-06-10,WW,developer
3830,4,644,2024-06-10,EU,publisher
3830,8,1571,2024-06-10,WW,developer
3830,8,644,2024-06-10,EU,publisher
3831,8,1520,2024-04-19,WW,developer
3831,8,1520,2024-04-19,EU,publisher
3832,4,1521,2023-03-29,WW,developer
3832,4,1369,2023-03-29,EU,publisher
3832,4,1564,2023-03-29,NA,publisher
3832,8,1521,2023-03-29,WW,developer
3832,8,1369,2023-03-29,EU,publisher
3832,8,1564,2023-03-29,NA,publisher
3833,4,1600,2023-08-03,WW,developer
3833,4,186,2023-08-03,JP,publisher
3833,4,1394,2023-08-03,EU,publisher
3834,106,1522,2024-05-20,WW,developer
3834,106,1524,2024-05-20,WW,developer
3834,106,1456,2024-05-20,EU,publisher
3834,106,1524,2024-05-20,EU,publisher
3835,8,1628,2023-03-01,WW,developer
3835,8,1628,2023-03-01,EU,publisher
3835,106,1628,2023-03-01,WW,developer
3835,106,1628,2023-03-01,EU,publisher
3835,4,1628,2023-03-01,WW,developer
3835,4,1628,2023-03-01,EU,publisher
3836,106,400,2024-01-26,WW,developer
3836,106,1165,2024-01-26,WW,developer
3836,106,400,2024-01-26,JP,publisher
3836,4,400,2024-01-26,WW,developer
3836,4,1165,2024-01-26,WW,developer
3836,4,400,2024-01-26,JP,publisher
3838,8,1569,2023-04-04,WW,developer
3838,8,931,2023-04-04,NA,publisher
3838,4,1569,2023-04-04,WW,developer
3838,4,931,2023-04-04,NA,publisher
3838,106,1569,2023-04-04,WW,developer
3838,106,931,2023-04-04,NA,publisher
3840,4,1527,2023-09-07,WW,developer
3840,4,56,2023-09-07,JP,publisher
3842,6,73,2015-12-17,WW,developer
3842,6,380,2015-12-17,WW,developer
3842,33,73,2015-12-17,WW,developer
3842,33,380,2015-12-17,WW,developer
3842,16,73,2015-12-17,WW,developer
3842,16,380,2015-12-17,WW,developer
3845,4,748,2024-06-04,WW,developer
3845,4,1216,2024-06-04,WW,developer
3845,4,63,2024-06-04,NA,publisher
3845,4,101,2024-06-04,NA,publisher
3846,106,1662,2023-04-28,WW,developer
3846,106,267,2023-04-28,EU,publisher
3846,4,1662,2023-04-28,WW,developer
3846,4,267,2023-04-28,EU,publisher
3847,4,1538,2023-08-17,WW,developer
3847,4,1538,2023-08-17,EU,publisher
3848,106,501,2023-05-05,EU,publisher
3848,106,1606,2023-05-05,EU,publisher
3848,4,501,2023-05-05,EU,publisher
3848,4,1606,2023-05-05,EU,publisher
3849,4,1311,2023-07-12,WW,developer
3830,106,1571,2024-06-10,WW,developer
3830,106,644,2024-06-10,EU,publisher
3831,4,1520,2024-04-19,WW,developer
3831,4,1520,2024-04-19,EU,publisher
3834,4,1522,2024-05-20,WW,developer
3834,4,1524,2024-05-20,WW,developer
3834,4,1456,2024-05-20,EU,publisher
3834,4,1524,2024-05-20,EU,publisher
3876,106,1586,2024-06-27,EU,publisher
3876,4,1586,2024-06-27,EU,publisher
3877,4,608,2024-05-15,WW,developer
3877,4,1417,2024-05-15,EU,publisher
3878,4,764,2024-10-17,WW,developer
3878,4,764,2024-10-17,EU,publisher
3878,106,764,2024-10-17,WW,developer
3878,106,764,2024-10-17,EU,publisher
3879,4,1645,2024-11-08,WW,developer
3880,4,1644,2024-02-20,WW,developer
3880,4,1644,2024-02-20,NA,publisher
3881,106,1587,2024-04-16,WW,developer
3881,106,1440,2024-04-16,EU,publisher
3881,4,1587,2024-04-16,WW,developer
3881,4,1440,2024-04-16,EU,publisher
3882,4,1427,2024-09-05,WW,developer
3882,4,1427,2024-09-05,JP,publisher
3883,4,1643,2024-02-09,WW,developer
3883,4,1643,2024-02-09,EU,publisher
3883,106,1643,2024-02-09,WW,developer
3883,106,1643,2024-02-09,EU,publisher
3884,4,56,2024-09-26,WW,developer
3884,4,56,2024-09-26,JP,publisher
3884,106,56,2024-09-26,WW,developer
3884,106,56,2024-09-26,JP,publisher
3886,4,1593,2024-10-04,WW,developer
3886,4,1593,2024-10-04,EU,publisher
3887,4,421,2024-02-22,WW,developer
3887,4,426,2024-02-22,JP,publisher
3888,4,421,2024-12-05,WW,developer
3888,4,426,2024-12-05,JP,publisher
3889,4,1154,2024-10-23,WW,developer
3889,4,1154,2024-10-23,JP,publisher
3890,106,380,2023-04-18,WW,developer
3890,106,1302,2023-04-18,WW,developer
3890,106,13,2023-04-18,NA,publisher
3890,4,380,2023-04-18,WW,developer
3890,4,1302,2023-04-18,WW,developer
3890,4,13,2023-04-18,NA,publisher
3851,106,1609,2023-01-06,WW,developer
3851,106,1609,2023-01-06,NA,publisher
3851,4,1609,2023-01-06,WW,developer
3851,4,1609,2023-01-06,NA,publisher
3852,4,1484,2023-01-20,EU,publisher
3852,106,1484,2023-01-20,EU,publisher
3854,4,1626,2024-04-10,WW,developer
3854,4,446,2024-04-10,EU,publisher
3855,4,1624,2024-10-22,WW,developer
3855,4,1371,2024-10-22,EU,publisher
3855,4,1624,2024-10-22,NA,publisher
3855,8,1624,2024-10-22,WW,developer
3855,8,1371,2024-10-22,EU,publisher
3855,8,1624,2024-10-22,NA,publisher
3855,106,1624,2024-10-22,WW,developer
3855,106,1371,2024-10-22,EU,publisher
3855,106,1624,2024-10-22,NA,publisher
3856,106,1312,2024-06-11,WW,developer
3856,106,1312,2024-06-11,NA,publisher
3856,4,1312,2024-06-11,WW,developer
3856,4,1312,2024-06-11,NA,publisher
3857,8,11,2024-01-30,NA,publisher
3857,4,11,2024-01-30,NA,publisher
3859,4,1576,2014-07-26,WW,developer
3859,4,1576,2014-07-26,EU,publisher
3860,4,1169,2024-05-16,WW,developer
3860,4,11,2024-05-16,NA,publisher
3861,106,1577,2024-01-25,WW,developer
3861,106,931,2024-01-25,NA,publisher
3861,4,1577,2024-01-25,WW,developer
3861,4,931,2024-01-25,NA,publisher
3862,109,1601,2024-02-02,WW,developer
3862,109,1601,2024-02-02,EU,publisher
3862,8,1601,2024-02-02,WW,developer
3862,8,1601,2024-02-02,EU,publisher
3862,4,1601,2024-02-02,WW,developer
3862,4,1601,2024-02-02,EU,publisher
3864,106,1633,2024-04-11,WW,developer
3864,106,1557,2024-04-11,EU,publisher
3864,4,1633,2024-04-11,WW,developer
3864,4,1557,2024-04-11,EU,publisher
3865,4,1579,2024-01-11,WW,developer
3865,106,1579,2024-01-11,WW,developer
3867,106,1389,2024-02-15,WW,developer
3867,106,1389,2024-02-15,EU,publisher
3867,106,1623,2024-02-15,NA,publisher
3867,4,1389,2024-02-15,WW,developer
3867,4,1389,2024-02-15,EU,publisher
3867,4,1623,2024-02-15,NA,publisher
3868,106,1568,2024-03-15,WW,developer
3868,106,458,2024-03-15,EU,publisher
3868,4,1568,2024-03-15,WW,developer
3868,4,458,2024-03-15,EU,publisher
3869,4,1018,2024-03-14,WW,developer
3869,4,442,2024-03-14,NA,publisher
3870,55,1110,2024-03-14,WW,developer
3870,55,958,2024-03-14,JP,publisher
3870,55,1110,2024-03-14,JP,publisher
3870,55,1164,2024-03-14,JP,publisher
3871,4,421,2024-11-14,WW,developer
3871,4,738,2024-11-14,EU,publisher
3871,4,1394,2024-11-14,EU,publisher
3871,4,1444,2024-11-14,JP,publisher
3872,4,1655,2024-04-30,JP,publisher
3874,4,1635,2024-04-13,WW,developer
3874,4,1635,2024-04-13,JP,publisher
3875,4,599,2024-05-28,NA,publisher
3875,106,599,2024-05-28,NA,publisher
3856,37,1312,2024-06-11,WW,developer
3856,37,1312,2024-06-11,NA,publisher
3853,4,1160,2023-09-21,WW,developer
3853,4,1160,2023-09-21,JP,publisher
3855,19,1624,2024-10-22,WW,developer
3855,19,1371,2024-10-22,EU,publisher
3855,19,1624,2024-10-22,NA,publisher
3867,19,1389,2024-02-15,WW,developer
3867,19,1389,2024-02-15,EU,publisher
3867,19,1623,2024-02-15,NA,publisher
