id,title,users_score,age_rating,first_release_date,game_engine_id
1,Commandos 2: Men of Courage,85,12,2001-09-20,
2,Freedom Force vs the 3rd Reich,89,12,2005-03-08,
3,Heroes of Might and Magic V: Tribes of the East,84,16,2007-10-12,
4,Need for Speed: Shift,71,3,2009-09-15,
5,VVVVVV,76,3,2017-11-17,1
6,Super Mario Bros.,86,3,1985-01-01,
7,Uncharted 3: Drake's Deception,87,16,2011-11-01,
8,Uncharted: Drake's Fortune,81,16,2015-10-07,
9,Grand Theft Auto V,89,18,2022-03-15,
10,Spectromancer,73,16,2008-10-01,66
11,Half-Life 2: Episode One,88,16,2013-06-26,
12,Empire Earth,79,12,2001-11-12,21
13,Amnesia: The Dark Descent,73,18,2010-09-08,
14,Gunvalkyrie,93,12,2002-03-18,
15,MotorStorm: Arctic Edge,94,12,2009-09-17,
16,InFamous 2,83,16,2011-06-07,
17,Fire Emblem: New Mystery of the Emblem,73,0,2010-07-15,
18,XCOM: Enemy Unknown,84,18,2012-10-09,
19,DC Universe Online,59,12,2024-03-26,
20,Army Men: RTS,79,12,2002-03-28,46
21,Cossacks II: Napoleonic Wars,82,12,2005-04-15,
22,Cossacks: European Wars,84,12,2001-04-24,
23,Forza Motorsport 4,79,3,2011-10-11,
24,Spore Hero Arena,73,3,2009-10-08,
25,Age of Empires II: The Age of Kings,64,12,2002-02-14,
26,Age of Empires III,49,12,2009-04-28,
27,Age of Empires Online,71,12,2011-08-16,
28,Sonic the Hedgehog 2,86,3,2013-06-27,
29,Sonic the Hedgehog 2,86,7,2013-12-12,
30,Sonic the Hedgehog,71,3,2006-11-19,
31,Assassin's Creed III,75,18,2012-10-30,
32,Sonic & Knuckles,86,3,2010-02-12,
33,Sly Cooper and the Thievius Raccoonus,83,3,2014-05-27,
34,Nintendo Land,71,7,2012-11-18,
35,Animal Crossing: New Leaf,87,3,2012-11-08,
36,Curiosity – What's Inside the Cube?,80,12,2012-11-06,
37,The Elder Scrolls IV: Oblivion,87,16,2009-06-16,
38,The Neverhood,87,7,1996-10-31,
39,Star Wars: Rogue Squadron,75,12,1999-01-10,
40,Star Wars Rogue Squadron III: Rebel Strike,87,12,2003-10-15,
41,Star Wars Rogue Squadron II: Rogue Leader,75,12,2001-11-09,
42,Super Star Wars,78,7,2009-08-10,
43,Super Star Wars: The Empire Strikes Back,74,12,2009-08-24,
44,Super Star Wars: Return of the Jedi,85,12,2009-09-07,
45,Star Wars: Episode I – The Phantom Menace,85,12,2024-01-16,
46,Star Wars Episode I: Jedi Power Battles,86,12,2000-03-31,
47,Star Wars Episode I: Battle for Naboo,65,12,2000-12-18,
48,Star Wars Episode I: Obi-Wan's Adventures,70,7,2000-11-27,
49,Star Wars: Obi-Wan,74,12,2002-03-29,
50,Star Wars: Episode II – Attack of the Clones,72,16,2002-05-30,
51,Star Wars: The New Droid Army,62,12,2002-11-29,
52,Star Wars: Episode III – Revenge of the Sith,86,12,2005-05-05,
53,Star Wars: The Clone Wars – Lightsaber Duels,73,16,2008-11-11,
54,Star Wars: The Clone Wars – Jedi Alliance,85,7,2008-11-11,
55,Star Wars: The Clone Wars – Republic Heroes,61,12,2009-10-06,
56,Clone Wars Adventures,53,12,2010-09-15,
57,Star Wars Trilogy: Apprentice of the Force,57,3,2004-09-21,
58,Star Wars Battlefront: Renegade Squadron,88,16,2007-10-09,
59,Star Wars: Battlefront II,72,12,2005-10-31,46
60,Star Wars Battlefront: Elite Squadron,57,12,2009-11-03,
61,Lego Star Wars: The Complete Saga,82,3,2009-11-12,
62,Lego Star Wars: The Video Game,84,3,2005-03-29,
63,Star Wars Episode I: Racer,62,7,1999-05-19,
64,Star Wars: Bounty Hunter,70,16,2015-11-17,
65,Star Wars: Racer Arcade,52,3,2000-01-01,
66,Star Wars: Starfighter,58,12,2001-02-19,
67,Lego Star Wars III: The Clone Wars,76,7,2011-03-22,
68,Star Wars: Jedi Starfighter,63,12,2002-03-10,
69,Star Wars: Republic Commando: Order 66,67,12,2005-08-30,
70,Lego Star Wars II: The Original Trilogy,66,3,2006-09-11,
71,Lego Star Wars II Mobile,54,3,2006-12-19,
72,Star Wars Trilogy Arcade,71,16,1999-01-01,
73,Star Wars: Force Commander,59,12,2000-03-21,
74,Star Wars: Masters of Teräs Käsi,73,16,1997-10-31,
75,Star Wars: Shadows of the Empire,75,12,1996-12-03,
76,Star Wars: Yoda Stories,45,7,1997-03-01,
77,Star Wars Galaxies,74,12,2003-06-26,
78,Star Wars: Dark Forces,73,12,2009-09-16,11
79,Star Wars Jedi Knight: Dark Forces II,74,16,1997-10-10,16
80,Star Wars Jedi Knight: Jedi Academy,87,16,2003-09-17,
81,Star Wars Jedi Knight II: Jedi Outcast,84,12,2002-03-26,
82,Star Wars: X-Wing Alliance,56,12,1999-02-28,
83,Star Wars: X-Wing vs. TIE Fighter,69,12,1997-04-17,
84,Star Wars: Empire at War,87,12,2006-02-16,
85,Bonanza Bros.,63,16,2007-01-29,
86,Mega Man X: Command Mission,67,7,2004-07-29,
87,BioShock,87,18,2007-08-21,
88,Wii Sports,84,7,2006-11-19,
89,Himawari no Kyōkai to Nagai Natsuyasumi,80,7,2013-03-29,
90,GetAmped,74,16,2004-12-13,
91,Star Wars: The Force Unleashed II,73,16,2010-10-26,
92,Lego Batman: The Videogame,81,7,2008-09-23,
93,Lego Indiana Jones: The Original Adventures,77,7,2008-06-03,
94,Star Wars Knights of the Old Republic II: The Sith Lords,87,12,2004-12-06,
95,Lego Indiana Jones 2: The Adventure Continues,73,7,2009-11-17,
96,Call of Duty 4: Modern Warfare,88,16,2016-11-04,13
97,CityVille 2,66,0,2012-11-01,
98,Assassin's Creed III: Liberation,63,18,2012-10-30,
99,Picopict,79,3,2009-01-28,
100,Dragon Quest III,85,12,1996-12-06,
101,Panzer Dragoon Saga,81,12,1998-01-29,
102,Fracture,84,16,2008-10-07,
103,Tales of the Abyss,73,12,2005-12-15,
104,Grand Theft Auto: San Andreas,90,18,2012-12-11,10
105,Family Guy: Back to the Multiverse,55,18,2012-11-20,
106,Epic Mickey 2: The Power of Two,80,7,2013-09-26,
107,Warlock: Master of the Arcane,54,7,2012-05-08,
108,Arkanoid,61,12,2009-05-26,
109,Little Inferno,77,12,2012-11-18,
110,Cars 2,62,3,2014-10-06,
111,Grand Theft Auto: Vice City,89,18,2002-10-29,10
112,Grand Theft Auto IV,85,18,2009-01-04,
113,Second Life,67,16,2003-06-23,
114,Clannad,85,12,2004-04-28,
115,Chromehounds,66,12,2006-06-29,
116,Lego Batman 2: DC Super Heroes,74,7,2012-01-01,
117,Cloud,89,0,2005-10-24,
118,Chivalry: Medieval Warfare,68,18,2012-10-16,
119,The Idolmaster Cinderella Girls,68,12,2011-11-28,
120,Memories Off: Yubikiri no Kioku,62,12,2010-07-29,
121,Heavy Metal: F.A.K.K. 2,90,16,2000-08-04,
122,Guitar Hero,59,12,2005-11-08,
123,Trine,78,12,2009-07-03,26
124,Transformice,62,0,2010-05-01,1
125,Anno 2070,77,7,2011-11-17,
126,Q.U.B.E.,70,0,2011-12-17,
127,Banjo-Kazooie,85,3,1998-06-29,
128,The Ball,53,18,2010-10-26,
129,Hitman: Absolution,75,18,2014-05-15,
130,Digimon Story Lost Evolution,63,7,2010-07-01,
131,Divinity II,79,12,2009-11-20,
132,Killing Floor,69,18,2009-05-14,
133,Tales of Hearts,78,16,2008-12-18,
134,X-Men Legends II: Rise of Apocalypse,80,12,2005-09-20,
135,Halo 3,87,16,2007-09-25,
136,FIFA 12,69,3,2011-09-27,
137,FIFA 13,75,3,2012-09-25,
138,Gungrave,77,16,2002-07-18,
139,Bad Piggies,91,3,2012-09-27,
140,Excitebike,85,3,1984-11-30,
141,ZanZarah: The Hidden Portal,84,3,2015-08-20,10
142,Grand Theft Auto III,83,18,2001-10-23,10
143,Tron,75,3,2008-01-09,
144,Paper Mario,58,3,2000-08-11,
145,Fire Emblem: Shadow Dragon and the Blade of Light,81,7,1990-04-20,
146,Fire Emblem: The Sacred Stones,52,7,2015-01-01,
147,Fire Emblem: The Blazing Blade,59,7,2023-06-23,
148,Sonic Colors,81,3,2010-11-11,
149,The Incredible Hulk: Ultimate Destruction,76,16,2005-08-23,
150,The Incredible Hulk,59,16,2008-06-05,
151,The Temple of Elemental Evil,76,16,2003-09-16,
152,.kkrieger,81,16,2004-01-01,
153,James Bond 007: Nightfire,94,12,2002-11-18,
154,007 Legends,68,16,2012-10-16,13
155,James Bond 007: Everything or Nothing,54,12,2004-02-17,
156,0 A.D.,77,12,2021-02-21,
157,Sonic & Sega All-Stars Racing,74,3,2011-02-23,
158,Beyond: Two Souls,76,16,2020-06-18,
159,Dragonica,81,7,2010-01-20,
160,Hatsuyuki Sakura,73,12,2012-01-01,
161,Pirates of the Caribbean,97,12,2003-06-30,
162,Pirates of the Caribbean: Dead Man's Chest,74,7,2006-06-27,
163,1080° Snowboarding,80,3,1998-02-28,
164,Photo Kano,64,7,2012-02-02,
165,Ratchet & Clank,81,7,2002-11-04,
166,New Super Mario Bros. Wii,82,3,2009-11-11,
167,Super Mario Galaxy,87,3,2007-11-01,
168,Doki Doki Majo Shinpan!,80,12,2007-07-05,
169,Panzer Elite,79,16,1999-01-01,
170,Far Cry 2,69,16,2008-10-21,
171,Tayutama: Kiss on my Deity,75,12,2009-11-05,
172,GoldenEye: Rogue Agent,67,12,2004-11-22,
173,Heroes of Newerth,68,12,2010-05-12,
174,Amnesia: Memories,67,12,2015-08-25,
175,Da Capo III,90,7,2017-01-21,
176,The Sims 2,85,7,2004-09-16,
177,Champions of Regnum,37,12,2007-05-24,
178,TOCA Race Driver 2,74,12,2004-04-13,
179,The Sims,84,7,2003-03-12,
180,The Sims 3,81,12,2010-10-26,10
181,Zelda II: The Adventure of Link,66,3,1987-01-14,
182,Split/Second,79,12,2010-05-18,
183,RuneScape,69,12,2001-01-04,29
184,Robin Hood: The Legend of Sherwood,82,12,2002-01-01,
185,Zero Wing,66,18,2023-02-14,
186,Half-Life 2,89,18,2013-05-01,
187,Fight for Life,72,12,1996-01-15,
188,Lionheart: Legacy of the Crusader,82,16,2003-08-13,
189,Project X Zone,66,12,2012-10-11,
190,The King of Fighters 2002,59,12,2002-12-18,
191,The King of Fighters '98,68,18,1998-07-23,
192,Assassin's Creed,78,18,2008-04-08,
193,SimTown,68,0,1996-07-26,
194,Torchlight,74,12,2009-10-27,
195,DOOM 3,78,18,2004-08-03,
196,Modern Combat 2: Black Pegasus,77,18,2010-10-04,
197,Call of Duty: World at War,79,18,2008-11-11,13
198,Warcraft III: Reign of Chaos,75,12,2002-07-03,
199,Insane,81,0,2000-01-01,
200,Destiny,74,16,2014-09-09,50
201,Call of Duty 2,84,16,2006-01-01,13
202,Darwinia,54,12,2005-03-04,
203,Spore,83,12,2008-09-01,38
204,Black Mesa,87,18,2020-03-06,
205,Assassin's Creed II,89,18,2011-01-06,
206,DK: King of Swing,60,0,2005-02-04,
207,Mafia,69,18,2002-08-29,
208,The Legend of Zelda: Ocarina of Time,87,12,1998-11-21,
209,Final Fantasy VII,87,12,2019-03-26,
210,S.T.A.L.K.E.R.: Shadow of Chernobyl,85,16,2007-03-20,15
211,Super Mario 64,88,3,1996-06-23,
212,24: The Game,72,16,2006-02-28,
213,Quake,85,18,2021-08-19,69
214,Project Snowblind,54,16,2005-02-23,
215,Super Hexagon,75,12,2014-05-29,1
216,ZombiU,80,18,2012-11-18,
217,Need for Speed: Carbon,79,12,2006-10-30,38
218,Zoo Tycoon,68,0,2001-10-17,
219,Zoo Tycoon 2,65,3,2004-11-09,
220,Need for Speed: Most Wanted,89,3,2005-11-11,38
221,Age of Empires,86,12,1998-02-02,
222,Diablo,88,16,1996-12-31,
223,Hearts of Iron III,70,12,2009-06-29,
224,League of Legends,73,12,2009-10-27,
225,Final Fantasy X,88,12,2001-07-19,
226,Half-Life 2: Lost Coast,69,16,2005-10-27,
227,SameGame,67,12,2009-03-23,
228,Professor Layton and the Unwound Future,68,7,2020-07-13,
229,Kingdom Hearts,88,7,2002-03-28,
230,Torchlight II,77,12,2019-09-03,
231,Fate,81,16,2005-05-18,
232,Fate: Undiscovered Realms,37,16,2008-07-17,
233,3D Dot Game Heroes,75,7,2009-11-05,
234,Clubhouse Games,70,12,2007-04-19,
235,Futurama,65,12,2003-08-01,
236,Crysis,80,16,2007-11-13,
237,Hitman: Blood Money,86,18,2006-05-26,
238,Archlord,81,12,2005-03-01,10
239,Diablo III,82,16,2012-05-15,
240,Diablo II,88,16,2000-06-28,
241,Final Fantasy VIII,86,16,1999-02-11,
242,The Darkness II,74,18,2012-02-07,48
243,Dynasty Warriors 5,72,16,2005-02-24,
244,Need for Speed: Underground,87,3,2003-11-17,38
245,Metal Gear Solid 3: Snake Eater,87,16,2004-11-17,
246,Rocksmith,84,12,2012-10-16,
247,Dwarf Fortress,86,18,2022-12-06,
248,V-Rally 3,76,12,2002-06-21,
249,Unreal II: The Awakening,76,16,2003-02-03,
250,Deus Ex: Invisible War,66,16,2007-03-29,
251,Dissidia Final Fantasy,68,12,2008-12-18,
252,Yager,79,12,2003-05-23,
253,F1 2011,69,3,2011-09-20,8
254,Star Trek: Armada,54,12,2000-02-29,
255,Harry Potter and the Order of the Phoenix,70,7,2008-05-25,10
256,Close Combat: First to Fight,66,16,2005-04-06,
257,Too Human,57,16,2008-08-19,
258,The Sims Medieval,72,12,2011-03-22,
259,Knights of Honor,78,12,2005-04-20,
260,Ghost in the Shell,69,18,1997-07-17,
261,TMNT,66,12,2007-03-20,
262,One Piece: Unlimited Adventure,48,18,2008-01-22,
263,Tribal Wars,82,7,2020-11-12,
264,"Crouching Tiger, Hidden Dragon",65,12,2003-12-09,
265,The House of the Dead: Overkill,67,18,2009-02-10,
266,Alpha Protocol,71,18,2010-05-27,
267,ISS Pro Evolution,87,16,2000-06-06,
268,Still Life,75,18,2005-06-03,
269,Shiren the Wanderer,66,12,2010-02-09,
270,Luxor,90,3,2005-05-30,
271,Age of Mythology,90,12,2002-10-31,
272,Resident Evil 4,91,18,2014-02-28,
273,Catherine,83,18,2011-02-17,
274,Keyboardmania,92,7,2000-01-01,
275,Colin McRae Rally 3,91,3,2002-01-01,
276,Half-Life,88,16,2013-02-14,
277,Kingdom Hearts: Birth by Sleep,74,12,2010-01-09,
278,Need for Speed: The Run,75,7,2011-11-15,
279,Killzone: Liberation,77,16,2006-10-31,
280,TimeSplitters 2,58,16,2002-10-09,
281,Maken X,67,16,2001-06-07,
282,LittleBigPlanet,82,7,2009-11-17,
283,Legacy of Kain: Soul Reaver,82,16,1999-08-16,
284,Sonic R,56,3,1997-10-31,
285,Knuckle Heads,81,16,2024-08-15,
286,Halo: Reach,86,16,2010-09-14,
287,Hexen II,72,18,1997-08-31,
288,flOw,72,3,2006-04-14,1
289,Syphon Filter: The Omega Strain,73,16,2004-05-04,
290,Ef: A Fairy Tale of the Two,79,18,2006-12-22,
291,4x4 EVO 2,70,0,2003-11-04,
292,NBA Elite 11,64,3,2010-11-05,
293,The Path,70,16,2009-03-18,
294,Destroy All Humans! 2,84,18,2006-10-17,
295,De Blob,83,3,2018-06-26,
296,The Witcher,84,18,2007-10-26,
297,Spider-Man,62,3,2000-08-30,
298,Silent Hill: Downpour,77,18,2012-03-13,
299,Batman: Arkham City,88,16,2011-10-18,
300,G.I. Joe: The Rise of Cobra,82,16,2009-08-04,10
301,Super Monkey Ball,73,3,2003-10-07,
302,Space Channel 5,86,7,2003-11-18,
303,Quake 4,67,18,2005-10-18,
304,Legends of Wrestling II,85,7,2002-11-25,
305,Ilomilo,73,3,2010-11-08,
306,APB: All Points Bulletin,70,18,2010-06-29,
307,ARMA 2,88,16,2009-06-17,18
308,Shattered Union,61,12,2006-10-25,
309,New Super Mario Bros.,83,3,2006-05-15,
310,Costume Quest,69,7,2010-10-19,
311,BioShock 2,81,18,2010-02-09,
312,Lords of the Realm III,80,12,2004-03-17,
313,Empire Earth II,74,12,2005-04-26,
314,Deepolis,82,7,2008-01-01,
315,Eden*,68,7,2015-01-30,
316,GrimGrimoire,90,7,2007-04-12,
317,Call of Duty 3,76,16,2007-03-23,20
318,Killer7,86,18,2005-06-09,10
319,Luxor 2,81,0,2008-01-15,
320,Luxor 3,91,0,2008-11-11,
321,Tomb Raider,81,12,1996-10-25,
322,Dishonored,88,18,2012-10-09,
323,Titan Quest,78,12,2006-06-26,
324,Final Fantasy XII,82,16,2006-03-16,
325,Terraria,82,12,2011-05-17,
326,PlanetSide 2,59,16,2012-11-20,
327,MicroBot,72,7,2010-12-29,
328,Soul Sacrifice,68,16,2013-03-07,
329,Tales of Destiny,74,12,2008-01-31,
330,EVE Online,67,12,2003-05-06,
331,Far Cry,78,16,2004-03-23,
332,Mushihimesama,97,7,2015-11-12,
333,Street Fighter X Tekken,66,12,2012-03-06,
334,Incubation: Time Is Running Out,67,16,1997-09-30,
335,Blast Corps,67,0,1997-03-21,
336,Dragon Quest Swords,55,7,2008-02-19,
337,Asphalt 5,90,3,2009-11-02,
338,Ace Combat X: Skies of Deception,72,12,2006-10-24,
339,ActRaiser,74,7,2007-03-27,
340,Act of War: Direct Action,74,16,2005-03-15,
341,Tron: Evolution,66,12,2010-11-26,
342,Homefront,59,18,2011-03-15,
343,Turok,70,16,2008-02-05,
344,Diggles: The Myth of Fenris,73,12,2001-09-27,
345,Dominions II: The Ascension Wars,56,12,2003-11-14,
346,Starlancer,74,12,2000-03-31,
347,Dirge of Cerberus: Final Fantasy VII,69,16,2006-01-26,
348,The Conduit,67,16,2009-06-23,
349,GoldenEye 007,75,12,1997-08-23,
350,The Legend of Zelda: A Link to the Past,87,7,1991-11-21,
351,Resistance: Fall of Man,81,18,2006-11-11,
352,GunBound,73,7,2007-09-27,
353,The Lord of the Rings: The Third Age,85,7,2004-11-02,
354,Sid Meier's Alpha Centauri,63,12,2000-03-16,
355,Endless Ocean 2: Adventures of the Deep,58,7,2010-02-05,
356,Romance of the Three Kingdoms VII,88,12,2000-02-18,
357,Bloody Roar 4,82,12,2004-05-27,10
358,LostMagic,55,7,2006-01-19,
359,Outtrigger,70,12,2001-07-24,
360,Disney's Hercules,57,3,1997-06-20,
361,X-Squad,64,3,2000-08-03,
362,Soldier of Fortune II: Double Helix,72,16,2002-05-20,
363,Driver: Parallel Lines,72,18,2007-06-26,
364,Runaway 2: The Dream of the Turtle,79,12,2009-11-26,
365,Tom Clancy's Splinter Cell,84,12,2002-11-17,
366,Super Dimension Fortress Macross,44,16,2003-10-23,
367,Trials Evolution,82,12,2012-04-18,
368,Shatter,63,3,2009-07-23,5
369,Carmageddon,59,12,2013-05-10,35
370,Enslaved: Odyssey to the West,80,16,2010-10-05,
371,Advent Rising,76,12,2006-09-14,
372,Asheron's Call,73,12,1999-11-02,
373,Call of Duty: Black Ops II,79,18,2017-04-11,13
374,Team Fortress 2,74,16,2007-10-10,
375,POD,72,0,1997-02-28,
376,Marvel vs. Capcom 2: New Age of Heroes,74,12,2000-03-30,
377,Silent Hill: The Arcade,89,18,2007-07-25,
378,Microsoft Train Simulator,61,0,2001-01-01,
379,Sports Champions,67,12,2010-10-21,
380,Gon: Baku Baku Baku Baku Adventure,71,7,2012-06-14,
381,Guilty Gear Dust Strikers,73,12,2006-04-25,
382,Ōkami,73,12,2009-10-15,
383,MySims Agents,86,0,2009-09-25,
384,Bionic Commando,68,18,2009-05-19,37
385,DualPenSports,84,12,2011-06-02,
386,Imperialism,56,3,1997-08-31,
387,Warzone 2100,74,12,1999-03-26,
388,Jeremy McGrath Supercross 2000,97,0,1999-09-29,
389,Command & Conquer: Red Alert,87,12,1996-11-22,
390,Betrayal in Antara,60,12,1997-07-31,
391,Afterlife,72,0,1996-05-31,
392,Wings,70,16,2014-10-17,
393,The King of Fighters 2001,47,18,2002-03-14,
394,Club Penguin,67,12,2014-04-16,
395,Donkey Kong 3,79,0,1984-07-04,
396,Final Fantasy XIII,69,16,2015-04-10,7
397,"Sheep, Dog 'n' Wolf",74,18,2001-05-23,
398,Legendary,56,18,2008-11-04,
399,Age of Conan,70,18,2008-05-20,
400,Hour of Victory,73,18,2007-06-25,
401,Saw,69,18,2009-10-06,
402,Rise of the Argonauts,62,16,2009-01-07,
403,Age of Wonders,65,12,1999-10-31,
404,Kinect Adventures!,61,3,2010-11-04,
405,Saw II: Flesh & Blood,71,18,2010-10-19,
406,Stranglehold,75,18,2007-09-07,
407,Frontlines: Fuel of War,65,16,2008-02-25,
408,James Bond 007: Agent Under Fire,72,16,2001-11-13,
409,Lego The Hobbit,68,7,2014-04-08,
410,Game of Thrones,70,12,2012-05-15,
411,Aion,62,12,2008-11-25,
412,Airfix Dogfighter,63,12,2000-01-14,
413,Airline Tycoon,76,3,1998-08-01,
414,FIFA 11,74,3,2010-09-28,
415,Pandemonium!,65,7,1996-10-31,
416,Brain Age 2: More Training in Minutes a Day!,78,3,2005-12-29,
417,FIFA 97,67,3,1996-01-01,
418,Fate/unlimited codes,94,12,2008-06-11,10
419,Wings of War,81,12,2004-08-30,
420,NBA Live 97,97,0,1996-01-01,
421,American Conquest,74,12,2003-02-05,
422,The Need for Speed,67,3,1996-07-28,
423,Thrasher Presents Skate and Destroy,72,7,1999-09-26,
424,Excite Truck,89,7,2007-01-18,
425,KOF: Maximum Impact,67,12,2004-08-12,10
426,Bomberman Generation,76,7,2002-06-03,
427,Professor Layton and the Azran Legacy,65,7,2013-02-28,
428,The Lord of the Rings: The Return of the King,82,12,2003-10-31,
429,The Lord of the Rings: The Battle for Middle-earth,87,12,2004-12-06,14
430,The Fall: Last Days of Gaia,59,16,2004-11-15,
431,Amagami,73,12,2009-03-19,
432,Rise of Nations,80,12,2014-06-12,
433,American McGee's Alice,88,16,2000-12-05,
434,Sniper: Path of Vengeance,81,18,2002-09-19,
435,Rome: Total War,88,12,2004-09-22,
436,Need for Speed: Undercover,64,3,2008-11-18,38
437,Arcania,49,16,2010-10-14,
438,Left 4 Dead 2,82,18,2013-07-02,
439,Prototype,76,18,2009-06-09,17
440,The Legend of Zelda: The Minish Cap,88,3,2004-11-04,
441,Ragnarok Online,65,7,2002-08-31,
442,Lineage II,67,12,2003-10-01,
443,Wing Commander: Prophecy,79,12,1997-11-30,
444,London 2012,83,3,2012-06-26,
445,Ace Combat 6: Fires of Liberation,78,12,2007-10-23,
446,Steins;Gate,87,12,2009-10-15,
447,Uncharted Waters Online,35,7,2007-01-07,
448,PangYa,57,3,2004-01-01,
449,TERA,57,12,2015-05-05,
450,Anachronox,67,12,2001-06-29,
451,Counter-Strike Online,75,16,2008-07-24,
452,Dungeon Fighter Online,51,16,2016-08-09,
453,S4 League,91,12,2008-01-01,
454,Point Blank,70,18,2015-11-10,
455,Guild Wars 2,81,12,2012-08-28,
456,Ragnarok Online 2: The Gate of the World,59,12,2007-05-28,
457,Elsword,58,18,2014-07-02,
458,Call of Duty: Modern Warfare 3,76,16,2011-11-08,13
459,Call of Duty: Modern Warfare 2,85,16,2009-11-10,13
460,Anarchy Online,49,12,2001-06-27,
461,FIFA Online 2,83,16,2006-01-01,
462,Grand Chase,65,16,2003-08-01,
463,Blade & Soul,63,18,2016-01-19,
464,Crazyracing Kartrider,67,7,2004-06-01,
465,Hellgate: London,85,18,2007-10-31,
466,Ancient Domains of Mystery,65,7,2002-11-20,
467,Shattered Galaxy,85,16,2001-08-30,
468,And Yet It Moves,58,7,2010-08-27,
469,Lineage,57,12,1998-09-03,
470,Crazy Arcade,89,7,2003-01-01,
471,MapleStory DS,83,12,2010-04-15,
472,Magna Carta: Tears of Blood,61,16,2004-11-11,
473,DJMax Technika,75,3,2008-10-31,
474,Tribes 2,62,12,2001-03-30,
475,DJMax Technika 3,71,7,2011-10-27,
476,Starsiege: Tribes,53,12,1998-11-30,
477,DJMax Technika 2,69,7,2010-06-16,
478,Mu Online,74,16,2001-11-01,
479,Hunter Hunted,92,12,1996-10-31,
480,GunZ: The Duel,96,16,2009-05-01,
481,Tales of Symphonia,70,12,2003-08-29,
482,TalesRunner,67,7,2015-02-17,
483,Battlefield Online,79,16,2010-03-25,65
484,Starhorse3,96,12,2011-01-01,
485,Postal III,74,18,2011-12-21,
486,Crossfire,81,18,2007-05-03,
487,Tekken 3D: Prime Edition,87,16,2012-02-14,
488,Echo Night: Beyond,73,12,2004-01-22,
489,Company of Heroes,74,18,2006-09-11,
490,Crash: Mind over Mutant,75,7,2008-10-07,
491,Might and Magic Mobile,78,7,2004-10-19,
492,Mario Party DS,50,3,2007-11-08,
493,Silkroad Online,77,12,2005-11-11,
494,Emperor: Rise of the Middle Kingdom,85,0,2002-09-09,
495,Desert Rats vs. Afrika Korps,64,16,2004-03-31,
496,Kinect Sesame Street TV,81,3,2012-09-18,
497,MVP 06: NCAA Baseball,62,3,2006-01-18,
498,Peggle Nights,79,3,2008-09-16,
499,Die Hard Trilogy 2: Viva Las Vegas,80,18,2000-02-29,
500,Riverworld,66,7,1998-01-01,
501,Record of Agarest War Zero,54,12,2009-06-25,
502,Tribes: Ascend,61,12,2012-04-12,
503,Monster Hunter 2,81,16,2006-02-16,
504,Kingdom Under Fire: Circle of Doom,65,16,2007-12-05,
505,Rally Challenge 2000,70,3,1999-08-06,
506,Crimson Skies,63,12,2000-09-17,
507,Donkey Kong Country,88,3,1994-11-18,
508,Combat Mission: Shock Force,83,16,2007-07-27,
509,Golden Sun: Dark Dawn,76,12,2010-11-29,
510,Super Paper Mario,81,3,2007-04-09,
511,Way of the Samurai 4,74,18,2011-03-03,
512,Dragon Ball Z: Tenkaichi Tag Team,73,12,2010-09-30,
513,Perfect Dark Zero,62,16,2005-11-17,
514,Izumo,64,16,2001-12-21,
515,Jak II,82,12,2003-10-14,
516,Killzone 3,79,18,2011-02-22,
517,Shogun: Total War,88,12,2000-06-13,
518,Rhythm Heaven,80,0,2009-04-05,
519,South Park Rally,65,0,1999-11-30,
520,Last Bronx,76,16,1996-06-01,
521,I Am Alive,68,18,2012-03-07,
522,Chasm: The Rift,71,18,1997-09-30,
523,Tom Clancy's Splinter Cell: Chaos Theory,88,16,2005-03-23,
524,Jonah Lomu Rugby,77,0,1997-03-31,
525,Tech Romancer,94,12,1998-01-01,
526,WWE Raw 2,59,12,2003-09-15,
527,Battles of Prince of Persia,83,12,2005-12-06,
528,Prince of Persia: The Fallen King,86,3,2008-12-02,
529,Nightmare Creatures,66,18,1997-09-30,
530,Tenchu 2: Birth of the Stealth Assassins,58,18,2000-08-07,
531,Darkest of Days,92,16,2009-09-08,
532,NBA Street,75,12,2001-06-18,
533,Crysis 3,74,16,2013-02-19,
534,Blood Omen 2,75,18,2002-03-21,
535,Pro Evolution Soccer Management,87,0,2006-03-24,
536,Lara Croft and the Guardian of Light,69,12,2010-08-18,
537,Smash Court Tennis Pro Tournament,73,3,2002-02-07,
538,Vindictus,58,12,2012-06-22,
539,UFC 2009 Undisputed,66,12,2009-05-19,
540,Tibia,67,12,1997-01-01,
541,Captain Rainbow,68,16,2008-08-28,
542,Heart of Darkness,76,12,1998-07-31,
543,Broken Sword II: The Smoking Mirror,64,12,1997-10-17,3
544,Diddy Kong Racing,70,3,1997-11-21,
545,Twisted Edge Extreme Snowboarding,66,7,1998-11-10,
546,Boom Boom Rocket,46,0,2007-04-11,
547,Sonic Chronicles: The Dark Brotherhood,66,7,2008-09-25,
548,SimCity Creator,43,7,2008-09-19,
549,UFO: Aftermath,71,12,2003-09-16,
550,Toshinden 4,80,12,1999-08-12,
551,Red Dead Redemption,88,18,2024-10-29,
552,Neverwinter Nights,75,12,2003-06-20,
553,Harvester,73,18,1996-09-25,
554,Tales of Symphonia: Dawn of the New World,81,12,2009-11-13,
555,Resistance: Retribution,73,18,2009-03-12,
556,Gimmick!,54,3,2023-07-06,
557,Half-Life 2: Episode Two,89,16,2013-05-10,
558,Tetris DS,70,7,2006-03-20,
559,Ankh: Heart of Osiris,73,12,2006-01-01,
560,Ankh: Battle of the Gods,90,0,2010-03-02,
561,Ankh,84,12,2006-01-01,
562,New Super Mario Bros. 2,85,3,2012-07-28,
563,Lost Odyssey,82,16,2008-02-07,
564,Batman: Dark Tomorrow,56,12,2003-03-18,
565,Batman: Arkham City Lockdown,68,7,2011-12-07,
566,Slender: The Eight Pages,66,16,2012-06-26,
567,Anno 1503,88,3,2003-04-04,
568,Anno 1404,86,7,2009-06-23,
569,Anno 1602,78,3,1998-09-24,
570,Anno 1701,58,3,2007-10-25,
571,Another Code: Two Memories,67,7,2005-02-24,
572,Castlevania: Lament of Innocence,94,12,2003-10-21,
573,Persona 4,65,16,2022-10-10,
574,Tales of Rebirth,68,16,2004-12-16,
575,Neopets,74,12,1999-11-15,
576,MapleStory,60,12,2003-04-29,
577,Crash Bandicoot 2: Cortex Strikes Back,85,7,1997-11-01,
578,Metro: Last Light,82,16,2013-05-14,33
579,The Chronicles of Riddick: Assault on Dark Athena,79,16,2009-04-07,
580,Castle Story,70,12,2013-09-23,
581,Epic Mickey,71,7,2011-08-04,
582,God of War: Betrayal,84,18,2007-06-20,
583,God of War: Ghost of Sparta,83,18,2010-11-02,
584,Infamous: Festival of Blood,79,16,2011-10-25,
585,Project Gotham Racing 4,74,0,2007-10-02,
586,Freedom Fighters,83,16,2003-09-26,
587,WWE SmackDown! vs. Raw 2006,82,16,2005-11-11,
588,Earthworm Jim 2,86,7,1996-03-29,
589,Albert Odyssey: Legend of Eldean,68,12,1996-08-09,
590,The Suffering,83,18,2004-03-09,
591,FIFA Online 3,97,12,2012-12-18,
592,Jet Li: Rise to Honor,70,12,2004-04-08,
593,TOCA Touring Car Championship,82,0,1997-11-01,
594,NHL 13,65,12,2012-09-11,
595,Syberia,79,7,2002-01-09,
596,FIFA Online,74,7,2010-05-26,
597,Hype: The Time Quest,76,7,1999-10-31,
598,Jump Ultimate Stars,76,0,2006-11-23,
599,Doomlord,58,12,2008-09-01,
600,Tomb Raider: Anniversary,79,16,2011-03-22,
601,Brütal Legend,72,18,2009-10-13,
602,Glory of the Roman Empire,55,12,2006-06-26,
603,SpellForce: The Order of Dawn,67,12,2003-12-16,
604,FIFA 10,70,3,2009-10-01,
605,Xenogears,77,12,1998-02-11,
606,The Last Guy,68,12,2008-07-31,
607,Devil May Cry 2,49,16,2003-01-25,
608,Kidō Senshi Gundam: Senshitachi no Kiseki,67,18,2004-03-18,
609,Star Trek: Klingon,55,18,1996-01-08,
610,Call of Juarez,77,18,2006-09-05,
611,Donkey Kong Country Returns,81,3,2010-11-21,
612,Feeding Frenzy,62,0,2004-02-11,1
613,Sanitarium,78,16,1998-04-30,
614,2010 FIFA World Cup South Africa,54,3,2010-04-27,
615,Dragon Ball Z: Budokai,79,7,2002-11-02,
616,Chaos Rings II,69,7,2012-03-15,
617,Unreal,67,16,1998-05-22,
618,Tiny Toon Adventures: Wacky Stackers,80,0,2001-12-30,
619,Dark Messiah of Might and Magic,86,18,2006-10-24,
620,Red Earth,80,16,1996-11-21,
621,Project Gotham Racing,70,3,2002-02-22,
622,World of Tanks,59,7,2013-09-05,
623,ARMA: Armed Assault,70,16,2007-02-16,18
624,Battlezone: Rise of the Black Dogs,59,3,2000-03-01,
625,Grim Fandango,97,12,1998-10-30,
626,Football Manager 2011,74,3,2010-11-05,
627,Formula One Championship Edition,77,3,2006-12-28,
628,Star Ocean: The Second Story,78,12,1998-07-30,
629,Flicky,73,3,1998-10-09,
630,NBA Live 06,96,3,2005-09-26,
631,Rocky,81,12,2002-10-18,
632,Donkey Konga,75,3,2003-12-12,
633,Might and Magic IX,88,12,2002-03-29,
634,Kingpin: Life of Crime,64,16,1999-06-30,
635,Dink Smallwood,79,12,1998-01-01,
636,UFC Undisputed 3,77,16,2012-02-14,
637,Monsteca Corral,74,3,2010-08-16,
638,Super Mario Land 2: 6 Golden Coins,71,3,1992-10-21,
639,Daikatana,97,18,2000-04-14,
640,BlazBlue: Calamity Trigger,74,12,2014-02-13,
641,Tales of Eternia Online,62,7,2006-03-03,
642,Crash Bash,70,7,2000-11-06,
643,Süpercan,63,7,2011-01-01,
644,NBA Showtime: NBA on NBC,73,0,1999-04-05,
645,Dynamite Cop,70,16,1999-05-27,
646,Throne and Liberty,59,12,2024-10-01,
647,Inazuma Eleven Strikers,68,12,2012-09-28,
648,Resident Evil Survivor,63,16,2000-01-27,
649,Banjo-Pilot,97,3,2005-01-12,
650,Imagine Babyz,93,7,2007-10-23,
651,Pompei: The Legend of Vesuvius,89,12,2000-07-14,
652,Neon Genesis Evangelion: Battle Orchestra,84,12,2007-06-28,
653,Shining Ark,71,12,2013-02-28,
654,ArcheAge,61,12,2013-01-15,
655,Dark Void,58,16,2010-01-19,
656,Soldat,69,7,2002-05-09,
657,Immortal Cities: Children of the Nile,74,0,2004-01-01,21
658,Batman & Robin,55,12,1998-08-07,
659,TD Overdrive: The Brotherhood of Speed,65,12,2002-05-27,
660,Capcom vs. SNK 2: Mark of the Millennium 2001,69,12,2001-09-13,
661,Zuma,78,3,2012-04-27,
662,WWE Day of Reckoning 2,80,16,2005-08-29,
663,Duke Nukem: Land of the Babes,67,16,2000-09-19,
664,Rayman Origins,83,7,2012-01-26,
665,Lands of Lore III,54,12,1999-03-03,
666,Gravity Bone,50,16,2008-08-28,
667,Mario Party 9,49,3,2012-03-02,
668,Killzone 2,80,18,2009-02-25,
669,Shenmue II,90,12,2002-10-28,
670,Sonic Battle,79,7,2003-12-04,
671,Mario Bros.,92,3,1984-01-01,
672,Crazy Climber,70,7,2018-02-18,
673,Rune: Halls of Valhalla,82,12,2001-06-21,
674,Tales of Destiny 2,68,12,2002-11-28,
675,Pro Evolution Soccer 2010,80,3,2010-05-20,
676,Silent Hill 4: The Room,80,18,2004-06-17,
677,Cars,74,3,2007-03-22,
678,Back to the Future: The Game,69,16,2012-05-04,
679,Planetarian: The Reverie of a Little Planet,78,12,2004-11-29,
680,Primal Rage,84,16,1996-12-13,
681,Wizard101,88,12,2008-09-02,
682,Gex 3: Deep Cover Gecko,91,0,1999-03-01,
683,Brink,55,16,2011-05-10,
684,Gotham City Impostors,58,12,2012-02-07,
685,F355 Challenge,63,0,1999-10-11,
686,Dance Dance Revolution Disney Dancing Museum,74,0,2000-11-30,
687,Secret Files 3,88,12,2012-09-13,
688,Ape Escape 2,75,3,2003-03-14,
689,Payday: The Heist,67,18,2011-10-18,37
690,R-Type III: The Third Lightning,63,12,2007-01-15,
691,Injustice: Gods Among Us,76,16,2013-04-03,
692,Adventure Time: Hey Ice King! Why'd You Steal Our Garbage?!!,61,7,2014-02-13,
693,Pump It Up Fiesta,67,0,2011-01-22,
694,Tomb Raider: The Angel of Darkness,62,12,2003-06-20,
695,Marvel Avengers: Battle for Earth,81,12,2012-10-30,
696,In the Hunt,73,16,2019-01-01,
697,Resident Evil,84,16,2019-05-21,
698,Konami Krazy Racers,52,3,2001-03-21,
699,Contact,51,3,2007-01-25,
700,The Lord of the Rings Online,63,12,2007-04-24,
701,Pocket Bomberman,66,3,1997-12-12,
702,CrazyRacing AirRider,83,7,2009-07-21,
703,DJMax Trilogy,72,7,2008-12-25,
704,Kingdom Hearts II,86,12,2005-12-22,
705,HarmoKnight,65,7,2012-09-05,
706,Unreal Tournament,87,16,1999-11-22,
707,Crimson Skies: High Road to Revenge,70,12,2003-10-21,
708,Dark Earth,60,16,1997-10-23,
709,Neverwinter Nights 2,78,12,2006-10-31,
710,Medieval II: Total War,82,16,2006-11-11,
711,Lil cal 64,64,12,2006-02-10,
712,Tenchu Z,71,16,2006-10-05,
713,Guitar Hero: Aerosmith,72,0,2008-06-27,
714,Super Mario Bros.: The Lost Levels,93,0,1986-06-03,
715,Mortal Kombat vs. DC Universe,65,16,2008-11-16,
716,Arcanum: Of Steamworks and Magick Obscura,87,12,2001-08-21,
717,Scurge: Hive,84,7,2006-10-24,
718,Fist of the North Star: Ken's Rage 2,39,18,2012-12-20,
719,Final Fantasy X-2,78,12,2003-03-13,
720,Command & Conquer 3: Tiberium Wars,81,12,2007-03-28,14
721,Sine Mora,67,12,2012-03-21,
722,Pushmo,67,3,2011-10-05,
723,Command & Conquer 4: Tiberian Twilight,49,16,2010-03-16,14
724,V-Rally,87,3,1997-08-18,
725,Dragon Ball Z: Idainaru Dragon Ball Densetsu,67,16,1996-05-31,
726,Europa Universalis III,73,3,2007-01-26,
727,Gears of War,82,18,2006-11-07,
728,Rift,58,12,2011-03-01,
729,World of Goo,81,3,2008-10-13,
730,Shin Megami Tensei: Imagine,51,12,2007-03-30,
731,Super Mario Bros. 3,87,3,1988-10-23,
732,Beast Wars: Transformers,84,12,1997-12-05,
733,Super Mario Sunshine,86,3,2002-07-19,
734,Overlord II,76,16,2009-06-23,
735,Castle Crashers,78,16,2008-08-27,
736,Heroes of Might and Magic IV,84,12,2002-03-28,
737,Harvest Moon: Save the Homeland,55,3,2001-07-05,
738,Deus Ex: Human Revolution,87,18,2011-08-23,
739,Tomb Raider: Chronicles,61,12,2000-11-17,
740,Wanted: Weapons of Fate,79,18,2009-03-17,37
741,The Legend of Zelda: Ocarina of Time 3D,91,12,2011-12-04,
742,Deus Ex,87,16,2012-05-16,
743,Jerusalem: The Three Roads to the Holy Land,75,3,2002-02-01,
744,Phoenix Wright: Ace Attorney – Justice for All,69,12,2002-01-01,
745,SimAnimals,64,0,2009-01-21,
746,Star Trek: Legacy,66,12,2006-05-11,
747,Retro City Rampage,79,12,2014-02-05,
748,Jack Orlando,81,12,2001-09-01,
749,Super Mario Land,78,3,1989-04-21,
750,Scooby-Doo! Unmasked,87,3,2005-09-12,
751,SD Gundam: Scad Hammers,56,7,2006-12-02,
752,Heavy Rain,82,18,2010-02-18,
753,Arcomage,68,3,1999-01-01,
754,Battlefield: Bad Company,79,16,2008-06-23,
755,Uncharted: Fight for Fortune,45,7,2012-12-04,
756,Alice: Madness Returns,80,18,2011-06-14,
757,Alien Swarm,67,18,2010-07-19,
758,Resistance: Burning Skies,74,16,2012-05-29,
759,Unit 13,56,16,2012-03-06,
760,Twisted Metal: Head-On,66,12,2005-03-24,
761,NBA Live 2005,78,3,2004-09-28,
762,UEFA Euro 2008,45,3,2008-04-17,
763,Shenmue,79,12,1999-12-29,
764,Looney Tunes: Acme Arsenal,86,12,2008-02-06,
765,Superman Returns,81,7,2006-11-22,10
766,Giants: Citizen Kabuto,68,16,2000-12-06,
767,Family Guy Video Game!,83,18,2006-10-02,
768,The Legend of Zelda: Phantom Hourglass,81,7,2007-06-23,
769,Rune,80,16,2000-11-18,
770,A Game of Thrones: Genesis,59,12,2011-09-28,
771,Switchblade,83,7,2019-08-22,
772,Carmageddon II: Carpocalypse Now,76,12,1998-11-30,35
773,Condemned: Criminal Origins,77,18,2005-11-16,
774,Colony Wars,74,12,1997-10-31,
775,LocoRoco 2,45,0,2008-11-21,
776,Summoner,64,12,2000-10-26,
777,Baldur's Gate,87,12,1998-12-21,
778,Need for Speed: ProStreet,71,3,2008-02-01,38
779,Rayman M,76,0,2002-09-01,10
780,Mercedes-Benz World Racing,72,0,2003-01-01,
781,Jurassic Park III: Park Builder,65,3,2001-08-09,
782,Sports Champions 2,69,0,2012-10-30,
783,World in Conflict,75,16,2007-09-18,
784,Brave,70,16,2012-06-19,
785,Langrisser II,64,12,2009-04-14,
786,Harry Potter and the Deathly Hallows – Part 1,91,12,2011-06-25,
787,Tomb Raider: Legend,78,12,2006-04-07,
788,Wii Music,68,3,2008-10-16,
789,X3: Reunion,66,12,2005-10-28,
790,Uru: Ages Beyond Myst,66,3,2003-11-11,
791,Kung Fu Rider,69,16,2010-09-16,
792,Calling All Cars!,61,3,2007-05-10,
793,AeroGauge,76,7,1997-12-19,
794,Tomb Raider: The Last Revelation,88,12,1999-11-24,
795,Ao to Ao no Shizuku: A Calling from Tears,79,12,2003-04-25,
796,Crysis 2,77,16,2011-03-22,
797,Taz: Wanted,71,0,2002-09-17,
798,Tekken Tag Tournament 2,81,16,2011-09-14,
799,Chrome,79,16,2003-10-28,
800,Horsez,76,0,2006-10-26,
801,Hospital Tycoon,64,7,2007-06-05,
802,ARMA 3,77,16,2013-09-12,18
803,Record of Lodoss War: Advent of Cardice,75,12,2000-06-29,
804,Lost Kingdoms,62,12,2002-04-25,
805,Elvandia Story,52,12,2007-04-26,
806,Journey,86,7,2015-07-21,5
807,Assassin's Creed: Brotherhood,86,18,2010-11-16,
808,Crusader Kings II,72,12,2012-02-14,47
809,Final Fantasy XI,61,12,2002-05-16,
810,Star Trek: Armada II,79,12,2001-11-12,
811,Cocoto Kart Racer,64,0,2008-06-24,
812,Analogue: A Hate Story,77,7,2012-02-01,
813,Worms: A Space Oddity,93,7,2008-03-18,
814,Worms World Party,66,7,2015-07-16,
815,Wild Guns,78,12,1996-10-31,
816,Dust: An Elysian Tail,73,12,2013-05-24,
817,Rewrite,66,16,2011-06-24,
818,Sonic Riders,77,3,2006-02-21,
819,Viva Piñata: Party Animals,75,3,2007-10-30,
820,Dynasty Warriors: Gundam 2,76,16,2008-12-18,
821,Dangun Feveron,75,3,1998-09-17,
822,Viewtiful Joe: Double Trouble!,61,7,2005-11-02,
823,Championship Manager 96/97,64,12,1996-09-27,
824,Yakuza 2,75,18,2006-12-07,
825,Digital Combat Simulator,63,12,2008-10-17,
826,Neighbours from Hell 2: On Vacation,71,3,2004-05-05,
827,Command & Conquer: Red Alert 2,87,12,2000-10-23,
828,LittleBigPlanet PS Vita,83,3,2012-09-19,
829,Secret Files 2: Puritas Cordis,77,12,2009-05-08,
830,Shin Megami Tensei: Nine,97,12,2002-12-05,
831,Armies of Exigo,82,12,2004-11-30,
832,Army of Two,74,18,2008-03-06,
833,Bomberman Hero,78,7,1998-04-30,
834,Battalion Wars 2,54,12,2008-02-15,
835,Free Realms,82,12,2011-03-29,
836,Leisure Suit Larry: Love for Sail!,84,16,1996-10-31,
837,Syphon Filter 3,61,18,2001-11-06,
838,Medal of Honor: Allied Assault,83,12,2002-01-22,
839,Splatterhouse,77,18,2010-11-23,
840,The Secrets of Atlantis: The Sacred Legacy,78,12,2006-11-03,
841,Roblox,66,16,2006-08-27,
842,Pursuit Force,89,12,2005-11-18,
843,School Tycoon,87,0,2004-01-15,
844,Rez,59,3,2001-11-22,
845,Forza Motorsport 2,74,3,2007-05-24,
846,Half-Life: Opposing Force,77,16,2013-03-30,
847,AMY,54,16,2012-01-11,5
848,Runes of Magic,77,12,2009-03-19,
849,Dinosaur King,80,7,2005-01-01,
850,Inazuma Eleven,83,7,2011-01-28,
851,Sniper Elite V2,68,16,2012-04-30,
852,Warhammer Online: Age of Reckoning,72,12,2008-09-18,
853,Pharaoh,58,7,2000-01-01,
854,Metal Gear Solid V: The Phantom Pain,83,18,2015-09-01,
855,Arx Fatalis,79,16,2002-06-28,
856,Naruto Shippūden: Gekitō Ninja Taisen! EX,78,18,2007-01-01,
857,Crash Bandicoot,83,3,1996-09-09,
858,FarmVille,60,7,2009-10-11,1
859,SimCity 4,69,3,2003-01-14,
860,FIFA 09,79,3,2008-10-02,
861,Harry Potter and the Philosopher's Stone,61,12,2001-11-16,
862,Contra: Legacy of War,70,12,1996-11-29,
863,Frogger's Adventures: The Rescue,73,3,2003-10-21,10
864,Dōsei,68,3,1997-05-23,
865,Codename: Panzers Phase II,72,16,2005-07-21,
866,Phoenix Wright: Ace Attorney – Trials and Tribulations,67,12,2004-01-23,
867,War of the Roses,60,18,2012-10-02,
868,Ashen,70,12,2004-05-25,
869,Mass Effect 2,89,18,2010-01-26,
870,FIFA 07,86,3,2006-09-25,
871,Star Wars: Knights of the Old Republic,87,12,2003-01-01,
872,Harry Potter and the Chamber of Secrets,82,3,2002-11-05,
873,Need for Speed: Underground 2,88,3,2004-11-09,38
874,Quake III Arena,87,18,1999-12-02,
875,ParaWorld,78,12,2006-09-15,
876,Duke Nukem 3D,87,18,1996-01-29,
877,Gears of War 2,86,18,2008-11-07,
878,Alias,73,12,2004-02-04,10
879,Spider-Man: Shattered Dimensions,77,16,2010-09-07,
880,Blue Lightning,94,3,2022-11-15,
881,Ninja Gaiden Sigma 2,82,16,2021-06-09,
882,Theocracy,68,12,2000-03-30,
883,Dragon Ball Z: Supersonic Warriors,89,16,2004-01-01,
884,Just Dance 2,76,3,2011-07-17,
885,Rush for Berlin,71,12,2009-10-29,
886,The Legend of Zelda: Majora's Mask,87,7,2000-04-27,
887,The King of Fighters XI,74,12,2005-10-26,
888,Bulletstorm,82,18,2011-02-22,
889,Severance: Blade of Darkness,73,7,2001-02-21,
890,Resident Evil 2,90,16,1998-01-21,
891,Dragon Ball: Raging Blast 2,69,12,2010-11-02,
892,The Legend of Zelda: Twilight Princess,88,12,2005-01-01,
893,Fragile Allegiance,86,12,1997-03-31,
894,Dragon Age: Origins,88,18,2009-11-03,
895,Max Payne 3,85,18,2013-06-20,
896,Enter the Matrix,77,16,2003-05-14,
897,Dragon Ball Z: Ultimate Tenkaichi,90,12,2011-10-25,
898,Atlantica Online,66,12,2008-07-15,
899,Zeus: Master of Olympus,61,7,2000-01-01,
900,Virtua Tennis 4,76,3,2011-04-29,
901,Asphalt: Urban GT,82,3,2004-11-15,
902,Quake II,83,16,1997-12-09,
903,Star Wars: The Old Republic,77,16,2012-03-01,30
904,Wolfenstein RPG,74,18,2008-09-30,
905,Bomb Jack,50,7,2015-08-18,
906,Pokémon Puzzle Challenge,75,0,2000-09-21,
907,The Nomad Soul,54,16,1999-10-29,
908,Gothic 3,74,16,2006-10-13,59
909,Pro Evolution Soccer 6,56,3,2006-10-27,10
910,Creature Shock,82,12,1996-01-19,
911,Assassin's Creed: Bloodlines,72,16,2009-11-17,
912,Devil Summoner: Soul Hackers,67,12,1997-11-13,
913,Assassin's Creed: Revelations,80,18,2011-11-15,
914,Syphon Filter 2,75,18,2000-03-14,
915,Resident Evil 3: Nemesis,87,16,1999-09-22,
916,Hearts of Iron,79,12,2002-11-24,28
917,Madagascar,97,3,2005-05-24,10
918,Amerzone,75,0,1999-10-18,
919,Warcraft II: Tides of Darkness,87,12,1996-01-01,
920,Colony Wars: Red Sun,82,12,2000-05-02,
921,Heroes of the Pacific,72,12,2005-09-28,10
922,Prince of Persia: Warrior Within,88,16,2004-11-30,
923,Mario Party 3,64,3,2000-12-07,
924,F-1 World Grand Prix II,59,0,1999-09-30,
925,Habbo,82,16,2000-09-22,
926,Botanicula,78,7,2012-04-19,1
927,Big Rigs: Over the Road Racing,58,3,2003-11-20,
928,Dragon Quest X,77,0,2012-08-02,7
929,Batman: Arkham Asylum,88,16,2009-08-25,
930,The Pandora Directive,78,12,1996-07-31,
931,Command & Conquer: Red Alert 3,80,16,2008-10-28,14
932,Hiiro no Kakera,72,12,2017-07-27,
933,Serious Sam: Next Encounter,62,12,2004-04-12,
934,Halo Wars,73,16,2017-04-20,
935,Asterix & Obelix XXL,72,7,2004-03-19,10
936,Fallout: Brotherhood of Steel,84,16,2004-01-14,
937,Harry Potter and the Prisoner of Azkaban,81,12,2004-05-25,10
938,Digimon Adventure: Anode/Cathode Tamer,76,7,1999-12-15,
939,Beyond Divinity,64,12,2004-01-01,
940,Stronghold: Crusader,91,12,2002-07-31,
941,No One Lives Forever 2: A Spy in H.A.R.M.'s Way,79,16,2002-09-30,
942,Astro Boy: Omega Factor,58,3,2003-12-18,
943,Devil May Cry 4,83,16,2008-01-31,22
944,Mimana Iyar Chronicle,92,12,2009-02-26,
945,Silent Hill 2,89,16,2002-02-22,
946,Tokyo Mono Hara Shi: Karasu no Mori Gakuen Kitan,72,16,2010-04-22,
947,Silent Hill,87,16,1999-02-23,
948,Mass Effect 3,88,18,2012-03-06,
949,Fallout: New Vegas,89,18,2010-10-19,
950,Prince of Persia: The Two Thrones,82,16,2007-04-03,
951,Command & Conquer: Tiberian Sun,78,16,1999-08-27,
952,Total War: Shogun 2,72,16,2011-03-15,
953,S.T.A.L.K.E.R.: Clear Sky,78,16,2008-08-22,15
954,Atlantis: The Lost Tales,76,0,1997-09-30,
955,Audiosurf,79,3,2008-02-15,
956,Inuyasha: A Feudal Fairy Tale,97,16,2002-12-05,
957,Chrono Trigger,86,12,2018-02-27,
958,Tank Force,66,7,2009-11-10,
959,Die Hard Trilogy,68,18,1996-08-31,
960,Crash Bandicoot: The Huge Adventure,68,3,2002-02-25,
961,Genewars,80,7,1996-09-30,
962,Altitude,49,12,2009-05-01,
963,Paper Mario: Sticker Star,81,3,2012-11-11,
964,Europa Universalis II,52,3,2001-12-11,28
965,Orcs Must Die! 2,74,12,2012-07-30,
966,Sherlock Holmes Versus Jack the Ripper,76,16,2009-04-30,
967,Sonic Advance 3,84,3,2004-06-07,
968,Raw Danger!,69,7,2015-02-18,
969,Disaster Report 4 Plus: Summer Memories,70,18,2020-04-07,
970,Pokémon Battle Revolution,54,7,2006-12-14,
971,MotorStorm: Apocalypse,73,18,2011-03-16,
972,Dungeon Defenders,66,12,2011-10-18,
973,MotorStorm,82,16,2006-12-14,
974,Counter-Strike Neo,64,18,2005-10-27,
975,Men of War,75,16,2009-02-27,
976,Europa Universalis: Rome,63,12,2008-04-18,47
977,Skullgirls,75,12,2013-08-22,
978,MotorStorm: Pacific Rift,75,16,2008-09-11,
979,Persona 2: Innocent Sin,90,12,1999-06-24,
980,Gothic,87,12,2001-03-15,60
981,Codename: Gordon,83,16,2004-05-17,1
982,Damnation,52,16,2009-05-22,
983,The Simpsons: Tapped Out,61,12,2012-03-01,
984,Mario Party 8,84,3,2007-05-29,
985,Knight Rider: The Game,76,7,2004-01-01,
986,Virtua Fighter 3,94,0,1998-11-27,
987,Sega Rally Revo,74,3,2007-09-27,
988,Dead or Alive Paradise,92,12,2010-03-30,
989,Mana Khemia 2: Fall of Alchemy,68,12,2008-05-29,
990,Dota 2,61,12,2013-07-09,
991,SSX,70,7,2012-02-28,
992,Heavenly Sword,78,16,2007-09-12,
993,Tobal No. 1,80,12,1996-08-02,
994,Gran Turismo 5,83,3,2010-11-24,
995,Wet,68,18,2009-09-15,
996,Armored Core: For Answer,71,12,2008-03-19,
997,Utawarerumono,80,12,2002-04-26,
998,Donkey Kong 64,82,3,1999-11-22,
999,Sega Soccer Slam,54,3,2002-03-18,
1000,Blazing Angels 2: Secret Missions of WWII,77,12,2007-09-07,
1001,Spy Hunter,71,12,2001-09-24,
1002,Mortal Kombat: Deadly Alliance,78,18,2002-11-16,10
1003,Just Dance 3,63,3,2011-10-07,
1004,Tonic Trouble,82,3,1999-08-31,
1005,Premier Manager: Ninety Nine,63,0,1999-01-01,
1006,Shin Megami Tensei: Digital Devil Saga 2,79,12,2005-01-27,
1007,CSI: Hard Evidence,76,12,2008-01-17,
1008,NCAA Football 07,69,7,2006-07-18,
1009,Ninja Gaiden 3,86,18,2012-03-20,
1010,Rapid Racer,67,0,1997-11-14,
1011,Battle Stadium D.O.N,77,16,2006-07-20,
1012,Transformers: Fall of Cybertron,78,12,2012-08-21,
1013,FIFA Manager 11,51,3,2010-10-28,
1014,Project Gotham Racing 3,46,3,2005-11-22,
1015,Port Royale 2,73,7,2004-09-13,
1016,Midnight Club 3: DUB Edition,90,12,2005-04-11,
1017,Call of Duty 2: Big Red One,63,16,2006-06-29,
1018,Puzzle Bobble 3,58,3,1997-03-28,
1019,MAG,76,16,2010-01-26,
1020,A2 Racer,88,7,1997-01-01,
1021,Marvel vs. Capcom 3: Fate of Two Worlds,89,12,2011-02-15,22
1022,S.T.A.L.K.E.R.: Call of Pripyat,85,16,2009-10-02,15
1023,Avencast: Rise of the Mage,41,12,2007-10-30,
1024,BattleForge,55,12,2009-03-23,
1025,Battlefield Play4Free,69,18,2011-04-04,65
1026,Battlefield 1942,83,16,2004-06-28,65
1027,Battlefield Vietnam,80,16,2004-03-14,65
1028,Battlefield 3,82,16,2011-10-25,
1029,Bayonetta,86,18,2009-10-29,
1030,Beyond Good & Evil,87,7,2008-09-01,
1031,Thief: Deadly Shadows,72,12,2004-05-25,
1032,Thief II,51,16,2000-02-29,4
1033,Neon Genesis Evangelion,87,16,1999-06-25,
1034,Captain America: Super Soldier,84,12,2011-07-14,
1035,Breath of Fire IV,63,12,2000-04-27,
1036,Far Cry 3,85,18,2012-11-29,
1037,Half-Life: Decay,77,18,2001-11-14,
1038,Brothers in Arms: Road to Hill 30,77,16,2008-09-23,
1039,Biomotor Unitron,57,7,1999-04-15,
1040,Baldur's Gate: Dark Alliance II,96,12,2022-07-20,
1041,Baldur's Gate: Dark Alliance,63,12,2021-12-17,
1042,Baldur's Gate II: Shadows of Amn,85,12,2001-09-01,
1043,Bangai-O Spirits,74,7,2008-03-19,
1044,Banjo-Kazooie: Grunty's Revenge,71,3,2003-09-12,
1045,Banjo-Kazooie: Nuts & Bolts,73,7,2008-11-11,
1046,Banjo-Tooie,81,3,2000-11-20,
1047,Bastion,83,12,2012-04-26,
1048,Baten Kaitos: Eternal Wings and the Lost Ocean,69,12,2003-12-05,
1049,Battle Bugs,88,7,1997-09-18,
1050,Battle Realms,64,12,2001-11-07,
1051,Battlefield 1943,75,16,2009-07-08,
1052,Battlefield 2142,59,16,2006-10-17,65
1053,Battlezone,97,12,1998-02-28,
1054,Battlezone II: Combat Commander,67,16,1999-01-01,
1055,Beach Spikers,67,3,2002-07-19,
1056,TrackMania 2,74,3,2011-09-14,
1057,Beetle Adventure Racing!,57,0,1999-02-28,
1058,Tomb Raider II,75,12,1997-10-31,
1059,Beneath a Steel Sky,55,12,2009-10-07,3
1060,F.E.A.R.,85,18,2005-10-18,
1061,God of War,64,18,2005-03-22,
1062,Earthsiege 2,85,12,1996-01-01,
1063,The Emperor's New Groove,80,3,2000-11-13,
1064,Secret Weapons Over Normandy,76,16,2003-11-18,10
1065,Bully,88,16,2016-12-08,10
1066,Kororinpa,95,0,2007-02-23,
1067,Evolution: The World of Sacred Device,83,7,2000-06-09,
1068,Star Trek: Bridge Commander,90,0,2002-02-22,
1069,Half-Life: Blue Shift,75,16,2001-06-12,
1070,Crisis Core: Final Fantasy VII,73,16,2007-09-13,
1071,Crash Team Racing,87,3,1999-09-30,
1072,The Legend of Mir 2,73,12,2001-09-19,
1073,GT Legends,64,3,2005-10-15,
1074,Kennedy Approach,70,3,2023-04-23,
1075,The Simpsons: Hit & Run,82,7,2003-09-16,10
1076,Silent Hill 3,87,18,2003-05-23,
1077,Super Robot Wars Gaiden: Masō Kishin – The Lord of Elemental,70,12,1996-01-01,
1078,Europa Universalis,75,3,2001-02-21,28
1079,Garry's Mod,76,18,2013-06-05,
1080,Need for Speed: Hot Pursuit,77,7,2010-11-16,
1081,Command & Conquer: Renegade,79,12,2002-02-26,14
1082,Beatmania IIDX 10th Style,77,7,2004-02-16,
1083,Beatmania IIDX 7th Style,47,0,2004-03-13,
1084,Beatmania IIDX 9th Style,67,7,2005-03-21,
1085,Beatmania IIDX 8th Style,79,0,2002-09-27,
1086,Orcs & Elves,67,12,2007-01-01,
1087,Doom RPG,78,18,2005-09-13,
1088,Mario Kart Wii,86,3,2008-04-10,
1089,Wildlife Park,76,3,2003-12-08,
1090,Super Robot Taisen: Original Generation,63,7,2002-11-22,
1091,Empire: Total War,76,16,2009-03-03,
1092,Emergency Fire Response,62,7,2003-07-30,
1093,Devil May Cry 3: Dante's Awakening,87,16,2005-02-17,
1094,Wii Fit,56,3,2007-12-01,
1095,Star Wars: The Force Unleashed,77,12,2008-09-16,9
1096,Serious Sam: The Second Encounter,80,16,2002-02-05,
1097,Shin Megami Tensei: Strange Journey,61,18,2009-10-08,
1098,Crash Bandicoot: Warped,64,3,1998-10-31,
1099,Devil Summoner: Raidou Kuzunoha vs. The Soulless Army,69,16,2007-02-26,
1100,Gurumin: A Monstrous Adventure,66,3,2004-12-25,
1101,Silent Hill: Origins,76,18,2007-11-06,
1102,Disaster Report,68,12,2015-02-18,
1103,Brain Challenge,65,0,2008-11-10,
1104,Tom Clancy's EndWar,61,12,2008-11-04,
1105,Devil May Cry,81,16,2001-08-23,
1106,Conker's Bad Fur Day,86,16,2001-03-05,
1107,Dance Maniax,88,7,2000-01-01,
1108,Airport Tycoon,85,3,2000-04-25,10
1109,Jets'n'Guns,69,12,2006-01-01,
1110,FIFA 08,78,3,2007-09-27,
1111,Dead Space 2,88,18,2011-01-25,
1112,Death Crimson OX,88,12,2001-05-10,
1113,Ethnic Cleansing,74,16,2002-01-21,
1114,Tom Clancy's H.A.W.X,77,12,2009-03-03,
1115,Super Smash Bros. Brawl,86,12,2008-01-31,
1116,The Legend of Heroes: Trails in the Sky,85,12,2015-06-11,
1117,Kingdom Hearts: Chain of Memories,65,3,2004-11-11,
1118,Forza Motorsport 3,77,3,2009-10-22,
1119,Under Defeat,61,16,2006-03-23,
1120,Quest for Glory V: Dragon Fire,49,12,1998-01-01,
1121,Dreamfall Chapters,77,12,2014-01-01,
1122,Imperium Galactica,72,12,1997-01-01,
1123,Space Empires IV,79,12,2000-11-07,
1124,Monster Hunter Frontier Online,83,12,2007-06-21,
1125,S.W.I.N.E.,69,12,2001-11-19,
1126,Radiant Historia,57,7,2010-11-03,
1127,LSD,41,12,1998-10-22,
1128,Gran Turismo 4,85,3,2005-02-22,
1129,Shadow of the Colossus,87,12,2005-10-18,
1130,Metal Gear Solid 4: Guns of the Patriots,88,18,2008-06-12,
1131,Ninja Reflex,92,7,2008-03-04,
1132,SpongeBob SquarePants featuring Nicktoons: Globs of Doom,76,7,2008-10-20,
1133,Battle Raper 2,77,18,2005-04-22,
1134,FaceBreaker,65,12,2008-09-04,
1135,Tiger Woods PGA Tour 09,58,3,2009-03-19,
1136,"Kimi ga Yobu, Megido no Oka de",78,12,2008-12-26,
1137,Shukufuku no Campanella,65,7,2010-09-30,
1138,Planescape: Torment,87,16,1999-12-12,
1139,December When There Is No Angel,81,16,2003-09-26,
1140,Kusari,73,16,2005-09-22,
1141,Harry Potter and the Goblet of Fire,57,7,2006-06-13,10
1142,Brothers in Arms: Hell's Highway,79,18,2008-09-23,
1143,Medal of Honor,66,18,2010-10-12,
1144,Vampire Night,55,16,2001-11-16,
1145,Kizuna Encounter: Super Tag Battle,93,16,1996-09-20,
1146,Metal Slug 1st Mission,62,3,1999-01-01,
1147,The Legend of Zelda: The Wind Waker,87,7,2002-12-13,
1148,Clover Heart's,78,16,2003-11-28,
1149,Manhunt,78,18,2003-11-18,10
1150,Sonic 3D Blast,74,3,1996-11-01,
1151,Super Mario Bros. 2,78,3,2019-02-13,
1152,Super Mario Galaxy 2,87,3,2010-05-23,
1153,Bible Black,67,18,2006-11-21,
1154,Knights of Valour,79,18,1999-01-01,
1155,Machinarium,84,7,2009-10-16,1
1156,Spyro the Dragon,84,7,1998-09-10,
1157,Mario Kart DS,85,3,2005-11-14,
1158,How to Train Your Dragon,78,7,2010-03-23,
1159,Sangokushi Sousouden,65,12,1998-12-11,
1160,Glove on Fight,67,18,2002-05-12,
1161,K-On! Hōkago Live!!,76,7,2010-09-30,
1162,Touhou Seirensen ~ Undefined Fantastic Object,56,7,2009-08-15,
1163,The Legend of Heroes: Trails from Zero,73,18,2022-09-27,
1164,BloodRayne 2,75,18,2004-10-12,41
1165,The Legend of Zelda: Skyward Sword,83,12,2011-11-18,
1166,Alundra,82,7,1997-04-11,
1167,DJMax Ray,97,7,2012-09-28,
1168,Harry Potter and the Half-Blood Prince,69,16,2010-07-02,10
1169,Star Wars: Republic Commando,84,12,2005-03-01,
1170,Hannah Montana: Spotlight World Tour,76,7,2008-05-16,
1171,Britney's Dance Beat,68,3,2002-01-01,
1172,Metal Slug Advance,80,12,2004-11-12,
1173,Total War: Rome II,84,16,2014-09-03,
1174,World Cup 98,60,3,1998-03-31,
1175,Frogger: Helmet Chaos,79,3,2005-09-29,
1176,Dungeon Explorer: Warriors of Ancient Arts,77,7,2007-11-17,
1177,Harukanaru Toki no Naka de 3,93,7,2006-03-23,
1178,Baldr Sky,68,7,2019-12-20,
1179,Nintendogs,52,3,2005-04-21,
1180,Hoshizora no Memoria,68,12,2017-12-18,
1181,Brothers in Arms: Earned in Blood,76,16,2008-09-23,
1182,Brothers in Arms: D-Day,59,16,2006-11-07,
1183,Remember 11: The Age of Infinity,97,7,2004-03-18,
1184,Ragnarok Odyssey,90,12,2012-02-02,
1185,Dungeon Siege,79,12,2002-04-05,
1186,Need for Speed: Hot Pursuit 2,80,3,2002-09-30,
1187,Shuffle! Love Rainbow,63,7,2011-04-28,
1188,Double Spoiler ~ Touhou Bunkachou,67,12,2010-03-14,
1189,Yousei Daisensou ~ Touhou Sangetsusei,68,12,2010-08-14,
1190,TNA Impact!: Cross the Line,77,18,2010-06-25,
1191,Cities in Motion,69,3,2014-01-09,
1192,Touhou Chireiden ~ Subterranean Animism,58,12,2008-08-16,
1193,Clive Barker's Jericho,74,18,2007-10-23,
1194,Klonoa: Empire of Dreams,89,3,2001-07-19,
1195,Colin McRae Rally 04,71,3,2003-09-19,
1196,Coloball 2002,59,16,2002-06-27,
1197,Final Fantasy XIV,83,16,2010-09-30,7
1198,Command & Conquer,84,12,1995-08-31,
1199,The Legend of Zelda: Spirit Tracks,78,7,2009-12-07,
1200,Soul Nomad & the World Eaters,82,12,2021-08-31,
1201,Firefall,52,16,2011-01-01,
1202,Crash Bandicoot: The Wrath of Cortex,77,3,2002-04-16,
1203,Crash Tag Team Racing,77,7,2005-10-19,10
1204,Crash of the Titans,78,7,2007-10-02,
1205,Tekken 6,77,12,2007-11-26,
1206,Shining Wind,91,12,2007-05-17,
1207,Super Smash Bros.,72,7,1999-01-21,
1208,Wolfenstein: Enemy Territory,65,16,2003-05-29,
1209,PixelJunk Monsters,69,3,2007-12-06,
1210,Victoria: An Empire Under the Sun,75,3,2003-01-01,
1211,Sangokushi Taisen,97,12,2005-01-01,
1212,Wii Play,59,3,2006-12-02,
1213,Animal Crossing: Wild World,77,0,2005-11-23,
1214,Tom Clancy's Splinter Cell: Double Agent,76,18,2006-10-17,
1215,Black & White,58,12,2001-03-25,
1216,The Black Mirror,72,12,2003-10-17,
1217,Blackthorne,79,12,1996-01-31,
1218,Blade Runner,62,16,1997-10-31,
1219,Blood,86,16,1997-05-31,
1220,Blur,79,7,2010-05-25,
1221,Body Harvest,67,16,1998-10-20,
1222,The Song of Saya,59,18,2003-12-26,
1223,Boiling Point: Road to Hell,90,16,2005-05-20,
1224,Super Robot Wars UX,84,12,2013-03-14,
1225,Border Down,89,12,2003-09-25,
1226,Borderlands 2,80,18,2014-05-13,
1227,Borderlands,76,18,2009-10-20,
1228,The Idolmaster,60,16,2005-07-26,
1229,Tenchu: Fatal Shadows,62,16,2004-07-22,
1230,Cross Channel,77,7,2003-09-26,
1231,Gorky 17,68,16,1999-11-30,
1232,Cut the Rope,76,3,2013-12-19,
1233,Samorost,78,3,2003-01-01,1
1234,Puyo Puyo! 15th Anniversary,53,3,2007-07-26,
1235,Mount & Blade,78,16,2008-09-16,
1236,RollerCoaster Tycoon 3,80,3,2004-10-26,
1237,Imperium Galactica II: Alliances,64,12,2000-04-10,
1238,Breakdown,82,18,2004-01-29,
1239,Desperados: Wanted Dead or Alive,84,12,2001-04-20,
1240,Neighbours from Hell,77,3,2003-06-20,
1241,Napoleon: Total War,74,16,2010-02-23,
1242,Metal Gear Solid 2: Sons of Liberty,87,16,2001-11-13,
1243,Special Force,79,18,2003-02-16,
1244,Empire Earth III,76,12,2007-11-06,
1245,Racing Lagoon,84,7,1999-06-10,
1246,Tom Clancy's Splinter Cell: Conviction,77,18,2010-04-13,
1247,Bomberman Land Touch!,66,7,2007-07-19,
1248,Vantage Master,65,12,1997-12-12,
1249,Guilty Gear 2: Overture,68,12,2016-03-31,
1250,Doom II RPG,56,18,2009-11-23,
1251,Gradius IV,77,3,1999-02-04,
1252,Symphonic Rain,85,0,2004-03-26,
1253,Dreamfall: The Longest Journey,85,16,2006-04-17,
1254,Ridge Racer 6,60,3,2005-11-22,
1255,Namco Museum Remix,85,3,2008-04-18,
1256,Persona 3,66,16,2008-02-29,
1257,Farmerama,68,3,2009-10-09,
1258,Warriors: Legends of Troy,68,18,2011-05-26,
1259,G-senjou no Maou - The Devil on G-String,89,18,2008-05-29,
1260,Of Orcs and Men,60,12,2012-10-11,
1261,Viva Piñata,72,3,2006-11-09,
1262,FIFA: Road to World Cup 98,85,3,1997-01-01,
1263,Unreal Tournament 2004,86,16,2004-03-16,
1264,Discworld Noir,83,12,1999-07-05,
1265,Street Fighter IV,76,12,2008-07-18,22
1266,Toki Tori,57,3,2018-03-30,
1267,Tomb Raider: Underworld,74,16,2009-01-23,
1268,The Witcher 2: Assassins of Kings,86,18,2011-05-17,49
1269,Prince of Persia: The Forgotten Sands,73,16,2010-05-18,
1270,SimCity,48,7,2013-03-05,10
1271,F1 2010,69,3,2010-09-22,8
1272,The Longest Journey,87,7,1999-11-19,
1273,Mario no Photopi,66,7,1998-12-02,
1274,Mario Super Sluggers,96,3,2008-06-19,
1275,Desperate Housewives: The Game,67,0,2006-10-05,
1276,Transformers: Beast Wars Transmetals,70,12,1999-12-09,
1277,Dragon Quest Characters: Torneko no Daibōken 3,75,16,2002-10-31,
1278,Bleach: The Blade of Fate,88,16,2006-01-26,
1279,NCAA Football 08,68,7,2007-07-17,
1280,Mortal Kombat 4,70,12,1997-10-15,
1281,Rogue Trooper,63,16,2009-02-20,
1282,"Ed, Edd n Eddy: The Mis-Edventures",72,3,2005-09-30,
1283,Condemned 2: Bloodshot,76,18,2008-03-11,
1284,"Warhammer 40,000: Dawn of War II",79,16,2009-02-19,
1285,Just Dance Kids,70,3,2011-02-03,
1286,Colour Cross,85,3,2008-12-05,
1287,WWE SmackDown vs. Raw 2007,80,16,2006-11-14,
1288,NHL 2001,63,12,2000-09-26,
1289,RollerCoaster Tycoon 2,56,3,2002-10-15,
1290,Playboy: The Mansion,84,16,2005-01-25,
1291,The Sims Life Stories,49,12,2007-02-06,
1292,Metal Gear Rising: Revengeance,85,18,2013-02-19,
1293,Stranded,79,16,2003-01-01,
1294,Lost in Shadow,73,7,2011-01-04,
1295,Thief: The Dark Project,69,16,1998-11-30,4
1296,Medal of Honor: Airborne,74,16,2007-09-04,
1297,Medal of Honor: Pacific Assault,75,16,2004-11-04,
1298,Two Worlds II,61,16,2010-11-12,
1299,Rodea the Sky Soldier,77,12,2015-01-01,
1300,Pilotwings 64,82,0,1996-06-23,
1301,Wild Arms 5,75,12,2006-12-14,
1302,Rage,69,18,2011-10-04,
1303,Giga Wing,86,7,1999-11-11,
1304,WWE SmackDown! vs. Raw,79,16,2004-11-02,
1305,Ben 10 Ultimate Alien: Cosmic Destruction,78,12,2011-01-11,44
1306,Wakfu,59,12,2014-01-10,
1307,Republic: The Revolution,70,12,2003-08-27,
1308,DoDonPachi Dai-Ou-Jou,83,12,2009-02-19,
1309,Dance Dance Revolution: Mario Mix,73,3,2005-07-14,
1310,Lemmings Revolution,88,3,2000-04-28,
1311,Donkey Kong Jungle Beat,73,3,2004-12-16,
1312,The Operative: No One Lives Forever,64,12,2000-12-08,
1313,Freelancer,67,12,2003-03-04,
1314,Fear Effect,78,16,2000-02-24,
1315,Kingdom Hearts 358/2 Days,77,12,2009-05-30,
1316,Silent Hill: Homecoming,64,18,2008-09-30,
1317,Might & Magic Heroes VI,69,16,2011-10-13,
1318,The Walking Dead: Season One,73,18,2012-04-24,
1319,Syphon Filter,75,18,1999-02-16,
1320,Shift 2 Unleashed,71,3,2011-03-29,
1321,La Pucelle: Tactics,67,12,2002-01-31,
1322,Retro Game Challenge,59,3,2007-11-15,
1323,Kingdoms of Amalur: Reckoning,72,18,2012-02-07,
1324,The Feeble Files,78,12,1997-01-01,
1325,MediEvil,55,7,1999-06-17,
1326,Armed and Dangerous,73,12,2003-12-02,
1327,Spyro 2: Ripto's Rage!,83,3,1999-11-02,
1328,Tribes: Aerial Assault,63,18,2002-09-23,
1329,Spyro: Year of the Dragon,88,3,2000-10-11,
1330,Spyro: A Hero's Tail,63,3,2004-11-03,
1331,Spyro: Shadow Legacy,77,7,2005-10-18,
1332,Hostile Waters: Antaeus Rising,43,12,2001-03-23,
1333,Japan Pro Golf Tour 64,82,16,2000-05-02,
1334,MediEvil 2,50,12,2000-04-21,
1335,Fable,77,12,2007-12-04,
1336,Shin Megami Tensei: Devil Survivor,64,12,2009-01-15,
1337,Call of Cthulhu: Dark Corners of the Earth,82,18,2005-10-24,
1338,Aliens vs. Predator: Extinction,58,16,2003-07-30,
1339,Krater,49,12,2012-06-12,
1340,Max Payne 2: The Fall of Max Payne,88,18,2003-10-14,10
1341,Alchemy,60,3,2001-08-29,
1342,Revelations: Persona,70,12,1996-09-20,
1343,Serious Sam: The First Encounter,81,16,2001-03-21,
1344,The Sims Castaway Stories,79,12,2008-01-29,
1345,Guitar Hero: Warriors of Rock,60,12,2010-09-24,
1346,Trojan,86,18,1997-10-26,
1347,Howrse,63,7,2005-01-01,
1348,International Superstar Soccer 3,67,16,2003-03-28,
1349,Crusader: No Remorse,74,18,1997-03-14,
1350,Daigasso! Band Brothers,80,0,2004-12-02,
1351,Total Annihilation,72,12,1997-09-30,
1352,The Sims Bustin' Out,57,3,2003-12-02,
1353,No More Heroes 2: Desperate Struggle,66,16,2021-06-09,
1354,Zendoku,66,0,2007-04-20,
1355,Advance Wars,97,7,2001-01-01,
1356,Clock Tower,83,12,2013-11-06,
1357,WWE SmackDown vs. Raw 2011,70,12,2010-10-26,
1358,Def Jam Vendetta,55,16,2003-03-31,
1359,F-Zero: Maximum Velocity,61,3,2001-03-21,
1360,Alien Trilogy,95,16,1996-05-31,
1361,Operation Flashpoint: Cold War Crisis,73,16,2001-06-22,18
1362,Ever 17: The Out of Infinity,86,12,2002-08-29,
1363,Spirit Camera: The Cursed Memoir,79,16,2012-01-12,
1364,Professor Layton vs. Ace Attorney,83,12,2012-11-29,
1365,Crazy Machines 2,65,7,2007-10-15,
1366,Risk II,84,7,2000-03-22,
1367,Age of Wonders: Shadow Magic,71,12,2003-07-25,
1368,Kirby: Squeak Squad,82,3,2006-11-02,
1369,The Matrix Online,72,12,2005-03-22,
1370,Jak 3,84,12,2004-11-09,
1371,Ape Escape,86,3,1999-05-31,
1372,Team Buddies,95,7,2000-09-15,
1373,Starhawk,65,16,2012-05-08,
1374,R-Type Final,73,3,2003-07-17,
1375,Duke Nukem Forever,57,18,2011-06-10,
1376,Spec Ops: The Line,82,18,2012-06-26,
1377,Second Sight,64,16,2004-09-03,
1378,Dark Sector,65,18,2008-03-25,
1379,Warlords Battlecry II,61,12,2002-03-12,
1380,Sexy Parodius,64,16,1996-11-01,
1381,WWF SmackDown! 2: Know Your Role,54,16,2000-11-21,
1382,Lego Pirates of the Caribbean,62,7,2011-05-10,
1383,Urban Reign,72,12,2005-09-13,
1384,The Legend of Zelda: Four Swords Adventures,63,3,2004-03-18,
1385,Operation 7,97,18,2009-05-01,
1386,Midtown Madness 2,70,7,2000-04-22,
1387,X-COM: Terror from the Deep,69,12,2013-08-27,
1388,The Legend of Heroes: Trails of Cold Steel,80,12,2021-07-08,5
1389,From Dust,69,12,2012-05-23,
1390,Angelique Etoile,86,16,2004-09-16,
1391,Rise of Nations: Rise of Legends,64,12,2006-05-09,
1392,Alone in the Dark,71,18,2008-06-20,10
1393,X-COM: Enforcer,47,12,2001-04-18,
1394,Grid 2,66,3,2013-05-27,8
1395,Sonic Generations,78,3,2011-11-01,39
1396,Hulk,69,12,2003-05-27,
1397,The Spiderwick Chronicles,72,7,2008-02-05,
1398,Turning Point: Fall of Liberty,55,12,2008-02-26,
1399,MechWarrior 3,48,12,1999-01-01,
1400,Disney Magicboard Online,85,7,2007-12-10,
1401,Metal Slug 2,81,12,1998-10-16,
1402,Fable III,75,16,2010-08-02,
1403,Batman: Vengeance,64,12,2001-10-15,
1404,Dark Savior,64,12,1996-08-30,
1405,Diner Dash 2: Restaurant Rescue,74,0,2006-01-18,
1406,Dead Island: Riptide,68,18,2013-04-23,
1407,Winx Club: Quest for the Codex,67,7,2006-11-06,
1408,Gran Turismo 3: A-Spec,85,3,2001-04-28,
1409,Evil Genius,76,12,2004-09-28,
1410,Ninja Gaiden,90,16,2004-03-02,
1411,Bomberman Touch,63,12,2008-07-10,
1412,DEFCON,61,7,2006-09-29,
1413,Deca Sports,68,3,2008-03-19,
1414,Race Driver: Grid,78,7,2008-05-30,8
1415,Bolt,56,16,2009-02-13,
1416,Godzilla Trading Battle,58,7,1998-12-03,
1417,Final Fantasy Fables: Chocobo Tales,59,12,2006-12-14,
1418,UEFA Euro 2000,72,3,2000-04-28,
1419,Gran Turismo 2,77,3,2000-01-28,
1420,Fable II,83,16,2008-07-08,
1421,Luigi's Mansion,86,0,2001-09-14,
1422,Romancing SaGa,85,7,2022-12-01,
1423,Summon Night: Twin Age,60,16,2007-08-30,
1424,Emperor: Battle for Dune,71,16,2001-06-12,
1425,Akai Ito,45,16,2004-10-21,
1426,Fallout Tactics: Brotherhood of Steel,67,16,2001-03-15,
1427,Phantasy Star Universe: Ambition of the Illuminus,80,12,2008-01-25,
1428,Broken Age,73,12,2018-09-13,
1429,Yggdra Union,67,16,2006-03-23,
1430,Romance of the Three Kingdoms XI,79,3,2007-03-21,
1431,Super Robot Wars J,62,7,2005-09-15,
1432,Code Lyoko: Fall of X.A.N.A.,75,3,2008-06-20,
1433,Riviera: The Promised Land,72,7,2024-05-29,
1434,Princess Waltz,86,7,2006-04-28,
1435,Giten Megami Tensei: Tokyo Mokushiroku,59,12,1999-12-22,
1436,Savage 2: A Tortured Soul,86,12,2008-01-16,
1437,Burnout Paradise,82,7,2008-01-21,10
1438,"Blast Works: Build, Trade, Destroy",65,18,2009-04-03,
1439,Buzz! Junior: Monster Rumble,97,3,2007-11-02,
1440,Buzz! Junior: Jungle Party,75,0,2007-10-30,
1441,Café 0 ~The Drowned Mermaid~,74,12,2015-01-29,
1442,Call of Juarez: Bound in Blood,78,16,2009-06-30,
1443,Civilization: Call to Power,75,7,1999-03-01,
1444,Brothers in Arms 2: Global Front,72,18,2010-02-22,
1445,Gift,68,12,2005-01-01,
1446,Batman: The Brave and the Bold – The Videogame,90,12,2010-09-07,
1447,The Walking Dead: Survival Instinct,77,18,2013-03-21,41
1448,Danganronpa: Trigger Happy Havoc,86,16,2010-01-01,
1449,Emil Chronicle Online,66,7,2005-11-24,
1450,Hitman 2: Silent Assassin,79,16,2002-09-30,
1451,Championship Manager: Season 01/02,74,16,2001-10-12,
1452,MySims Kingdom,97,7,2024-11-19,
1453,Rock Revolution,53,3,2008-10-15,
1454,Polarium,63,3,2004-12-02,
1455,Crisis Zone,92,16,2004-09-17,
1456,Touhou Youyoumu ~ Perfect Cherry Blossom,67,16,2003-08-17,
1457,Touhou Eiyashou ~ Imperishable Night,61,12,2004-08-15,
1458,Record of Agarest War,67,12,2007-09-27,
1459,Ultima Online,78,16,1997-09-24,
1460,Warriors of Fate,72,12,1996-03-22,
1461,Carrier Command,73,3,2022-12-24,
1462,Super Swing Golf,61,16,2007-06-08,
1463,428: Shibuya Scramble,57,12,2008-12-04,
1464,Touhou Fuujinroku ~ Mountain of Faith,64,12,2007-08-17,
1465,Super Mario World 2: Yoshi's Island,87,3,1995-08-05,
1466,Brunswick Pro Bowling,77,3,2007-08-28,
1467,Company of Heroes Online,86,18,2010-09-02,
1468,Mario Kart 64,59,3,1996-12-14,
1469,Guitar Hero III: Legends of Rock,88,12,2008-05-22,
1470,Crush,75,7,2007-05-25,
1471,Clear,65,7,2007-08-24,
1472,Street Legal Racing: Redline,83,3,2003-07-18,
1473,Postal,60,18,1997-11-14,
1474,Touhou Suimusou ~ Immaterial and Missing Power,81,18,2004-12-30,
1475,Touhou Hisoutensoku,79,16,2009-08-15,
1476,Resident Evil – Code: Veronica,67,16,2000-02-03,
1477,Super Mario 3D Land,83,3,2011-11-03,
1478,Touhou Bunkachou ~ Shoot the Bullet,78,12,2005-12-30,
1479,Gears of War 3,84,18,2011-09-20,
1480,Touhou Kaeidzuka ~ Phantasmagoria of Flower View,93,16,2005-08-14,
1481,Tropico,77,12,2001-04-21,
1482,Bleach: Soul Resurrección,64,12,2011-06-23,
1483,Bleach: Dark Souls,70,12,2007-02-15,
1484,Midtown Madness,86,7,1999-02-27,
1485,Touhou Shinreibyou ~ Ten Desires,80,12,2011-05-08,
1486,ProtoGalaxy,37,18,2010-10-06,
1487,Cave Story,79,7,2010-12-10,
1488,Unreal Tournament 3,83,18,2007-11-12,
1489,Crash Bandicoot Purple: Ripto's Rampage and Spyro Orange: The Cortex Conspiracy,88,3,2004-06-03,
1490,Super Smash Bros. Melee,87,3,2001-11-24,
1491,Tekken 5,65,12,2005-02-24,
1492,Resident Evil: The Umbrella Chronicles,74,18,2007-11-13,
1493,Real Bout Fatal Fury 2: The Newcomers,74,18,1998-03-19,
1494,Tom Clancy's Splinter Cell: Pandora Tomorrow,82,12,2004-03-23,
1495,Centipede,72,3,2010-11-03,
1496,Ace of Spades,71,16,2012-12-12,
1497,Bittersweet Fools,78,12,2001-08-31,
1498,Haru no Ashioto,59,16,2004-07-23,
1499,Ōkamiden,62,12,2010-09-30,
1500,Resident Evil Zero,80,18,2019-05-21,
1501,Super Robot Wars Destiny,78,12,2003-08-08,
1502,Thor: God of Thunder,69,16,2011-04-28,41
1503,Puyo Pop Fever,58,3,2004-02-04,10
1504,Zone of the Enders: The 2nd Runner,78,12,2003-02-13,
1505,Puyo Puyo!! 20th Anniversary,70,3,2011-07-14,
1506,Super Mario All-Stars,61,3,1993-07-14,
1507,Silent Hill: Play Novel,61,16,2001-01-01,
1508,Mario Strikers Charged,49,7,2007-05-25,
1509,The Legend of Zelda: Link's Awakening,68,7,1993-12-01,
1510,Hearts of Iron II,69,18,2005-01-04,28
1511,Super Mario Kart,81,3,1992-08-27,
1512,"Warhammer 40,000: Dawn of War",78,16,2004-09-20,
1513,Tekken 3,87,12,1998-03-26,
1514,Chaos on Deponia,81,12,2012-11-06,
1515,drummania,89,7,2010-01-01,
1516,English Training: Have Fun Improving Your Skills!,75,0,2006-01-26,
1517,Super Mario RPG,48,3,1996-03-09,
1518,Jet Set Radio Future,83,7,2002-02-22,
1519,Medal of Honor: Underground,68,12,2000-10-23,
1520,Oddworld: Abe's Oddysee,71,12,1997-08-31,
1521,Big Brain Academy,84,3,2005-06-30,
1522,Rune Factory: A Fantasy Harvest Moon,71,7,2006-08-24,
1523,Dragon Age II,68,18,2011-03-08,
1524,Salamander 2,69,12,1996-06-19,
1525,Lord of Ultima,63,12,2010-04-20,
1526,Shuffle!,75,12,2004-01-01,
1527,Re-Volt,59,0,1999-07-31,
1528,Starship Titanic,67,16,1998-01-01,
1529,Prince of Persia 3D,46,12,2000-01-01,
1530,Ice Climber,61,0,1985-01-30,
1531,Runaway: A Road Adventure,82,12,2004-05-15,
1532,Lego Harry Potter: Years 1–4,76,7,2010-06-25,
1533,Orcs Must Die!,74,12,2011-10-05,
1534,Cities XL,70,12,2009-10-08,
1535,Wario Land: Shake It!,64,7,2008-07-24,
1536,Shin Megami Tensei III: Nocturne,76,16,2005-01-01,
1537,Darklands,69,16,2014-10-17,
1538,Chaser,65,16,2003-08-30,
1539,Growlanser,69,12,1999-11-25,
1540,Sonic the Hedgehog,73,12,2007-01-30,
1541,Tom Clancy's Rainbow Six,86,16,1998-08-21,
1542,Sonic Adventure,80,3,2011-03-04,
1543,Lumines,63,0,2004-12-12,
1544,Enemy Territory: Quake Wars,71,18,2007-09-28,
1545,Populous: The Beginning,65,12,1998-11-30,
1546,Crusader Kings,62,3,2004-08-27,28
1547,007: Quantum of Solace,84,16,2009-03-26,13
1548,Intelligent Qube,50,3,1997-01-31,
1549,Border Break,81,16,2009-09-09,
1550,Sonic Adventure 2,79,3,2012-10-02,
1551,Civilization IV: Colonization,61,7,2008-09-23,
1552,The King of Fighters '96,82,12,1996-07-30,
1553,Digimon World DS,61,7,2006-06-15,
1554,The King of Fighters XII,65,12,2009-04-10,
1555,No More Heroes,84,16,2008-01-22,
1556,Doom 64,77,18,1997-03-31,
1557,The King of Fighters '97,63,16,1997-07-28,
1558,Panel de Pon,61,3,1996-08-01,
1559,The King of Fighters 2003,78,18,2003-01-01,
1560,The Chronicles of Riddick: Escape from Butcher Bay,86,16,2004-06-01,
1561,The King of Fighters '99,62,12,1999-07-22,
1562,The King of Fighters 2000,74,12,2000-07-26,
1563,Donkey Kong Country 2: Diddy's Kong Quest,87,3,1995-11-20,
1564,Child of Eden,66,7,2011-06-14,
1565,Metal Slug X,83,12,2014-10-02,
1566,Final Fantasy Tactics Advance,79,3,2003-02-14,
1567,Tekken 4,87,12,2002-03-28,
1568,Digimon World Data Squad,65,16,2006-11-30,
1569,25 to Life,79,18,2006-01-17,
1570,Project Torque,74,3,2008-04-30,
1571,Touhou Koumakyou ~ The Embodiment of Scarlet Devil,74,16,2002-08-11,
1572,WarioWare: Smooth Moves,69,7,2006-12-02,
1573,Paper Mario: The Thousand-Year Door,86,3,2004-07-22,
1574,Fate/Extra,80,12,2010-07-22,
1575,R.U.S.E.,71,16,2010-09-07,23
1576,Front Mission Evolved,64,12,2010-09-28,
1577,Ace Combat: Joint Assault,74,16,2010-08-26,
1578,One Piece: Grand Battle!,63,12,2005-03-17,
1579,Traffic Giant,74,0,2001-02-28,
1580,Singularity,80,18,2010-06-25,
1581,Might and Magic VIII: Day of the Destroyer,74,12,2000-03-07,
1582,Metal Gear Solid: Digital Graphic Novel,88,12,2006-01-01,
1583,Majin and the Forsaken Kingdom,53,12,2010-11-23,
1584,Might and Magic VII: For Blood and Honor,75,16,1999-01-01,
1585,Kingdom Hearts Coded,73,12,2008-11-18,
1586,Imperivm: Great Battles of Rome,54,7,2005-05-10,
1587,Warriors Orochi,65,12,2007-03-21,
1588,Chrono Cross,77,12,1999-11-18,
1589,Dead or Alive: Dimensions,85,16,2011-05-19,
1590,Madden NFL Football,73,12,2011-03-27,
1591,Super Robot Wars W,62,12,2007-03-01,
1592,Order & Chaos Online,52,12,2011-04-27,
1593,CS2D,65,18,2004-03-27,
1594,Super Robot Wars A,72,12,2001-09-21,
1595,Oddworld: Munch's Oddysee,68,12,2001-11-15,
1596,Mario Pinball Land,76,12,2004-08-26,
1597,Battlefield 2: Modern Combat,66,12,2006-01-26,10
1598,Spider-Man: Friend or Foe,83,7,2007-10-02,
1599,Initial D: Street Stage,73,0,2006-02-20,
1600,Initial D Arcade Stage 4,47,7,2007-02-21,
1601,Claw,72,7,1997-09-30,
1602,Another Century's Episode Portable,78,16,2011-01-13,5
1603,Super Robot Wars MX,85,12,2004-05-27,
1604,Clive Barker's Undying,84,18,2001-02-21,
1605,Codename Eagle,86,18,2000-03-29,
1606,Codename: Panzers,80,12,2004-09-30,
1607,Aiyoku no Eustia,70,18,2011-04-28,
1608,Dreamkiller,62,18,2009-10-12,
1609,64 Hanafuda: Tenshi no Yakusoku,81,3,1999-11-05,
1610,Waku Waku 7,67,18,1996-11-21,
1611,King Arthur: The Role-Playing Wargame,54,12,2009-11-25,
1612,Pokémon Puzzle League,76,3,2000-09-25,
1613,Ace Combat 5: The Unsung War,63,12,2004-10-21,
1614,Columns,69,3,2010-09-13,
1615,Pokémon Trozei!,54,3,2005-10-20,
1616,Zeno Clash,72,16,2009-04-21,
1617,Atelier Meruru: The Apprentice of Arland,72,12,2011-06-23,5
1618,Combat Arms,64,16,2008-07-11,
1619,Pokémon Battrio,67,12,2007-11-21,
1620,Just Cause 2,72,18,2010-03-23,
1621,Worms: The Director's Cut,66,7,1997-01-01,
1622,Addiction Pinball,84,12,1998-01-01,
1623,Leisure Suit Larry: Magna Cum Laude,62,18,2004-10-05,
1624,Hi-Octane,85,7,1996-12-12,
1625,Star Trek: Elite Force II,86,16,2003-06-20,
1626,Command & Conquer: Tiberium Alliances,97,12,2012-03-15,
1627,Syndicate Wars,56,12,1996-10-31,
1628,The Movies: Stunts & Effects,87,0,2006-06-06,10
1629,Homeworld,70,12,1999-09-28,
1630,Mario Kart 7,82,3,2011-12-01,
1631,Medal of Honor: Vanguard,74,16,2007-03-26,
1632,Artificial Girl 2,97,12,2004-11-26,
1633,Dragon Ball Z: Shin Budokai 2,79,12,2007-01-01,
1634,Deadliest Warrior: The Game,81,18,2010-07-14,
1635,Mind Quiz,77,7,2006-09-14,
1636,F1 Grand Prix,88,3,2005-09-01,
1637,Ehrgeiz,66,16,1998-12-17,
1638,Dragon Ball: Revenge of King Piccolo,56,7,2009-07-23,
1639,Tomb Raider III,60,12,1998-11-21,
1640,The Nations,80,7,2001-01-01,
1641,Conflict: Desert Storm II,72,16,2003-09-19,
1642,Descent: FreeSpace – The Great War,62,12,1998-03-19,
1643,Conker's Pocket Tales,62,0,1999-06-08,
1644,Conquest of the New World,67,0,1996-03-31,
1645,Lips,60,12,2008-11-18,
1646,Lego Racers,70,0,1999-10-31,
1647,Race On,78,3,2009-10-16,
1648,God of War III,88,18,2010-03-16,
1649,Karous,96,16,2007-03-08,
1650,Killzone,72,16,2005-10-27,
1651,P.N.03,57,12,2003-03-27,
1652,South Park: Chef's Luv Shack,68,18,1999-10-12,
1653,Kane & Lynch: Dead Men,72,18,2007-11-13,
1654,Sam & Max Save the World,64,12,2009-02-12,
1655,Soul Link,70,16,2009-12-28,
1656,Kirby Super Star Ultra,60,3,2009-09-18,
1657,Onimusha 2: Samurai's Destiny,73,16,2002-03-07,
1658,LovePlus,71,16,2009-09-03,
1659,Street Fighter II,64,7,2007-01-19,
1660,EverQuest,61,12,1999-03-16,
1661,Neo Angelique,65,12,2008-01-01,
1662,Wii Sports Resort,78,7,2009-06-25,
1663,So Blonde,63,12,2010-03-26,
1664,SingStar,49,3,2007-12-06,
1665,Defense Grid: The Awakening,67,12,2008-12-08,
1666,TNA Impact!,67,18,2008-09-09,
1667,Bleach: The 3rd Phantom,97,12,2008-06-26,
1668,Max & the Magic Marker,92,7,2010-01-22,
1669,Real Bout Fatal Fury,63,18,1996-01-26,
1670,Fatal Fury: Wild Ambition,78,12,1999-01-28,
1671,Exit,82,7,2005-12-15,
1672,The Curse of Monkey Island,86,12,1997-10-31,6
1673,Real Bout Fatal Fury Special,69,7,1997-01-28,
1674,Wii Play: Motion,82,7,2011-06-13,
1675,Icewind Dale,88,12,2000-06-29,
1676,Supreme Commander 2,66,12,2010-03-02,
1677,Crackdown,71,18,2007-02-20,10
1678,Street Fighter EX,73,18,1996-11-30,
1679,2006 FIFA World Cup,56,3,2006-04-24,
1680,Resident Evil: Revelations,75,16,2012-01-26,22
1681,Iron Man 2,59,12,2010-04-29,
1682,Crashday,88,12,2006-02-23,
1683,Need for Speed III: Hot Pursuit,80,3,1998-03-25,
1684,Need for Speed II,86,3,1997-03-31,
1685,The Simpsons Game,75,12,2007-10-30,10
1686,Pokémon Rumble Blast,87,7,2011-08-11,
1687,Metroid Prime Hunters,71,12,2006-03-20,
1688,Crazy Machines,47,3,2005-10-01,
1689,Crazy Taxi,79,3,1999-02-01,
1690,Lunar Pool,77,0,2007-12-11,
1691,Mario & Sonic at the London 2012 Olympic Games,59,3,2011-11-15,
1692,Scarface: The World Is Yours,88,18,2007-06-12,
1693,The Godfather,74,18,2007-03-20,10
1694,Dofus,72,12,2005-09-01,
1695,Resident Evil: Operation Raccoon City,53,18,2012-03-20,
1696,Little Big Adventure,61,12,1996-07-19,
1697,Bugs Bunny & Taz: Time Busters,69,7,2000-11-24,
1698,Mario & Sonic at the Olympic Games,67,3,2007-11-06,
1699,Pokémon Conquest,83,3,2012-03-17,
1700,Star Fox 64,44,7,1997-04-27,
1701,Guitar Freaks,85,12,1998-01-01,
1702,SuperPower 2,57,3,2004-10-11,
1703,Crystal Warriors,63,7,2013-02-06,
1704,Kid Icarus,65,7,1986-12-19,
1705,Tekken Tag Tournament,67,16,2000-03-30,
1706,Vietcong 2,77,18,2005-10-24,
1707,Mabinogi,76,12,2004-06-22,
1708,Gex: Enter the Gecko,67,7,1998-01-31,
1709,Star Trek Online,53,12,2012-01-31,
1710,Yoake Mae yori Ruriiro na,80,12,2010-02-25,
1711,Gradius V,61,7,2004-07-22,
1712,Icewind Dale II,64,12,2002-08-27,
1713,TrackMania Nations,70,7,2006-01-01,
1714,Neo Bomberman,79,12,1997-01-01,
1715,Dead Rising,74,18,2009-02-19,22
1716,Resident Evil: The Mercenaries 3D,71,18,2011-06-02,22
1717,Flight Control,87,3,2010-11-18,
1718,Strikers 1945,66,7,2022-06-29,
1719,Mobile Golf,82,3,2001-05-11,
1720,The Last Express,82,12,1997-03-30,
1721,Combat Mission: Beyond Overlord,50,12,2000-06-01,
1722,Moero! Nekketsu Rhythm Damashii Osu! Tatakae! Ouendan 2,72,0,2007-05-17,
1723,Naruto: Ultimate Ninja 2,66,12,2004-09-30,
1724,Metal Slug Anthology,68,16,2007-03-26,
1725,Sonic Riders: Zero Gravity,72,3,2009-01-08,
1726,Neon Genesis Evangelion 2,82,7,2003-11-20,
1727,Wii Fit Plus,78,3,2009-10-01,
1728,Ultimate Ghosts 'n Goblins,72,7,2006-08-13,
1729,Dark Colony,65,16,1997-08-31,
1730,SWAT 4,64,18,2005-04-05,55
1731,Rayman Raving Rabbids: TV Party,53,0,2009-01-22,
1732,Snow Bros.: Nick and Tom,68,3,2020-01-22,
1733,Tyrian,64,7,2013-04-17,
1734,Gran Turismo,56,3,2009-10-01,
1735,Resident Evil: The Darkside Chronicles,73,18,2010-01-14,22
1736,Devil Kings,86,12,2005-07-21,
1737,Bionicle Heroes,72,3,2007-04-24,
1738,Dragon Nest,64,12,2012-12-18,
1739,Tekken Card Challenge,97,18,1999-06-17,
1740,Dune 2000,76,12,1999-10-31,
1741,Demon's Souls,85,16,2009-02-05,
1742,Tomb Raider: The Prophecy,76,7,2002-11-12,
1743,Kirby's Dream Land,77,3,1992-04-27,
1744,Kirby's Adventure,75,3,1993-03-23,
1745,DJ Hero,55,12,2009-10-27,
1746,Pokémon Platinum,88,3,2008-09-13,
1747,Hydrophobia,60,18,2010-09-29,40
1748,XIII,77,16,2004-04-08,
1749,Really? Really!,72,7,2014-06-06,
1750,WarioWare: Touched!,48,3,2004-12-02,
1751,Tick! Tack!,80,18,2014-03-17,
1752,Vietcong,87,16,2003-03-26,
1753,TOCA Race Driver,68,12,2002-08-23,
1754,Race Driver: Create & Race,63,3,2007-09-25,
1755,Tropico 4,70,16,2011-08-26,
1756,Uncharted: Golden Abyss,76,16,2011-12-17,
1757,Mario Power Tennis,71,3,2004-10-28,
1758,Madden NFL 06,84,3,2005-08-08,
1759,Command & Conquer: Sole Survivor,60,12,1997-12-08,
1760,Final Fantasy Tactics: The War of the Lions,83,12,2007-05-10,
1761,NBA 2K8,76,0,2007-01-01,
1762,Madden NFL 2004,72,0,2003-08-12,
1763,High School Musical: Makin' the Cut!,72,3,2007-08-14,
1764,Ancient Wars: Sparta,59,16,2007-04-20,
1765,Ministry of War,65,7,2010-11-27,
1766,Rugby 08,71,3,2007-07-25,
1767,Escape from Monkey Island,79,12,2000-11-08,
1768,Doodle Jump,69,3,2009-04-06,
1769,Post Mortem,63,16,2003-02-28,
1770,Star Trek: Klingon Academy,56,12,2000-06-21,
1771,LocoRoco,65,3,2006-06-23,
1772,Dark Arms: Beast Buster,85,12,1999-10-21,
1773,Dark Chronicle,85,12,2002-11-28,
1774,Dark Cloud,97,12,2000-12-14,
1775,Dark Reign: The Future of War,70,16,1997-08-31,
1776,Dark Souls,87,16,2011-09-22,
1777,Darksiders,75,18,2010-01-05,
1778,Darksiders II,75,16,2012-08-14,
1779,DarkStar One,60,12,2006-06-16,
1780,Tokimeki Memorial 3: Yakusoku no Ano Basho de,63,0,2001-12-20,
1781,F1 2001,75,0,2001-09-20,
1782,Dead or Alive 5,70,16,2012-01-01,
1783,Buzz!: The Music Quiz,56,3,2005-10-21,
1784,Destruction Derby 2,70,7,1996-10-31,
1785,The Fairyland Story,50,0,2020-10-03,
1786,A Bug's Life,73,3,1999-01-01,
1787,Might and Magic VI: The Mandate of Heaven,76,12,1998-04-30,
1788,Dead Island,70,18,2011-09-06,
1789,Deadly Premonition,56,18,2019-09-04,
1790,Defender,75,7,2006-11-15,
1791,Dementium II,75,18,2013-12-17,
1792,Dementium: The Ward,83,18,2024-04-19,
1793,Demigod,64,12,2009-04-14,
1794,Battlestar Galactica Online,74,12,2011-02-08,
1795,WWE All Stars,75,16,2011-03-29,
1796,AaaaaAAaaaAAAaaAAAAaAAAAA!!! – A Reckless Disregard for Gravity,58,7,2009-09-03,
1797,Beautiful Katamari,51,0,2007-10-16,
1798,Pokémon Ranger: Guardian Signs,86,3,2010-03-06,
1799,Insaniquarium,74,3,2006-08-30,
1800,Overlord,76,16,2007-06-26,
1801,Gravity Rush,79,12,2012-02-09,5
1802,Age of Empires: The Age of Kings,78,12,2006-02-14,
1803,I Wanna Be the Guy,72,16,2007-10-05,
1804,Angry Birds Space,55,0,2012-03-22,
1805,The Elder Scrolls Online,73,16,2014-04-04,30
1806,Witch on the Holy Night,63,7,2012-04-12,
1807,Lego Creator: Harry Potter,70,0,2001-01-01,
1808,Harry Potter and the Deathly Hallows – Part 2,67,7,2011-07-12,
1809,Amazing Alex,57,0,2012-07-12,
1810,X: Beyond the Frontier,66,12,2000-01-31,
1811,One Piece: Pirate Warriors,57,12,2012-03-01,
1812,WWE '12,69,16,2012-01-26,
1813,Pokémon Dash,62,3,2004-12-02,
1814,SimCity DS,76,3,2007-02-22,
1815,Tales of Legendia,72,12,2005-08-25,
1816,R4: Ridge Racer Type 4,67,7,1999-04-16,
1817,Yoshi's Island DS,81,0,2006-11-13,
1818,Tsukihime,60,7,2000-12-29,
1819,Seafight,73,7,2006-03-18,
1820,Sonic the Hedgehog 4: Episode I,57,3,2010-10-07,
1821,The Lord of the Rings: Conquest,97,16,2009-01-09,
1822,Industry Giant,48,0,1998-04-14,
1823,Super Metroid,87,7,1994-03-19,
1824,Star Wars: Galactic Battlegrounds,74,12,2001-11-13,
1825,Super Smash Bros. for Nintendo 3DS and Wii U,77,12,2014-01-01,
1826,Animal Crossing: City Folk,76,3,2008-11-16,
1827,"WarioWare, Inc.: Mega Microgames!",79,3,2003-03-21,
1828,Professor Layton and the Curious Village,73,7,2007-02-15,
1829,One: Kagayaku Kisetsu e,85,0,1998-05-29,
1830,Tomorrow Never Dies,68,16,1999-11-16,
1831,Osu! Tatakae! Ouendan,74,0,2005-07-28,
1832,The Godfather II,72,18,2009-04-07,
1833,Mega Man X,79,7,2012-03-08,
1834,Elite Beat Agents,81,12,2006-11-06,
1835,Ring,61,12,1999-07-05,
1836,"WarioWare, Inc.: Mega Party Games!",74,3,2004-04-05,
1837,Dungeons & Dragons Online,58,12,2012-06-25,
1838,Pikmin 2,79,3,2004-04-29,
1839,Monster Hunter,82,12,2004-03-11,
1840,Terranigma,83,12,1996-12-19,
1841,Arcana Famiglia,88,12,2015-12-23,
1842,Pikmin,85,3,2001-10-26,
1843,F-Zero,60,3,1990-11-21,
1844,Dr. Mario,83,0,1990-07-27,
1845,Metal Slug 5,72,12,2003-01-01,
1846,Metal Slug 4,87,16,2002-06-12,
1847,Metal Slug 6,78,16,2006-02-24,
1848,Half-Life: Source,74,16,2013-09-12,
1849,Descent,81,12,1996-02-01,
1850,Wii Party,59,3,2010-07-08,
1851,Destroy All Humans!,75,12,2005-06-21,
1852,Balloon Fight,54,3,1984-01-01,
1853,Klonoa: Door to Phantomile,67,3,1997-12-11,
1854,Tales of Graces,74,12,2009-12-10,
1855,Mario & Sonic at the Olympic Winter Games,84,3,2009-10-13,
1856,Kirby's Dream Land 3,68,3,1997-11-27,
1857,Half-Life 2: Survivor,70,18,2006-06-28,
1858,Mario Party 7,88,3,2005-11-07,
1859,Mario Party 4,58,3,2002-10-21,
1860,Mario Party 2,86,7,1999-12-17,
1861,Mario Party 5,78,3,2003-11-10,
1862,Mario Party Advance,81,3,2005-01-13,
1863,Katamari Damacy,65,7,2004-03-18,
1864,The King of Fighters XIII,73,12,2010-07-14,
1865,Red Steel 2,64,16,2010-03-23,
1866,Hyperdimension Neptunia,82,12,2010-08-19,5
1867,Inazuma Eleven 3,92,12,2010-07-01,
1868,RapeLay,54,0,2006-04-21,
1869,Mario Party 6,65,3,2004-11-18,
1870,Europa 1400: The Guild,62,0,2002-10-25,
1871,Die Hard Arcade,63,18,1996-07-01,
1872,Nemesis of the Roman Empire,58,18,2003-01-01,
1873,The World Is Not Enough,84,16,2000-11-01,
1874,Giga Wing 2,73,7,2001-01-18,
1875,Digimon World 3,93,3,2002-06-05,
1876,Dino Crisis,81,16,1999-07-01,
1877,Discworld II: Missing Presumed...!?,68,7,1996-11-30,
1878,Super 3D Noah's Ark,80,18,2015-06-23,
1879,Dive Alert,64,16,1999-08-19,
1880,Divine Divinity,70,12,2002-09-22,
1881,Pro Kishi Jinsei Simulation: Shōgi no Hanamichi,68,7,1996-02-16,
1882,Donkey Kong Country 3: Dixie Kong's Double Trouble!,88,3,1996-11-18,
1883,The Da Vinci Code,62,16,2006-05-19,
1884,Resident Evil,84,18,1997-09-25,
1885,IL-2 Sturmovik: Cliffs of Dover,64,16,2011-03-25,
1886,Drakensang: The River of Time,78,16,2011-02-16,
1887,Drakensang Online,91,12,2023-05-16,
1888,Drakengard,79,16,2003-09-11,
1889,IL-2 Sturmovik: Forgotten Battles,63,12,2003-03-02,
1890,Crash Twinsanity,64,3,2004-08-30,
1891,Eternal Darkness: Sanity's Requiem,60,16,2002-06-24,
1892,Men of Valor,68,16,2004-10-19,
1893,Dungeon Keeper,59,12,1997-06-26,
1894,Dungeon Siege III,95,16,2011-06-21,
1895,Dungeons,49,12,2011-01-27,
1896,Sly 3: Honor Among Thieves,84,7,2014-05-27,
1897,People's General,71,12,1998-08-31,
1898,Sid Meier's Pirates!,79,0,2010-09-28,
1899,Shadow Man,61,16,1999-03-09,
1900,Kana: Little Sister,71,16,1999-06-25,
1901,Rise of the Guardians,50,3,2012-11-20,
1902,Top Spin 4,64,3,2011-03-15,
1903,Psychonauts,81,12,2012-05-31,
1904,Lost Horizon,71,16,2010-09-17,
1905,Panzer General II,87,3,1997-09-30,
1906,Fire Blade,80,12,2002-06-16,
1907,Edna & Harvey: The Breakout,72,12,2013-10-25,
1908,Xenoblade Chronicles,80,12,2010-06-10,
1909,18 Wheeler: American Pro Trucker,76,3,2000-10-12,
1910,Trespasser,81,12,1998-10-28,
1911,Mortal Kombat Trilogy,72,18,1996-09-01,
1912,Mortal Kombat Mythologies: Sub-Zero,69,18,1997-10-01,
1913,Mortal Kombat: Special Forces,79,16,2000-06-30,
1914,Faces of War,84,16,2006-09-08,
1915,Super Street Fighter IV,66,12,2010-04-27,
1916,Tom Clancy's SSN,57,12,1996-01-01,
1917,Grepolis,69,16,2010-02-01,
1918,Ultima IX: Ascension,70,12,2012-08-23,
1919,Einhänder,70,3,1997-11-20,
1920,Michael Jackson: The Experience,88,3,2015-12-31,
1921,Doraemon 3: Nobita no Machi SOS!,80,0,2000-07-28,
1922,Need for Speed: High Stakes,72,3,1999-01-01,
1923,Doraemon 2: Nobita to Hikari no Shinden,78,0,1998-12-11,
1924,Doraemon: Nobita to Mittsu no Seireiseki,57,0,1997-03-21,
1925,Inuyasha: Feudal Combat,82,12,2005-06-16,10
1926,Tourist Trophy,90,3,2006-02-02,
1927,Mortal Kombat: Shaolin Monks,89,18,2005-09-16,
1928,Ultimate Mortal Kombat 3,89,18,1996-11-01,
1929,Harvest Moon: Friends of Mineral Town,86,0,2003-04-18,
1930,FIFA Football 2004,68,3,2003-10-24,
1931,WWE SmackDown vs. Raw 2010,52,16,2010-01-28,
1932,Kessen,87,12,2000-03-04,
1933,Pro Evolution Soccer 2012,80,3,2011-10-14,
1934,Impossible Creatures,68,12,2003-01-07,
1935,Klonoa 2: Lunatea's Veil,83,3,2001-03-22,
1936,Mortal Kombat: Deception,64,18,2004-10-04,10
1937,WWF WrestleMania: The Arcade Game,87,12,1996-01-25,
1938,Pro Evolution Soccer 2011,67,3,2010-10-20,
1939,Uta no Prince-sama,63,16,2010-06-24,
1940,Yu-Gi-Oh! Worldwide Edition: Stairway to the Destined Duel,62,0,2003-04-15,
1941,Doraemon: Nobita's Dinosaur 2006 DS,67,0,2006-03-02,
1942,Phoenix Wright: Ace Attorney,87,12,2014-04-17,
1943,Tao Feng: Fist of the Lotus,62,16,2003-03-18,
1944,KimiKiss,78,12,2006-05-25,
1945,Antarctic Adventure,63,0,2003-05-06,
1946,Ico,87,7,2001-09-25,
1947,Delta Force: Black Hawk Down,81,16,2003-03-24,
1948,El Shaddai: Ascension of the Metatron,74,12,2011-04-28,
1949,Tom Clancy's Rainbow Six: Vegas,73,16,2006-11-22,
1950,Half-Life 2: Deathmatch,66,18,2004-11-30,
1951,Star Fox,69,3,1993-02-21,
1952,Fahrenheit,56,16,2005-09-16,
1953,Heroes & Generals,56,18,2016-09-23,
1954,MX vs. ATV Unleashed,63,12,2005-03-16,
1955,Yoshi's Cookie,59,3,1992-01-01,
1956,Race – The Official WTCC Game,93,3,2006-11-24,
1957,Hotel Dusk: Room 215,83,12,2007-01-22,
1958,Pokémon Ranger,72,7,2006-03-23,
1959,Nox,86,16,2020-02-25,
1960,Homeworld 2,56,12,2003-09-16,
1961,Modern Combat 3: Fallen Nation,63,18,2011-10-27,
1962,The Movies,97,12,2005-11-08,10
1963,Metal Slug 3,79,12,2000-03-23,
1964,Limbo,83,16,2018-06-28,
1965,WWE '13,83,16,2012-10-30,
1966,Enclave,62,16,2002-07-19,
1967,PaRappa the Rapper,81,3,1996-12-06,
1968,InkBall,80,0,2004-08-01,
1969,Need for Speed: Porsche Unleashed,85,3,2000-02-29,
1970,Enemy: Tempest of Violence,70,18,1997-01-01,
1971,Lego Harry Potter: Years 5–7,74,7,2011-11-11,
1972,Garou: Mark of the Wolves,80,12,1999-11-26,
1973,Otometeki Koi Kakumei Love Revo!!,88,12,2006-01-26,
1974,PlanetSide,85,16,2003-05-20,
1975,Star Fox Command,62,7,2006-08-03,
1976,Death Rally,63,12,1996-12-31,
1977,Pax Imperia: Eminent Domain,82,12,1997-10-31,
1978,BiteFight,81,7,2006-02-01,
1979,FreeSpace 2,64,12,1999-09-30,
1980,FlatOut 2,87,12,2006-06-30,
1981,IHF Handball Challenge 12,91,3,2011-10-28,
1982,Way of the Samurai,77,16,2002-02-07,
1983,The Legend of Zelda: A Link to the Past and Four Swords,86,3,2002-12-02,
1984,Red Steel,70,16,2006-11-19,
1985,Inazuma Eleven 2,68,12,2012-03-16,
1986,Kirby's Epic Yarn,76,3,2010-10-14,
1987,Kirby 64: The Crystal Shards,70,3,2000-03-24,
1988,Cooking Mama,72,0,2006-03-23,
1989,WarioWare: Twisted!,74,0,2005-05-19,
1990,Gran Turismo Concept,91,3,2002-01-01,
1991,Kirby's Return to Dream Land,64,7,2011-10-24,
1992,System Shock 2,83,16,2014-04-01,4
1993,Samurai Warriors,55,12,2004-02-11,
1994,Star Fox 64 3D,60,7,2013-03-15,
1995,Watch Dogs,72,18,2014-05-27,
1996,Sherlock Holmes: The Mystery of the Mummy,60,3,2002-01-01,
1997,Europe Racer,76,7,2001-01-01,
1998,EverQuest II,60,12,2004-11-04,
1999,PowerSlave,76,18,1996-10-31,
2000,Dungeons & Dragons: Dragonshard,89,12,2005-09-21,
2001,Extreme-G,85,3,1997-09-30,
2002,Layton Brothers: Mystery Room,59,3,2012-09-21,
2003,Fatal Racing,77,7,1996-01-31,
2004,Theme Park World,55,3,1999-11-20,
2005,Tom Clancy's Ghost Recon 2: Summit Strike,80,16,2005-08-03,
2006,Mobile Suit Gundam Side Story: The Blue Destiny,84,12,1996-09-20,
2007,Tenchu: Wrath of Heaven,83,16,2003-03-03,
2008,Desperados 2: Cooper's Revenge,63,12,2006-04-28,
2009,Perfect Dark,80,16,2000-05-22,
2010,Hollywood Monsters,73,3,1997-01-01,
2011,Albion,70,12,1996-08-31,
2012,Fighting Force,70,18,1997-10-31,
2013,Stronghold 2,67,12,2005-04-18,
2014,Medieval: Total War,47,12,2002-08-20,
2015,Final Fantasy XIII-2,71,16,2014-12-11,7
2016,Gunman Chronicles,66,16,2000-11-20,
2017,Magicka,76,16,2011-01-25,
2018,The World Ends with You,83,12,2012-08-27,
2019,Rayman 3: Hoodlum Havoc,81,3,2003-02-21,
2020,Spartan: Total Warrior,78,18,2005-10-07,
2021,Soul Edge,65,16,1996-05-16,
2022,Vanquish,80,18,2017-05-25,
2023,Warsow,42,18,2005-07-08,
2024,Jurassic Park: Operation Genesis,53,12,2003-03-10,32
2025,GTR – FIA GT Racing Game,61,0,2012-09-25,
2026,Hexen: Beyond Heretic,76,18,1997-04-30,
2027,Soldier of Fortune,80,18,2000-03-28,
2028,Sid Meier's SimGolf,81,0,2002-01-23,
2029,The Moment of Silence,82,7,2004-10-01,
2030,Metropolis Street Racer,97,0,2000-11-03,
2031,Interstate '76,57,16,1997-03-28,
2032,Starship Troopers,61,16,2005-10-27,
2033,Daytona USA 2,60,0,1998-01-01,
2034,Fly!,73,0,1999-01-01,
2035,Forge of Empires,78,16,2012-04-17,1
2036,Formula One 05,81,3,2005-09-22,
2037,Forza Motorsport,65,3,2005-05-03,
2038,JFK Reloaded,77,16,2004-11-22,
2039,Famicom Wars,64,0,2019-12-12,
2040,Giftpia,61,12,2003-04-25,
2041,Rod Land,58,3,2021-01-07,
2042,Urban Chaos,89,16,1999-11-30,
2043,The Lord of the Rings: War in the North,72,18,2011-11-01,
2044,Tom Clancy's Rainbow Six 3: Raven Shield,91,16,2003-03-18,
2045,Tom Clancy's Rainbow Six: Lockdown,53,16,2005-09-08,
2046,Descent II,60,12,1996-02-29,
2047,Cardinal Syn,78,18,1998-06-30,
2048,Custom Robo Arena,63,7,2006-10-19,
2049,Dragon Ball Z: Hyper Dimension,76,18,1997-02-01,
2050,Chaos League,62,16,2004-08-08,
2051,Rayman Activity Centre,88,3,2000-01-01,
2052,Flying Shark,82,18,2023-08-24,
2053,Nicktoons Racing,95,0,2000-01-01,
2054,Neo Contra,69,12,2004-10-19,
2055,Odama,77,7,2006-03-31,
2056,Grandia II,73,7,2000-08-03,
2057,Tony Hawk's Pro Skater 3,54,12,2001-10-28,10
2058,Test Drive Le Mans,51,7,2001-06-22,
2059,Dino Crisis 2,76,16,2000-09-13,
2060,Warhammer: Mark of Chaos,63,16,2006-11-14,
2061,Hogs of War,63,12,2000-06-08,
2062,Final Fantasy Crystal Chronicles,82,7,2003-08-08,
2063,Blue Dragon,75,12,2006-12-07,
2064,Kerbal Space Program,83,3,2015-04-27,
2065,Birth of the Federation,71,0,1999-04-30,
2066,Super Mario Strikers,62,3,2005-11-18,
2067,Jade Cocoon: Story of the Tamamayu,66,12,1998-12-03,
2068,Lock On: Modern Air Combat,67,7,2003-11-20,
2069,Quest 64,74,3,1998-06-01,
2070,G-Police,73,3,1997-09-30,
2071,Gun,80,18,2005-11-05,
2072,Shock Troopers,91,12,1997-01-01,
2073,Galactic Civilizations,88,7,2003-03-26,
2074,Unreal Tournament 2003,62,18,2002-10-01,
2075,Race 07,44,3,2011-03-18,
2076,New Super Mario Bros. U,75,3,2012-11-18,
2077,Haunting Ground,66,16,2005-04-21,
2078,Tony Hawk's Pro Skater 4,75,12,2002-10-23,10
2079,Risen,76,16,2023-01-24,59
2080,Total Overdose,77,18,2005-09-16,10
2081,Nanostray,61,3,2005-07-19,
2082,Rule of Rose,83,16,2006-01-19,
2083,Nagano Winter Olympics '98,58,3,1997-12-18,
2084,Army Men Advance,67,12,2001-06-11,
2085,Pokémon Mystery Dungeon: Gates to Infinity,88,0,2012-11-23,
2086,Indiana Jones and the Infernal Machine,61,16,1999-11-23,16
2087,Dynasty Warriors Next,68,12,2011-12-17,
2088,Knights of the Temple: Infernal Crusade,68,16,2004-03-19,
2089,Vagrant Story,89,12,2000-02-10,
2090,Mercenaries: Playground of Destruction,77,16,2005-01-11,
2091,Tony Hawk's Pro Skater 2,87,7,2000-09-20,
2092,Golden Sun,81,7,2001-08-01,
2093,Ground Control,76,12,2000-06-01,
2094,ObsCure,77,16,2005-04-06,10
2095,Blocks That Matter,57,3,2011-08-19,
2096,Creatures 2,72,7,1998-09-30,
2097,Closure,58,3,2012-03-27,
2098,The Adventures of Lomax,73,3,1996-10-31,
2099,Ben 10: Omniverse,73,12,2012-11-13,12
2100,International Track & Field 2000,63,0,1999-10-31,
2101,Scribblenauts Unlimited,72,3,2018-09-18,
2102,Oni,70,16,2001-01-26,
2103,Miner Wars 2081,69,18,2012-11-28,
2104,Resident Evil: Dead Aim,53,16,2003-02-13,
2105,Jikkyō Keiba Simulation: Stable Star,85,7,1996-03-22,
2106,Dear Esther,69,12,2012-02-14,
2107,Sly 2: Band of Thieves,78,3,2014-05-27,
2108,Edna & Harvey: Harvey's New Eyes,66,12,2012-10-01,
2109,Formula One 04,97,0,2004-09-22,
2110,War of the Monsters,68,12,2003-01-14,
2111,Street Fighter EX3,79,12,2000-03-04,10
2112,Yakuza,86,18,2005-12-08,
2113,Hidden & Dangerous 2,72,16,2003-10-21,
2114,Wars and Warriors: Joan of Arc,74,12,2004-02-07,
2115,Red Faction II,69,18,2002-10-15,
2116,Professor Layton and the Miracle Mask,87,7,2012-10-26,
2117,Schizm: Mysterious Journey,71,0,2001-10-11,
2118,The Cursed Crusade,54,18,2011-10-07,
2119,Allegiance,75,12,2000-03-16,
2120,Spiral Knights,58,12,2011-04-04,
2121,NHL Eastside Hockey Manager,78,3,2004-07-02,
2122,San Francisco Rush 2049,73,0,2000-09-06,
2123,San Francisco Rush: Extreme Racing,71,7,1997-11-08,
2124,Demolition Racer,74,12,1999-08-31,
2125,Wasteland 2,77,16,2015-10-13,
2126,Forsaken,69,16,1998-04-30,
2127,Rush 2: Extreme Racing USA,93,0,1998-11-10,
2128,Wario Land: Super Mario Land 3,64,3,1994-01-21,
2129,Lords of the Realm II,67,12,1996-10-31,
2130,Wario Land II,65,3,1998-03-02,
2131,Wing Commander III: Heart of the Tiger,76,12,1996-03-28,
2132,Wing Commander IV: The Price of Freedom,69,12,1996-02-12,
2133,Toonstruck,63,7,1996-11-30,
2134,Disgaea: Hour of Darkness,70,12,2003-01-30,
2135,Future Cop: LAPD,48,16,1998-08-31,
2136,MechCommander,71,12,1998-06-24,
2137,Bubble Memories,76,3,1996-01-01,
2138,Omega Boost,72,3,1999-04-22,
2139,Bugs Bunny in Double Trouble,80,3,1996-01-01,
2140,Carrier Command: Gaea Mission,54,16,2012-09-28,
2141,Ikaruga,81,7,2001-12-20,
2142,Indiana Jones and the Emperor's Tomb,77,12,2003-02-24,
2143,Raid over Moscow,64,16,2020-01-01,
2144,Jet Force Gemini,79,12,1999-10-11,
2145,Joint Operations: Typhoon Rising,65,16,2004-06-15,
2146,Uplink,66,0,2001-10-01,
2147,Pokémon Snap,72,3,1999-03-21,
2148,Yakuza 5,86,18,2012-12-06,
2149,The Witness,80,3,2016-01-26,
2150,To the Moon,86,12,2024-10-08,31
2151,Jumpgate: The Reconstruction Initiative,63,12,2001-09-23,
2152,Jurassic Park III: Dino Defender,74,0,2001-06-29,
2153,Stronghold 3,72,16,2011-10-25,
2154,Katawa Shoujo,58,7,2012-01-04,
2155,Disney's Villains' Revenge,71,3,1999-09-28,
2156,International Superstar Soccer Pro,72,12,1997-05-02,
2157,KKnD,93,16,1997-03-25,
2158,Formula One 99,78,0,1999-10-20,
2159,MySims,73,3,2024-11-19,
2160,Shadow Man: 2econd Coming,81,18,2002-03-02,
2161,SimCity 3000,68,0,1999-01-31,
2162,Scud Race,69,7,1996-01-01,
2163,Virtua Cop 2,70,12,1996-11-22,
2164,The Thing,54,16,2024-12-05,
2165,Necronomicon: The Dawning of Darkness,55,3,2001-05-11,
2166,Boktai: The Sun Is in Your Hand,60,3,2003-07-17,
2167,Vib-Ribbon,81,3,1999-12-09,
2168,Tomb Raider,81,18,2013-03-05,
2169,Mario Golf,63,0,1999-06-11,
2170,Technomage,81,7,2001-06-29,
2171,Silent Hill: Book of Memories,62,16,2012-10-16,
2172,Metroid Prime,87,12,2002-11-18,
2173,SimCity 2000,68,3,1996-11-01,
2174,Aliens Versus Predator,75,18,1999-04-30,34
2175,MechWarrior 4: Vengeance,64,12,2000-11-23,
2176,Brain Age: Train Your Brain in Minutes a Day!,85,3,2005-05-19,
2177,Final Fantasy Type-0,76,16,2011-10-27,
2178,Dead or Alive Xtreme Beach Volleyball,63,12,2003-01-21,
2179,Mechanized Assault & Exploration,67,12,1996-12-31,
2180,Knightshift,34,12,2003-09-16,
2181,Lupin the 3rd: Treasure of the Sorcerer King,66,16,2002-11-28,
2182,Final Fantasy XV,77,16,2016-11-29,42
2183,Strider,66,7,2012-02-16,
2184,The Last Story,62,16,2012-02-23,
2185,Nintendogs + Cats,66,7,2011-02-26,
2186,Jak and Daxter: The Precursor Legacy,80,3,2001-12-03,
2187,Monopoly Tycoon,81,0,2001-09-30,
2188,Shadow of Memories,65,12,2001-02-22,
2189,Mario & Luigi: Superstar Saga,56,3,2003-11-17,
2190,Mario & Luigi: Partners in Time,60,3,2005-11-28,
2191,Team Fortress Classic,58,16,1999-04-07,
2192,Saints Row: The Third,79,18,2011-11-15,
2193,Space Station Silicon Valley,83,7,1998-10-21,
2194,Legend of Grimrock,76,12,2012-04-11,
2195,Incoming,77,12,1998-03-23,
2196,Moon.,72,7,1997-11-21,
2197,Shadowgate 64: Trials of the Four Towers,61,3,1999-05-31,
2198,Face Raiders,70,3,2012-04-28,
2199,Vectorman 2,97,12,1996-01-01,
2200,Sonic Pinball Party,73,3,2003-06-01,
2201,ECW Hardcore Revolution,83,16,2000-01-31,
2202,SSX,70,3,2000-10-26,
2203,Virtua Tennis,92,3,1999-01-01,
2204,Jet Moto,75,3,1996-10-31,
2205,Scooby-Doo! Classic Creep Capers,65,3,2001-03-01,
2206,Top Spin,67,0,2003-10-28,
2207,Majesty: The Fantasy Kingdom Sim,89,12,2011-01-20,
2208,International Superstar Soccer 2000,83,16,1999-07-29,
2209,Air Conflicts: Secret Wars,72,12,2011-09-30,
2210,Super Gem Fighter Mini Mix,58,12,1998-07-09,
2211,Dinotopia: The Sunstone Odyssey,76,12,2003-07-23,
2212,Tempest 2000,47,3,1997-02-01,
2213,Kirby Super Star,61,3,1996-03-21,
2214,War Gods,71,18,1997-05-21,
2215,Scooby-Doo! Mystery Mayhem,66,3,2003-09-10,10
2216,MDK,71,16,1997-05-07,
2217,Arcade Pool,55,16,1999-01-01,
2218,Panzer Dragoon II Zwei,76,16,1996-03-22,
2219,Steel Storm,84,18,2011-05-11,
2220,Radical Dreamers,77,0,1996-02-03,
2221,Necrodome,85,7,2023-06-28,
2222,Hardwar,88,12,1998-01-01,
2223,Gangsters 2,38,12,2001-06-01,
2224,Vampire: The Masquerade – Redemption,78,12,2001-11-01,
2225,Tom Clancy's Splinter Cell: Blacklist,82,18,2013-08-20,
2226,Universal Studios Theme Parks Adventure,69,12,2001-12-07,
2227,Legends of Might and Magic,63,12,2001-06-20,
2228,Dr. Mario 64,68,3,2001-04-08,
2229,Mitsumete Knight,97,0,1998-03-19,
2230,NBA 2K1,60,3,2000-11-01,
2231,Allods Online,80,12,2016-06-03,
2232,Virtua Cop,53,12,1997-01-01,
2233,Crimsonland,80,12,2014-06-11,
2234,Hard Truck Apocalypse,78,3,2014-03-14,
2235,Twisted Metal III,83,12,1998-10-31,
2236,Tachyon: The Fringe,57,12,2000-03-30,
2237,NASCAR 99,88,7,1998-09-11,
2238,Gundam Side Story 0079: Rise from the Ashes,82,7,1999-08-26,
2239,Mobile Suit Gundam: Federation vs. Zeon,68,12,2001-12-06,
2240,First Samurai,71,3,2021-07-23,
2241,Airborne Ranger,75,16,2022-12-19,
2242,Die by the Sword,72,12,1998-02-28,
2243,Superman: Shadow of Apokolips,73,3,2002-09-25,
2244,Vandal Hearts II,70,12,1999-07-08,
2245,The Simpsons Wrestling,57,12,2001-03-22,
2246,Metroid Prime 3: Corruption,57,12,2007-08-27,
2247,Raving Rabbids: Travel in Time,58,0,2011-01-27,
2248,Pokémon Yellow,65,3,1998-09-12,
2249,Super Robot Wars 64,85,12,1999-10-29,
2250,Pro Evolution Soccer 2,81,3,2002-04-25,
2251,LittleBigPlanet 2,82,7,2011-01-18,
2252,Langrisser IV,75,7,1997-08-01,
2253,Langrisser V: The End of Legend,93,16,1998-06-18,
2254,NBA Live 99,89,3,1998-10-31,
2255,R-Type Delta,70,7,1998-11-19,
2256,The Settlers II,73,3,1997-09-24,
2257,Super Princess Peach,72,3,2005-10-20,
2258,Moto Racer,73,0,1997-08-31,
2259,Ronaldo V-Football,85,16,2000-05-20,
2260,TOCA 2 Touring Cars,83,3,1999-04-02,
2261,Ace Attorney Investigations 2: Prosecutor's Gambit,70,16,2017-12-21,
2262,Monaco Grand Prix: Racing Simulation 2,76,3,1999-06-30,
2263,Dynasty Warriors,69,16,1997-02-28,
2264,Style Savvy,58,3,2016-05-05,
2265,From TV Animation - One Piece: Grand Battle!,64,12,2001-03-15,
2266,Jazz Jackrabbit 2,73,7,1999-02-01,
2267,Super Punch-Out!!,69,7,1998-03-01,
2268,Rogue Trip: Vacation 2012,68,12,1998-09-30,
2269,Overgrowth,62,12,2017-10-16,
2270,Digimon Battle Spirit 2,75,3,2002-12-07,
2271,Soccer Mania,65,3,2002-06-18,
2272,Metroid: Other M,69,16,2010-08-31,
2273,Time Crisis,53,12,1997-06-27,
2274,WWE WrestleMania X8,64,7,2002-06-09,
2275,Gauntlet Legends,79,12,1999-08-31,
2276,Tank Battalion,50,18,2024-03-07,
2277,Iron Man and X-O Manowar in Heavy Metal,64,16,1996-01-01,
2278,SWAT 3: Close Quarters Battle,79,18,1999-11-23,
2279,WWE Road to WrestleMania X8,58,3,2002-10-23,
2280,WWF Road to WrestleMania,65,7,2001-11-18,
2281,WWF Attitude,72,16,1999-07-31,
2282,WWF WrestleMania 2000,68,12,1999-01-01,
2283,Aaahh!!! Real Monsters,83,12,1996-02-01,
2284,Soul Reaver 2,76,16,2001-10-31,
2285,3Xtreme,92,3,1999-04-21,
2286,2Xtreme,58,0,1996-10-31,
2287,Tales of Phantasia: Narikiri Dungeon,71,16,2000-11-10,
2288,Tales of the World: Narikiri Dungeon 2,66,7,2002-10-25,
2289,WCW Backstage Assault,82,7,2000-12-01,
2290,Pro Evolution Soccer,71,3,2001-03-15,10
2291,Wizardry 8,79,12,2001-11-15,
2292,F-1 World Grand Prix,67,0,1998-07-31,
2293,Pokémon Pinball,70,0,1999-04-14,
2294,Conflict: Desert Storm,61,18,2002-09-13,
2295,The Getaway,82,16,2002-12-11,
2296,Frank Herbert's Dune,78,16,2001-11-01,10
2297,The Simpsons: Road Rage,80,12,2002-03-22,
2298,Neon Genesis Evangelion: Girlfriend of Steel,79,12,1998-01-01,
2299,Pokémon Stadium,79,3,1999-04-30,
2300,Zero Tolerance,71,18,2020-08-18,
2301,Final Fight Revenge,87,18,2000-03-30,
2302,Fire Shark,56,18,2023-08-24,
2303,Rage Racer,88,0,1996-12-03,
2304,Star Soldier: Vanishing Earth,75,3,1998-07-10,
2305,Outcast,72,16,1999-08-20,
2306,Gangsters: Organized Crime,68,12,1998-11-30,
2307,NASCAR Rumble,63,3,2000-01-31,
2308,Pokémon Emerald,80,3,2004-09-16,
2309,Fear Effect 2: Retro Helix,69,16,2001-02-21,
2310,A2 Racer II,53,0,1998-01-01,
2311,Galerians,72,18,1999-08-26,
2312,Wild Arms 3,94,7,2002-03-14,
2313,Wild Arms 2,80,12,1999-09-02,
2314,ShootMania Storm,89,12,2013-04-10,
2315,Incredible Crisis,65,12,1999-06-24,
2316,The Fifth Element,71,12,1998-09-23,
2317,Go Vacation,60,3,2018-07-27,
2318,Warhammer: Dark Omen,72,12,1998-03-31,
2319,Soulcalibur II,65,16,2002-07-05,
2320,Mario Kart: Super Circuit,61,0,2001-07-21,
2321,Jade Cocoon 2,65,3,2001-08-30,
2322,Project CARS,71,3,2015-05-07,
2323,Lego City Undercover,79,7,2013-03-18,
2324,WarGames: Defcon 1,59,12,1998-06-30,
2325,NBA 2K2,64,3,2001-10-24,
2326,NBA 2K,72,3,1999-11-10,
2327,Naruto Shippuden: Ultimate Ninja Storm 3,77,12,2013-03-05,
2328,BioShock Infinite,88,18,2014-11-04,
2329,The Legend of Zelda: Oracle of Ages,88,3,2001-02-27,
2330,Mario & Luigi: Bowser's Inside Story,63,3,2009-02-11,
2331,FIFA Football 2003,55,3,2002-10-25,
2332,Zeno Clash II,59,16,2013-04-30,
2333,PuLiRuLa,84,18,1997-08-28,
2334,Sonic Advance,80,3,2001-12-20,
2335,Gauntlet Dark Legacy,71,12,2001-05-01,
2336,Phantasy Star Online,64,12,2000-12-21,
2337,Quake III: Revolution,87,18,2001-01-01,
2338,Pokémon XD: Gale of Darkness,73,3,2005-08-04,
2339,Metroid Prime 2: Echoes,88,12,2004-11-15,
2340,Company of Heroes 2,62,18,2013-06-25,
2341,Shogo: Mobile Armor Division,69,16,1998-09-30,
2342,X-Men: Next Dimension,64,12,2002-10-15,
2343,Zork: Grand Inquisitor,88,12,1997-10-31,
2344,Porsche Challenge,75,3,1997-06-30,
2345,Sacrifice,85,12,2000-11-17,
2346,Deadpool,75,18,2013-06-25,
2347,TimeSplitters,72,12,2000-10-26,
2348,Shining the Holy Ark,67,3,1996-12-20,
2349,Titanic: Adventure Out of Time,68,12,1996-01-01,
2350,Scooby-Doo! Mystery of the Fun Park Phantom,56,0,1999-12-31,
2351,LEGO Island 2: The Brickster's Revenge,61,3,2001-03-30,
2352,Wario Land 3,70,3,2000-03-21,
2353,Redneck Rampage,66,16,1997-04-30,
2354,OverBlood,80,16,1996-08-02,
2355,Infiltrator,85,7,2023-03-23,
2356,Secret Service,77,18,2001-11-23,
2357,Ms. Pac-Man,69,3,1996-01-01,
2358,Unlimited Saga,59,12,2002-12-19,
2359,Lightning Returns: Final Fantasy XIII,71,16,2013-11-21,7
2360,Um Jammer Lammy,57,3,1999-03-18,
2361,Wave Race,76,3,1997-06-24,
2362,Wild Arms,61,16,1996-12-20,
2363,Parasite Eve,80,18,1998-03-29,
2364,Enemy Zero,72,12,1996-12-13,
2365,Unreal Championship,68,16,2002-11-12,
2366,Scooby-Doo! Night of 100 Frights,72,3,2002-05-20,10
2367,Bloody Roar 2,49,12,1999-01-28,
2368,The Simpsons: Night of the Living Treehouse of Horror,71,12,2001-03-26,
2369,Ubik,64,16,1998-01-01,
2370,Pool of Radiance: Ruins of Myth Drannor,62,12,2001-09-24,
2371,Myst: Masterpiece Edition,83,12,1999-01-02,
2372,Legaia 2: Duel Saga,62,12,2001-11-29,
2373,Herald: An Interactive Period Drama,61,7,2017-02-22,
2374,Medal of Honor: Frontline,78,12,2002-05-28,
2375,Ace Combat 2,46,12,1997-05-30,
2376,Hotel Giant,64,0,2002-01-01,
2377,The Settlers: Heritage of Kings,66,12,2018-11-15,10
2378,NBA Jam: Tournament Edition,74,0,1996-01-01,
2379,Heretic II,82,16,1998-10-31,
2380,Messiah,70,16,2000-03-31,
2381,Rayman Legends,83,7,2015-03-20,
2382,Dinotopia: The Timestone Pirates,79,12,2002-04-30,
2383,DonPachi,69,16,1996-04-26,
2384,Donkey Kong Jr.,90,3,1982-01-01,
2385,Sudeki,78,16,2014-02-24,
2386,Slender: The Arrival,61,12,2013-03-26,
2387,Riven,59,3,1997-10-29,
2388,Streets of SimCity,66,3,1997-10-31,
2389,Tamagotchi 64: Minna de Tamagotchi World,91,7,1997-12-19,
2390,Battle Command,66,3,2020-09-01,
2391,Wii Fit U,63,3,2014-01-10,
2392,Sonic the Fighters,83,3,1996-06-01,
2393,Air Boarder 64,81,7,1998-03-27,
2394,Lords of Magic,74,12,1997-11-30,
2395,Kirby's Dream Land 2,66,3,1995-03-21,
2396,Commandos: Behind Enemy Lines,85,16,1998-07-31,
2397,Bloody Roar,80,16,1997-07-07,
2398,Heavy Gear II,60,12,2000-04-05,
2399,Myth: The Fallen Lords,75,18,1997-11-25,
2400,Pokémon Stadium 2,82,3,2000-12-14,
2401,Pokémon Colosseum,74,3,2003-11-21,
2402,Broken Sword: The Shadow of the Templars,75,12,1996-09-30,3
2403,SimPark,81,0,1996-01-01,
2404,Croc: Legend of the Gobbos,69,0,1997-09-29,35
2405,Blood Omen: Legacy of Kain,77,16,1996-11-01,
2406,Dragon Quest VII,68,12,2000-08-26,
2407,International Tennis Open,97,0,2020-11-16,
2408,Fighters Destiny,62,12,1998-01-31,
2409,Micro Maniacs,66,7,2000-10-05,
2410,God of War: Ascension,77,18,2013-03-12,
2411,Luigi's Mansion: Dark Moon,68,7,2013-03-20,
2412,Tales of Eternia,82,12,2000-11-30,
2413,Outlaws,71,16,1997-03-01,11
2414,Breath of Fire III,63,7,1997-09-11,
2415,Mega Man 8,57,3,1996-12-17,
2416,Popeye,68,7,1982-01-01,
2417,Mega Man Xtreme,42,3,2000-10-20,
2418,Fat Princess,72,16,2013-07-30,
2419,Smuggler's Run,62,0,2000-10-26,
2420,X-Men: Reign of Apocalypse,77,7,2001-09-25,
2421,Iggy's Reckin' Balls,70,0,1998-07-31,
2422,Dragon Quest,72,3,2019-09-27,
2423,Tetris Attack,89,3,1996-08-01,
2424,Project I.G.I.,69,16,2000-12-15,
2425,Test Drive 5,62,3,1998-09-30,
2426,Myth II: Soulblighter,66,18,1998-12-20,
2427,Linus Spacehead's Cosmic Crusade,67,7,2013-11-28,
2428,Tekken Advance,62,12,2001-12-21,
2429,Warm Up,73,0,2000-11-16,
2430,Dead or Alive 3,76,16,2001-11-15,
2431,Alone in the Dark: The New Nightmare,71,12,2001-05-18,10
2432,Street Fighter EX2,82,18,1998-05-26,
2433,Advance Wars: Dual Strike,81,7,2016-03-03,
2434,Sonic Shuffle,86,0,2001-03-09,
2435,Tear Ring Saga,89,12,2001-05-24,
2436,Wii Chess,74,3,2008-01-18,
2437,Dragon Warrior Monsters,68,3,1998-09-25,
2438,Remember Me,73,16,2013-06-03,
2439,Super Puzzle Fighter II Turbo,68,12,1996-05-31,
2440,Pokémon Crystal,61,3,2000-12-14,
2441,Wario Land 4,70,3,2001-08-21,
2442,Smite,61,12,2016-05-31,
2443,Skylanders: Spyro's Adventure,70,7,2013-07-12,
2444,NBA Live 98,82,3,1997-01-01,
2445,The Settlers IV,68,7,2018-11-15,
2446,Logical Journey of the Zoombinis,67,7,1996-03-15,
2447,Twisted Metal 2,89,16,1996-10-31,
2448,Marc Ecko's Getting Up: Contents Under Pressure,82,7,2013-12-13,
2449,Twinkle Star Sprites,87,12,1996-01-01,
2450,Legend of Legaia,65,12,1998-10-29,
2451,Tex Murphy: Overseer,78,12,1998-02-28,
2452,"Final Liberation: Warhammer Epic 40,000",94,12,1997-11-30,
2453,IHF Handball Challenge 13,73,7,2013-01-01,
2454,Mother 3,81,0,2006-04-20,
2455,Oddworld: Abe's Exoddus,82,12,1998-11-25,
2456,International Superstar Soccer 64,84,3,1997-06-01,
2457,Jack the Nipper,82,0,2022-07-21,
2458,Lego Loco,76,16,1998-01-01,
2459,Loaded,63,18,1996-12-12,
2460,International Superstar Soccer 98,77,7,1998-06-04,
2461,Ratchet: Deadlocked,63,3,2013-05-21,
2462,Saga: Rage of the Vikings,58,7,1998-01-01,
2463,Survarium,48,18,2015-04-02,
2464,Torico,79,16,1997-03-26,
2465,Ignition,68,7,1997-01-01,
2466,Madden Football 64,57,7,1997-10-31,
2467,Breath of Fire II,86,7,1996-04-25,
2468,Toy Story,64,0,1996-04-25,
2469,Marvel Super Heroes vs. Street Fighter,82,12,1997-06-18,
2470,Marvel vs. Capcom: Clash of Super Heroes,66,12,1998-01-12,
2471,FIFA 99,74,3,1998-10-31,
2472,Street Fighter Alpha 2,80,12,1996-02-27,
2473,Kitty the Kool,75,16,1998-01-01,
2474,Libero Grande,77,0,1998-11-26,
2475,Brave Fencer Musashi,57,3,1998-07-16,
2476,Turok: Dinosaur Hunter,74,16,1997-02-28,
2477,Shin Kidō Senki Gundam Wing: Endless Duel,59,0,1996-03-29,
2478,Sonic Blast,76,3,1996-01-01,
2479,Langrisser III,79,12,1996-10-18,
2480,Atlantis III: The New World,82,12,2013-02-01,
2481,Armored Core,79,12,1997-07-10,
2482,Armored Core: Project Phantasma,69,18,1997-12-04,
2483,Treasures of the Deep,69,12,1997-08-31,
2484,Rise of Prussia,63,18,2014-05-07,
2485,Castlevania Legends,81,3,1997-11-27,
2486,Metroid II: Return of Samus,83,7,1991-11-01,
2487,101 Dalmatians: Escape from DeVil Manor,72,12,1997-01-01,
2488,"Nine Hours, Nine Persons, Nine Doors",68,18,2014-03-17,
2489,Herc's Adventures,66,3,1997-07-31,
2490,WCW vs. the World,89,12,1996-09-13,
2491,Metroid Fusion,87,7,2002-11-17,
2492,Time Commando,75,16,1996-07-31,
2493,Phoenix Wright: Ace Attorney – Dual Destinies,62,16,2013-07-25,22
2494,WWF War Zone,69,16,2013-02-25,
2495,The Journeyman Project: Pegasus Prime,85,16,2014-04-10,
2496,Master of Orion II: Battle at Antares,67,12,1996-10-31,
2497,Dance Dance Revolution,83,0,2013-03-14,
2498,Dead Space 3,73,18,2013-02-05,
2499,Hard Edge,55,16,1998-12-03,
2500,Syberia III,72,12,2017-04-20,
2501,Chariots of War,84,12,2022-10-13,
2502,Spider Solitaire,55,16,1998-06-25,
2503,Intellivision Lives!,79,3,1998-12-18,
2504,Aerobiz,67,3,1996-03-22,
2505,International Superstar Soccer Deluxe,73,3,1996-01-25,
2506,SimTunes,70,7,1996-01-01,
2507,Metroid,67,3,1986-08-01,
2508,Wrecking Crew,96,3,1984-07-26,
2509,Lighthouse: The Dark Being,73,12,1996-01-01,
2510,F1 Pole Position 64,76,3,1997-03-28,
2511,Dragon Ball GT: Final Bout,69,12,1997-08-25,
2512,Dead or Alive,55,16,1998-03-12,
2513,Hopkins FBI,83,7,1998-07-16,
2514,War Wind,44,12,1996-01-01,
2515,Pokémon Trading Card Game,70,3,1998-12-18,
2516,Fire Emblem: Mystery of the Emblem,73,0,2020-09-23,
2517,Fatal Frame: Mask of the Lunar Eclipse,63,16,2023-03-09,
2518,Advance Wars 2: Black Hole Rising,65,7,2015-07-02,
2519,Clock Tower,74,16,1998-02-01,
2520,The Settlers III,89,7,2018-11-15,
2521,Noah's Ark,83,3,2021-03-30,
2522,The Immortal,67,12,2021-03-30,
2523,After Burner Climax,90,7,2013-02-07,
2524,SNK vs. Capcom: SVC Chaos,80,16,2024-07-20,
2525,Fire Emblem Gaiden,74,0,2014-08-20,
2526,Bahamut Lagoon,68,7,1996-02-09,
2527,SimGolf,74,0,1996-01-01,
2528,X-Men vs. Street Fighter,54,12,1996-09-09,
2529,SimSafari,59,7,1998-03-04,
2530,Sonic & All-Stars Racing Transformed,78,7,2014-01-31,
2531,Pillars of Eternity,79,16,2017-08-08,
2532,Battlefield 4,79,18,2013-10-29,
2533,Kirby's Star Stacker,61,3,1998-02-01,
2534,Mortal Online,50,12,2015-08-31,
2535,Europa Universalis IV,84,12,2013-08-13,47
2536,Guilty Gear,78,12,1998-05-14,
2537,Ghost Trick: Phantom Detective,74,12,2023-06-30,
2538,Guilty Gear Isuka,73,18,2014-01-16,
2539,Rival Schools: United by Fate,49,12,1998-07-30,
2540,Falcon 4.0,83,7,1998-12-12,
2541,Fire Emblem: Thracia 776,82,12,2016-11-28,
2542,South Park,72,16,1998-12-12,
2543,Toribash,66,12,2014-05-16,
2544,Cosmo Police Galivan,60,0,2015-04-09,
2545,Live A Live,82,12,2023-04-27,
2546,Pikmin 3,76,7,2013-07-13,
2547,Duke Nukem: Time to Kill,79,18,1998-09-30,
2548,10-Yard Fight,79,12,2018-01-01,
2549,Truxton,64,18,2023-02-14,
2550,8 Eyes,64,7,2019-08-14,
2551,Castlevania: Lords of Shadow – Mirror of Fate,74,16,2014-03-27,
2552,Fire Emblem: Shadow Dragon,66,7,2016-02-10,
2553,40 Winks,81,3,2019-04-15,
2554,Pandora's Tower,70,12,2013-04-16,
2555,Tennis,58,16,1984-01-14,
2556,The Last Guardian,82,12,2016-12-06,
2557,Disney Universe,66,3,2014-10-06,64
2558,Rhythm Heaven Fever,63,3,2016-07-27,
2559,Little King's Story,68,7,2016-08-05,
2560,Phantasy Star Online 2,71,16,2016-04-20,
2561,Vandal Hearts,82,18,1996-10-25,
2562,Bomberman Quest,79,3,1998-12-24,
2563,Wachenröder,90,16,1998-08-06,
2564,Burning Rangers,82,7,1998-02-26,
2565,Tomba!,83,0,1998-07-16,
2566,Buck Bumble,90,3,1998-09-30,
2567,Blood II: The Chosen,62,18,1998-10-31,
2568,Earth Defense Force 2017,76,12,2021-10-14,
2569,Advance Wars: Days of Ruin,68,12,2013-10-30,
2570,Puzzle Quest: Challenge of the Warlords,79,3,2019-09-19,44
2571,Sly Cooper: Thieves in Time,74,7,2013-02-05,
2572,Chaos Control,53,12,2018-02-08,
2573,Phelios,73,18,2023-02-02,
2574,Sorcerian,76,12,2021-02-18,
2575,World of Warplanes,57,12,2013-11-12,
2576,Muv-Luv,60,18,2024-03-28,
2577,Kid Chaos,71,3,2023-05-02,
2578,Impossible Mission II,63,7,2020-09-11,
2579,Sniper: Ghost Warrior 2,63,18,2013-03-12,
2580,Age of Wulin,61,7,2013-07-18,
2581,Airball,71,7,2021-11-22,
2582,Pinkie,67,3,2018-05-01,
2583,Astral Masters,90,16,2021-11-01,66
2584,God Eater 2,68,7,2016-08-29,
2585,Black Mirror III,80,16,2014-04-03,
2586,Bombuzal,63,7,2019-08-15,
2587,Norn9,49,12,2015-10-01,
2588,Bubble Ghost,91,12,2018-02-08,
2589,Castlevania: Lords of Shadow 2,75,16,2014-02-25,
2590,Ninja Gaiden 3: Razor's Edge,74,18,2021-06-09,
2591,Checkered Flag,79,7,2022-11-03,
2592,Stacking,67,7,2013-05-07,
2593,Deathsmiles,60,12,2016-03-10,
2594,Dangerous Seed,81,3,2022-02-17,
2595,Dark Rift,76,18,2023-06-08,
2596,PixelJunk Shooter,68,12,2013-11-11,
2597,Twin Cobra,67,16,2024-05-16,
2598,DeathKeep,63,16,2023-03-27,
2599,Desktop Dungeons,60,12,2013-11-07,
2600,Out Zone,66,12,2023-02-14,
2601,Dungeon Party,33,16,2013-03-13,
2602,Dust 514,65,16,2013-05-14,
2603,Pier Solar and the Great Architects,75,12,2014-09-29,
2604,Fantasy Empires,81,16,2023-03-27,
2605,Fire Emblem: The Binding Blade,76,0,2023-06-23,
2606,Fire Emblem: Genealogy of the Holy War,66,0,2021-05-26,
2607,Gunbird 2,72,7,2022-08-03,
2608,Frenzy,77,7,2024-04-30,
2609,Game no Kanzume: Otokuyō,59,16,2019-09-19,
2610,Glover,88,7,2022-04-20,
2611,Gubble,81,7,2020-06-09,
2612,Gunbird,64,7,2022-07-27,
2613,Incredipede,50,0,2013-03-18,1
2614,"Spy Fox in ""Dry Cereal""",75,3,2014-04-17,6
2615,Radical Rex,67,3,2022-09-08,
2616,JoJo's Bizarre Adventure: All Star Battle,75,16,2013-08-29,
2617,Punch-Out!!,71,12,2017-12-05,
2618,Cyberpunk 2077,85,18,2022-02-15,49
2619,Kirby: Triple Deluxe,83,7,2014-01-11,
2620,Cities in Motion 2,56,3,2013-04-02,
2621,La-Mulana,70,7,2013-04-15,
2622,Don't Starve,77,7,2013-04-23,
2623,Broken Sword 5: The Serpent's Curse,71,12,2015-09-04,3
2624,Bayonetta 2,87,16,2014-02-13,
2625,New Rally-X,78,3,2022-02-03,
2626,LittleBigPlanet Karting,62,7,2013-01-17,
2627,Kingdom Hearts III,77,7,2019-01-25,
2628,The Walking Dead: Season Two,81,18,2013-12-17,
2629,Arabian,69,7,2020-10-08,
2630,Gears of War: Judgment,71,18,2013-03-19,
2631,Super Famicom Wars,70,0,2013-10-02,
2632,Zombie Nation,62,12,2021-10-28,
2633,Final Fantasy IV,86,7,2014-01-14,
2634,Dokapon Kingdom,79,7,2023-04-13,
2635,Tiger-Heli,81,18,2024-02-01,
2636,Phantom Dust,72,7,2017-05-16,
2637,Devil May Cry: HD Collection,84,16,2018-03-13,
2638,Master of Weapon,59,12,2024-02-15,
2639,Raiden Fighters 2,83,18,2013-05-16,
2640,Raiden Fighters,65,18,2013-05-16,
2641,One Piece: Pirate Warriors 2,80,12,2013-03-20,
2642,Overclocked: A History of Violence,71,16,2015-04-03,
2643,Fuse,48,18,2013-05-28,
2644,Paper Plane,87,3,2023-02-08,
2645,The Evil Within,80,18,2014-08-26,
2646,Pajama Sam 3: You Are What You Eat from Your Head to Your Feet,76,12,2023-12-21,6
2647,Pyoro,75,3,2023-02-08,
2648,Radiant Silvergun,76,12,2023-11-02,
2649,Rainbow Cotton,68,18,2024-05-08,
2650,Ride to Hell: Retribution,90,18,2013-06-24,
2651,Cobalt,62,7,2016-02-02,
2652,Yaiba: Ninja Gaiden Z,82,18,2014-03-27,
2653,Sabre Team,84,12,2021-06-04,
2654,Earth Defense Force 2025,76,12,2014-02-18,
2655,Space Force: Rogue Universe,69,12,2015-05-26,
2656,Star Fox 2,82,3,2017-09-29,
2657,Brigade E5: New Jagged Union,89,18,2014-04-30,
2658,Takeda Shingen,58,18,2021-06-24,
2659,The Settlers: Rise of an Empire,81,12,2018-11-15,10
2660,Todd's Adventures in Slime World,94,12,2022-10-07,
2661,Total War: Shogun 2: Fall of the Samurai,76,16,2019-01-01,
2662,TrackMania²: Valley,61,7,2013-01-01,
2663,Kindred Spirits on the Roof,66,18,2016-02-12,
2664,TrickStyle,87,3,2017-02-21,
2665,Venus The Flytrap,84,12,2023-03-23,
2666,Zapper: One Wicked Cricket,76,3,2024-02-15,
2667,Zero Gunner 2,67,7,2023-01-11,
2668,Amnesia: A Machine for Pigs,65,16,2013-09-10,
2669,Atlantis no Nazo,79,7,2024-07-01,
2670,Awesomenauts,61,12,2013-05-28,
2671,Check vs. Mate,58,12,2013-05-07,
2672,Black Rock Shooter: The Game,70,12,2013-04-23,
2673,Blade Kitten,56,12,2014-05-22,68
2674,Blake Stone: Planet Strike,68,18,2015-05-05,
2675,Sanctum 2,59,12,2013-05-15,
2676,de Blob 2,77,7,2018-01-01,32
2677,Lego Marvel Super Heroes,77,7,2021-10-08,
2678,Corpse Party,65,7,2017-12-04,
2679,The Cave,71,12,2013-01-22,
2680,Dark Souls II,80,16,2015-04-07,
2681,March of the Eagles,64,12,2013-02-19,47
2682,Dungeonland,40,16,2013-01-29,
2683,Double Dragon Advance,76,12,2023-11-08,
2684,Dracula 2: The Last Sanctuary,54,12,2014-04-17,
2685,Gladiator: Sword of Vengeance,83,18,2017-01-31,
2686,Gladius,69,12,2015-04-28,
2687,Carmageddon: Reincarnation,89,7,2015-05-21,
2688,Killzone: Mercenary,79,18,2013-09-04,
2689,Mashed,63,12,2013-10-21,10
2690,Math Rescue,64,7,2015-05-05,
2691,Monster Hunter 4,57,16,2013-09-14,22
2692,MotoGP 13,87,3,2013-06-21,
2693,Mugen Souls,74,16,2015-10-22,
2694,Muv-Luv Alternative,95,18,2017-09-18,
2695,Style Savvy: Trendsetters,43,3,2013-09-12,
2696,Painkiller: Hell & Damnation,71,18,2014-05-27,
2697,Puppeteer,74,12,2013-09-05,
2698,The Banner Saga,82,12,2018-05-17,
2699,Requiem: Avenging Angel,74,18,2016-04-14,
2700,Rulers of Nations,83,7,2014-07-16,
2701,Shin Megami Tensei IV,65,16,2014-10-30,
2702,Skulls of the Shogun,57,12,2013-01-30,
2703,Slenderman's Shadow,72,18,2013-01-12,
2704,Spartan,68,7,2022-10-17,
2705,Star Trek: 25th Anniversary,78,12,2015-05-07,
2706,Word Rescue,62,7,2015-05-05,
2707,X Rebirth,60,12,2013-11-15,
2708,Brain Age: Concentration Training,75,3,2013-07-26,
2709,Brothers in Arms: Furious 4,79,18,2015-01-01,
2710,Call of Juarez: Gunslinger,76,16,2013-05-21,
2711,Collapse,63,18,2014-04-11,
2712,Counter-Strike Online 2,82,18,2013-01-01,
2713,Dead State,58,12,2014-12-04,
2714,Dragon Age: Inquisition,76,18,2014-11-18,
2715,Dragon Blaze,78,7,2023-01-11,
2716,Dungeon Lords,65,12,2015-12-21,
2717,F-117A Nighthawk Stealth Fighter 2.0,81,7,2014-10-30,
2718,F-117A Stealth Fighter,52,7,2020-05-21,
2719,F29 Retaliator,55,0,2020-07-03,
2720,Impire,67,12,2013-02-14,
2721,Mechanized Assault & Exploration 2,67,7,2017-12-18,
2722,Message in a Haunted Mansion,56,3,2017-05-01,
2723,N2O: Nitrous Oxide,81,18,2015-06-29,
2724,Neverwinter,58,12,2013-06-20,
2725,Nosferatu: The Wrath of Malachi,62,18,2014-03-06,
2726,Omerta – City of Gangsters,63,16,2013-01-31,
2727,Prey,86,16,2017-05-05,
2728,Pure Chess,85,3,2016-09-09,
2729,Raven's Cry,61,7,2015-01-30,
2730,Royal Quest,46,16,2014-08-06,
2731,Ryse: Son of Rome,72,18,2014-10-10,
2732,Sacred 3,53,12,2014-08-01,
2733,Skyforge,50,12,2015-07-16,
2734,Slipstream 5000,41,7,2015-10-09,
2735,Nancy Drew: The Final Scene,65,16,2017-04-18,
2736,Nancy Drew: The Secret of Shadow Ranch,70,16,2017-01-09,
2737,Thief,65,18,2014-02-25,
2738,Nancy Drew: Treasure in the Royal Tower,60,7,2017-05-22,
2739,War Thunder,64,12,2013-08-15,36
2740,World of Warships,63,12,2015-09-17,
2741,The Bureau: XCOM Declassified,61,16,2013-08-20,
2742,Xenonauts,63,16,2015-09-29,58
2743,Ubersoldier II,66,18,2014-03-25,
2744,Temple Run 2,63,3,2013-01-16,
2745,Rise of Flight: The First Great Air War,82,7,2013-09-05,
2746,Mirai Ninja,80,7,2021-12-16,
2747,The Witcher 3: Wild Hunt,93,18,2021-01-01,49
2748,Battle Mages: Sign of Darkness,59,12,2014-07-24,
2749,Blender Bros.,56,0,2020-08-25,
2750,Shin Megami Tensei: Devil Survivor 2,79,12,2013-10-18,
2751,1953: KGB Unleashed,59,12,2013-09-20,
2752,AirMech,57,7,2015-05-05,
2753,Al Emmo and the Lost Dutchman's Mine,77,7,2014-05-09,
2754,Alpha Kimori Episode One,85,7,2014-03-17,
2755,Among the Sleep,69,16,2014-05-29,
2756,Animales de la Muerte,71,18,2013-05-02,
2757,Annals of Rome,79,7,2019-09-19,
2758,Anno Online,64,16,2013-03-19,1
2759,Anomaly Korea,50,12,2013-11-06,
2760,Mario & Luigi: Dream Team,74,3,2013-07-12,
2761,Aquapazza: Aquaplus Dream Match,65,12,2013-11-19,
2762,Astro Chase,88,18,2023-05-02,
2763,Axiom Verge,80,7,2015-01-01,
2764,Bear Bovver,69,7,2022-08-15,
2765,Bike Daisuki! Hashiriya Kon – Rider's Spirits,63,3,2024-06-07,
2766,Bit.Trip Flux,73,3,2014-06-05,
2767,Blast Off,65,3,2018-01-22,
2768,Brick Breaker,61,7,2017-02-20,
2769,Elite Dangerous,79,12,2014-12-16,67
2770,Butasan,72,7,2019-05-16,
2771,Cafeteria Nipponica,69,3,2022-07-03,
2772,Call of Cthulhu: The Wasted Land,90,12,2014-03-06,
2773,Castle of Terror,66,12,2023-06-15,
2774,Killzone: Shadow Fall,63,18,2014-02-22,52
2775,Chill,59,7,2019-01-18,
2776,Chronomaster,64,12,2022-02-03,
2777,Cinders,72,12,2019-02-14,2
2778,Close Combat,64,16,2024-05-15,
2779,Concerto Gate,80,12,2014-01-01,
2780,Cosmic Wartoad,74,12,2022-07-28,
2781,Crimes & Punishments,77,12,2022-02-03,
2782,Cross of the Dutchman,88,12,2015-01-01,
2783,Cyber Sled,66,18,2014-01-28,
2784,Dark Arena,82,18,2024-10-30,
2785,Dark Legions,88,7,2023-06-06,
2786,Darkness Within 2: The Dark Lineage,78,12,2014-12-05,45
2787,Full Metal Daemon: Muramasa,75,12,2021-08-25,
2788,Date Warp,57,12,2014-09-02,
2789,Strikers 1945 II,66,7,2022-07-13,
2790,Dead Angle,83,12,2024-09-05,
2791,Deer Drive Legends,77,12,2015-01-16,
2792,Devil's Third,78,18,2014-01-01,
2793,Disney Infinity,89,7,2016-12-09,
2794,Distant Worlds,84,12,2014-05-23,
2795,Divinity: Original Sin,84,16,2014-06-30,
2796,Dokuro,74,7,2014-12-08,
2797,Doodle God,63,3,2015-09-24,1
2798,Dragon Saber,65,18,2022-07-14,
2799,DreadOut,65,18,2014-05-15,
2800,Dungeon Village,78,3,2023-09-15,
2801,Animal Crossing,57,3,2001-12-15,
2802,The Fruit of Grisaia,75,16,2015-05-29,
2803,Raiden III,69,7,2014-09-23,
2804,Nobunaga's Ambition: Tendou,56,7,2015-06-25,
2805,Emeraldia,48,7,2024-04-18,
2806,Epic Astro Story,49,7,2022-10-11,
2807,Eschatos,60,12,2022-01-13,
2808,Esper Dream,48,12,2015-07-22,
2809,Everybody's Gone to the Rapture,67,12,2016-04-14,
2810,Exerion,64,16,2020-01-09,
2811,Exvania,88,7,2024-04-04,
2812,Faery: Legends of Avalon,76,7,2014-06-16,
2813,Final Fantasy XIV: A Realm Reborn,84,16,2014-02-18,
2814,Finalizer,60,16,2024-08-29,
2815,Fist of Awesome,53,18,2014-07-03,
2816,Flying Corps,75,7,2021-10-14,
2817,Future Knight,74,7,2022-09-08,
2818,Gates of Zendocon,92,16,2022-11-17,
2819,Global Defence Force,84,12,2021-07-15,
2820,Grand Prix Story,51,3,2022-10-10,
2821,Grandmaster Chess,69,12,2021-09-03,
2822,Grim Dawn,79,16,2016-02-25,
2823,Guzzler,82,16,2021-05-13,
2824,Hatoful Boyfriend,66,7,2014-09-04,
2825,Mario Kart: Double Dash,87,3,2003-11-07,
2826,Homefront: The Revolution,60,18,2016-01-01,
2827,Hoshi wo Miru Hito,75,12,2020-07-30,
2828,Hot Springs Story,57,3,2023-09-15,
2829,Romance of the Three Kingdoms XII,57,16,2018-01-17,
2830,The King of Fighters 2002 Unlimited Match,79,12,2015-02-27,
2831,Vanguard Princess,59,18,2014-03-03,
2832,Sakura Sakura,70,12,2018-11-19,
2833,Mario Golf: World Tour,81,3,2014-05-02,
2834,Impossible Mission,73,7,2019-04-29,
2835,Minecraft: Bedrock Edition,63,7,2011-10-09,
2836,Infamous: Second Son,78,16,2014-03-21,
2837,Infinity: Battlescape,69,16,2019-09-27,
2838,Interphase,63,16,2020-02-12,
2839,Jane Jensen's Moebius,72,12,2014-04-15,
2840,Jim Power: The Lost Dimension in 3-D,83,3,2015-09-30,
2841,Starbound,76,7,2024-10-24,
2842,Kentucky Route Zero,80,12,2020-01-28,
2843,Kinetic Void,81,7,2014-11-21,
2844,Kingdom Rush,83,7,2023-01-25,1
2845,Konami's Ping Pong,66,16,2024-11-14,
2846,Mario Party,55,7,1998-12-18,
2847,Lightspeed,84,7,2024-02-15,
2848,Torment: Tides of Numenera,72,12,2017-02-28,
2849,Rape Day,84,7,2019-03-09,
2850,Little Ninja Brothers,88,16,2015-05-28,
2851,Long Live the Queen,76,12,2022-07-15,
2852,Makai Wars,67,12,2018-01-01,
2853,Monster Monpiece,74,18,2017-03-14,
2854,Moon: Remix RPG Adventure,76,7,2020-08-27,
2855,Murdered: Soul Suspect,69,16,2014-06-03,
2856,Osman,77,16,2023-04-13,
2857,Mutant Night,68,7,2017-02-16,
2858,Them's Fightin' Herds,67,7,2022-10-18,
2859,Nioh,76,18,2017-02-07,
2860,Nightshade,71,7,2019-03-07,
2861,Inazuma Eleven GO,72,12,2015-07-18,
2862,No More Room in Hell,58,18,2014-12-30,
2863,Oddworld: New 'n' Tasty!,70,12,2020-10-27,
2864,Outwars,70,18,2021-05-11,
2865,Pajama Sam: No Need to Hide When It's Dark Outside,86,3,2022-02-10,6
2866,Perpetuum,80,16,2014-10-17,
2867,Phantasmat,77,3,2016-10-19,
2868,Pinball Quest,97,16,2024-08-01,
2869,Pistol Daimyo no Bōken,57,7,2022-01-27,
2870,Planetary Annihilation,57,12,2014-09-05,
2871,Prince of Qin,70,12,2021-10-26,
2872,Prison Architect,74,12,2016-06-28,
2873,Tesla Effect: A Tex Murphy Adventure,52,12,2014-04-22,
2874,Prophecy of the Shadow,75,12,2023-12-19,
2875,Pud Pud in Weird World,68,7,2022-08-10,
2876,Another Adventure,65,12,2017-03-10,
2877,Quadrilateral Cowboy,67,7,2016-07-25,
2878,Raiden IV,73,7,2015-09-02,
2879,Ravenmark: Scourge of Estellion,88,16,2015-09-10,
2880,Rogue Stormers,71,12,2014-07-17,
2881,Rocket Jockey,75,3,2023-08-28,10
2882,Saboten Bombers,73,7,2021-04-08,
2883,Samurai Aces,71,7,2022-07-27,
2884,Savage,92,12,2019-12-31,
2885,Sega Mega Drive Classic Collection,81,7,2018-05-29,
2886,Sengoku Blade,65,7,2022-08-03,
2887,Shadow Madness,64,7,2022-02-15,
2888,Shadowrun Chronicles: Boston Lockdown,48,12,2015-04-28,
2889,Shadowrun Returns,70,12,2022-06-21,
2890,Shantae,66,7,2023-06-02,
2891,Tokyo Mirage Sessions ♯FE,47,12,2016-06-24,
2892,Six Days in Fallujah,60,18,2023-06-22,
2893,Sniper Elite III,74,18,2014-07-01,34
2894,Solitaire Royale,78,12,2016-09-15,
2895,Star Force,83,0,2018-03-01,
2896,Stronghold Crusader 2,70,12,2014-09-23,
2897,Super Hunchback,65,7,2021-06-02,
2898,Sword of Aragon,58,16,2022-09-01,
2899,Tearaway,83,3,2015-09-08,
2900,Tecmo Stackers,66,7,2024-08-08,
2901,The Adventures of Fatman,88,12,2015-10-01,
2902,The Age of Decadence,76,12,2015-10-14,
2903,The Ancient Art of War in the Skies,89,3,2022-01-20,
2904,The Dishwasher: Vampire Smile,77,16,2017-05-12,
2905,The Final Round,73,12,2024-08-01,
2906,The Red Solstice,46,18,2015-07-09,
2907,The Space Bar,77,16,2023-03-30,
2908,The Summoning,74,12,2023-06-06,
2909,Theme Park Studio,83,7,2016-12-02,
2910,They Bleed Pixels,68,12,2020-10-22,
2911,Toukiden,64,12,2015-06-25,
2912,Train Fever,75,3,2014-09-05,
2913,Transcendence,89,7,2015-07-24,
2914,Transformers Universe,69,12,2014-01-01,
2915,Traxx,68,3,2019-10-15,
2916,Truxton II,92,16,2024-04-08,
2917,Tutankham,66,12,2024-05-09,
2918,Veil of Darkness,90,7,2023-06-06,
2919,Vimana,91,18,2024-02-01,
2920,"Warhammer 40,000: Kill Team",58,12,2014-05-22,
2921,Warhead,57,12,2019-06-11,
2922,Waterloo,68,18,2019-10-04,
2923,Where is my Heart?,75,3,2014-05-29,
2924,X-Note,87,7,2015-01-16,1
2925,XII Stag,71,7,2015-06-05,
2926,Z.H.P. Unlosing Ranger VS Darkdeath Evilman,73,16,2022-05-10,
2927,Zarlor Mercenary,71,12,2022-11-10,
2928,Hearthstone,78,7,2015-04-14,
2929,Disney Princess: Enchanted Journey,59,7,2014-10-10,
2930,City Builder,67,7,2017-12-19,
2931,Driveclub,70,3,2014-10-07,
2932,Fragment’s Note,76,12,2015-03-10,
2933,Microsoft Solitaire Collection,67,3,2016-07-23,
2934,Rewrite Harvest festa!,62,7,2017-05-18,
2935,Nobunaga's Ambition: Tenkasousei,76,7,2018-01-16,
2936,S.T.A.L.K.E.R. 2: Heart of Chornobyl,75,18,2024-11-20,
2937,The Legend of Sword and Fairy 6,62,16,2015-07-08,
2938,Assetto Corsa,78,0,2014-12-19,
2939,Swords of Legends Online,71,16,2023-05-25,
2940,Senran Kagura Burst,69,12,2018-01-01,
2941,Clock Zero: Shūen no Ichibyō,84,7,2019-06-27,
2942,Metal Wolf Chaos,65,16,2019-08-06,
2943,Panic Palette,97,12,2018-12-13,
2944,Princess Evangile,79,16,2015-03-27,
2945,STARLESS: Nymphomaniac's Paradise,77,12,2015-05-12,
2946,Kashimashi Communication,79,12,2014-05-23,
2947,Kaeru Batake de Tsukamaete,64,12,2019-07-11,
2948,The Labyrinth of Grisaia,72,7,2016-06-22,
2949,The Legend of Zelda: A Link Between Worlds,87,7,2013-11-22,
2950,Sakura no Uta,66,12,2015-10-23,
2951,Thunder Dragon 2,79,18,2022-02-10,
2952,Artificial Academy 2,74,3,2014-06-13,
2953,Danganronpa 2: Goodbye Despair,87,16,2016-04-18,
2954,Sol Divide,72,7,2022-06-29,
2955,Terra Force,51,0,2016-11-17,
2956,Natsumegu,69,12,2015-07-30,
2957,Fighting Hawk,74,7,2022-05-06,
2958,Final Fantasy III,77,16,2014-01-14,
2959,Family Tennis Advance,93,12,2015-05-27,
2960,Plus Alpha,61,3,2020-04-16,
2961,Magical Beat,82,0,2014-06-17,
2962,Lucky Dog 1,78,7,2018-03-08,
2963,Shiren the Wanderer: The Tower of Fortune and the Dice of Fate,65,7,2022-12-03,
2964,Yokai Club,87,12,2024-08-08,
2965,Taimanin Asagi,78,16,2023-10-27,
2966,DoDonPachi Saidaioujou,81,12,2024-12-19,
2967,Ren'ai 0 Kilometer,56,16,2014-08-28,
2968,Shinigami to Shoujo,73,12,2019-07-25,
2969,Shin Koihime Musou ~Fighting Maidens of the Romance of the Three Kingdoms~,73,12,2014-02-20,
2970,Kami-sama to Koigokoro,63,12,2014-09-25,
2971,London Detective Mysteria,74,16,2019-07-31,
2972,Spinner-87 Legion,88,18,2024-05-23,
2973,Senran Kagura Shinovi Versus,74,18,2016-06-01,
2974,The Sly Trilogy,68,7,2014-05-27,
2975,Might & Magic: Duel of Champions,80,12,2014-01-01,
2976,Metal Gear Solid V: Ground Zeroes,78,18,2014-03-18,
2977,Yoshi's New Island,57,3,2014-03-15,
2978,Yoshi's Woolly World,75,0,2015-06-25,
2979,Trucks & Trailers,62,0,2014-06-04,
2980,Cradle,76,12,2015-07-24,19
2981,Banished,78,12,2014-02-18,
2982,Surgeon Simulator,69,12,2018-09-13,
2983,The Sims 4,73,12,2014-09-02,
2984,Wolfenstein: The New Order,84,18,2014-05-20,
2985,Mario Party: Island Tour,77,3,2013-11-13,
2986,Toki Tori 2,60,0,2014-01-01,
2987,Northmark: Hour of the Wolf,67,12,2014-08-02,
2988,Mario & Sonic at the Sochi 2014 Olympic Winter Games,71,3,2013-11-08,
2989,Sonic Lost World,59,7,2015-11-02,
2990,Quantum Break,78,16,2016-04-05,
2991,The Room,85,3,2018-10-18,
2992,Dying Light,82,18,2015-01-27,
2993,Super Mario 3D World,87,3,2013-11-21,
2994,Mario Kart 8,87,3,2014-05-29,
2995,Donkey Kong Country: Tropical Freeze,87,3,2014-02-13,
2996,The Order: 1886,75,18,2015-02-20,
2997,Tom Clancy's The Division,74,18,2016-03-08,
2998,WildStar,64,12,2016-06-09,
2999,Armikrog,63,7,2015-09-30,
3000,Total War: Arena,79,18,2017-01-01,
3001,Rogue Legacy,77,7,2018-11-06,
3002,You And Me And Her: A Love Story,78,18,2020-05-25,
3003,Broforce,80,16,2015-10-15,
3004,"Papers, Please",87,7,2017-12-12,
3005,Guilty Gear Xrd,84,18,2015-12-09,
3006,Fairy Fencer F,67,12,2015-08-04,
3007,7 Days to Die,67,16,2024-07-25,
3008,Mighty No. 9,46,12,2016-01-01,
3009,Outlast,75,18,2015-03-31,
3010,Penetrator,91,16,2022-05-17,
3011,Samurai Warriors 4,80,12,2015-02-11,
3012,D4,72,18,2015-06-05,
3013,SOMA,83,18,2015-09-22,
3014,MapleStory 2,54,12,2018-10-10,
3015,Heroes of the Storm,76,12,2015-06-02,
3016,Akiba's Trip: Undead & Undressed,77,18,2015-05-26,5
3017,Nancy Drew: The Silent Spy,73,7,2017-04-03,
3018,Conception 2: Children of the Seven Stars,70,16,2016-08-15,
3019,Chain Chronicle,66,12,2015-02-25,
3020,Space Engineers,70,12,2020-04-15,
3021,No Man's Sky,74,12,2023-06-01,
3022,Tales of Zestiria,71,16,2015-01-22,
3023,Audiosurf 2,76,0,2015-05-26,
3024,Rust,67,18,2018-02-08,
3025,Hyrule Warriors,84,12,2014-08-14,
3026,Kingdom Come: Deliverance,81,18,2024-03-15,
3027,Alien: Isolation,84,18,2021-12-16,
3028,Xenoblade Chronicles X,81,12,2015-04-29,
3029,Hyperdevotion Noire: Goddess Black Heart,82,12,2016-04-26,
3030,140,73,0,2020-01-09,
3031,Ar nosurge,60,12,2021-03-04,
3032,Dex,68,18,2015-05-07,
3033,Shantae: Risky's Revenge,81,12,2021-10-19,
3034,Shantae and the Pirate's Curse,77,12,2022-09-27,
3035,Shantae: Half-Genie Hero,75,12,2021-02-23,
3036,Bravely Second: End Layer,63,12,2016-02-26,
3037,Princess Battles,68,7,2015-04-13,
3038,Kingdom Hearts HD 2.5 Remix,97,12,2017-03-09,
3039,Age of Wonders III,58,16,2015-04-14,
3040,Infinite Crisis,71,12,2015-03-26,
3041,Massive Chalice,62,12,2015-06-01,
3042,Shoppe Keep,49,7,2016-05-20,
3043,Zero Time Dilemma,58,18,2022-08-31,
3044,Batman: Arkham Knight,85,18,2015-06-23,
3045,The Eden of Grisaia,71,12,2017-04-28,
3046,Wreckfest,74,12,2022-06-21,
3047,Charlie Murder,61,18,2017-05-12,
3048,Danganronpa Another Episode: Ultra Despair Girls,74,16,2017-06-27,
3049,Stranger of Sword City,58,12,2016-06-06,
3050,Fable Legends,60,16,2016-01-01,
3051,Below,65,12,2018-01-01,5
3052,Midnight Star,82,16,2015-01-01,
3053,Strife,49,12,2015-05-22,
3054,Strikers 1945 III,56,7,2022-07-13,
3055,Card Hunter,64,7,2015-07-13,1
3056,Crypt of the NecroDancer,80,16,2018-02-01,
3057,Darkest Dungeon,83,12,2018-02-28,
3058,The Legend of Heroes: Trails in the Sky SC,89,12,2015-10-29,
3059,Hatsune Miku: Project Mirai 2,61,7,2015-01-01,
3060,Power Punch II,77,7,2019-08-22,
3061,Perspective,66,0,2019-10-10,
3062,Mind Zero,60,12,2016-03-08,
3063,Samorost 3,84,3,2016-03-24,
3064,Table Top Racing,71,3,2016-05-25,
3065,The Mighty Quest for Epic Loot,58,12,2015-02-05,
3066,Galak-Z: The Dimensional,77,18,2015-10-29,
3067,"Warhammer 40,000: Eternal Crusade",52,7,2015-01-01,
3068,Rocketbirds 2: Evolution,71,16,2016-01-01,
3069,Bless,75,7,2018-10-23,
3070,Hotline Miami 2: Wrong Number,86,18,2020-04-07,
3071,TowerFall,83,7,2018-09-27,
3072,H-Hour: World's Elite,66,18,2015-05-19,
3073,Satellite Reign,53,16,2015-08-27,
3074,Volume,58,16,2016-01-06,
3075,Helldivers,72,16,2015-03-03,
3076,Superhot,84,16,2016-02-25,
3077,Obduction,64,3,2020-04-10,
3078,Evolve,54,18,2015-02-10,
3079,Eve Valkyrie,81,12,2016-03-28,
3080,The Forest,75,18,2018-04-30,
3081,2064: Read Only Memories,64,16,2017-01-17,
3082,Plague Inc: Evolved,80,7,2016-02-18,
3083,Mini Metro,82,0,2015-11-06,
3084,Let It Die,60,18,2016-01-01,
3085,"That Dragon, Cancer",97,12,2016-01-11,
3086,Tomodachi Life,81,3,2013-04-18,
3087,World of Tanks Blitz,55,12,2016-11-09,
3088,Child of Light,77,7,2015-03-31,
3089,Just Survive,85,16,2015-01-15,
3090,Hyper Light Drifter,83,12,2016-03-31,2
3091,A-Train 3D : City Simulator,51,7,2016-12-01,
3092,World of Tanks: Generals,77,7,2015-11-26,
3093,Fatal Frame: Maiden of Black Water,61,18,2021-10-28,
3094,Dragon's Dogma: Dark Arisen,78,16,2016-01-15,
3095,Magicka: Wizard Wars,60,12,2015-04-28,
3096,Mugen Souls Z,61,12,2023-11-02,
3097,Stellar Overload,50,7,2017-01-01,
3098,Rime,73,7,2017-05-26,
3099,Brigador,66,12,2015-10-20,
3100,Caffeine,92,12,2015-10-12,
3101,Persona 4 Arena Ultimax,73,12,2022-03-17,
3102,Halo 5: Guardians,75,16,2015-10-27,
3103,Armello,72,7,2015-09-01,
3104,Talking Angela,63,7,2015-08-01,
3105,The Rumble Fish 2,86,12,2022-12-08,
3106,Battlefield Hardline,64,18,2015-03-17,
3107,American Truck Simulator,80,0,2016-02-02,
3108,Blackhole,45,7,2015-02-27,2
3109,Earthlock,77,7,2016-01-01,
3110,Factorio,87,12,2022-10-28,
3111,Killing Floor 2,71,18,2016-11-18,
3112,Landmark,79,12,2016-06-10,
3113,Metroid Dread,87,12,2021-10-08,
3114,Final Fantasy X/X-2 HD Remaster,87,12,2016-05-12,5
3115,Hiveswap: Act 1,51,12,2017-01-01,
3116,The Settlers,86,3,2018-09-21,
3117,Rise of the Tomb Raider,81,18,2016-01-01,
3118,Captain Toad: Treasure Tracker,82,3,2014-11-13,
3119,Mario Party 10,77,7,2015-03-12,
3120,Shining Resonance,88,12,2018-01-01,
3121,Super Mario Maker,73,3,2015-09-10,62
3122,Dead Island 2,74,18,2023-04-21,
3123,Star Fox Guard,85,7,2016-04-21,
3124,Star Fox Zero,73,7,2016-04-21,
3125,Halo: The Master Chief Collection,85,16,2020-11-17,
3126,Hunt: Showdown 1896,74,18,2024-08-15,
3127,Ratchet & Clank,81,7,2016-01-01,
3128,The Legend of Zelda: Breath of the Wild,89,12,2017-03-03,
3129,Azure Striker Gunvolt,78,12,2022-06-30,
3130,Battlefield Waltz,87,12,2023-04-13,
3131,Gahkthun of the Golden Lightning,91,16,2016-04-15,
3132,Lovers in a Dangerous Spacetime,71,7,2017-10-03,
3133,Imperia Online,88,16,2016-04-15,
3134,Tekken 7,80,12,2016-07-05,
3135,Splatoon,72,7,2015-05-28,62
3136,1001 Spikes,75,12,2016-11-27,
3137,LawBreakers,52,16,2016-01-01,
3138,Space Hulk: Deathwing,57,16,2016-12-14,
3139,Metrico,46,3,2016-08-23,
3140,Dragon Quest Heroes: The World Tree's Woe and the Blight Below,72,12,2019-12-03,
3141,Age of Empires: Castle Siege,72,12,2017-04-06,
3142,Cuphead,87,7,2020-01-01,
3143,The Legend of Heroes: Trails in the Sky the 3rd,69,12,2017-05-03,
3144,Life in the Dorms,76,7,2018-08-01,
3145,The Legend of Legacy,73,12,2016-02-05,
3146,Pokkén Tournament,66,7,2015-07-16,
3147,Megadimension Neptunia VII,66,12,2020-03-19,5
3148,Five Nights at Freddy's 2,73,12,2019-11-29,61
3149,Futuridium EP Deluxe,39,3,2016-01-07,
3150,Mega Mall Story,64,7,2024-02-29,
3151,Wayward Souls,76,12,2019-08-28,
3152,Orcs Must Die! Unchained,60,12,2017-04-19,
3153,Mount & Blade II: Bannerlord,84,12,2022-10-25,
3154,Owlboy,77,7,2016-11-01,
3155,Planet Explorers,56,12,2016-11-08,
3156,The Tomorrow Children,72,12,2016-01-01,
3157,Revolution 60,57,12,2016-09-06,
3158,Aokana - Four Rhythms Across the Blue,79,18,2020-08-21,
3159,Street Fighter V,70,12,2016-02-16,
3160,Digimon Story: Cyber Sleuth,63,16,2017-12-14,
3161,JoJo's Bizarre Adventure: Eyes of Heaven,71,12,2016-01-01,
3162,Naruto Shippuden: Ultimate Ninja Storm 4,80,12,2020-04-24,
3163,Mobius Final Fantasy,50,7,2017-02-05,
3164,Assassin's Creed Identity,69,16,2016-02-25,
3165,Style Savvy: Fashion Forward,70,3,2016-08-19,
3166,Battlefleet Gothic: Armada,73,12,2016-04-21,
3167,Double Dragon III: The Sacred Stones,64,7,2020-04-16,
3168,Tales of Aravorn: Seasons of the Wolf,78,18,2022-06-17,
3169,Langrisser Re:Incarnation Tensei,66,12,2016-04-19,
3170,Kick & Fennick,57,7,2016-01-01,
3171,Nancy Drew: Sea of Darkness,74,7,2017-02-02,
3172,Night in the Woods,85,12,2019-03-28,
3173,RimWorld,87,3,2018-10-17,
3174,Etrian Odyssey V,72,12,2016-08-04,
3175,Donut County,79,3,2018-08-28,
3176,Firewatch,86,16,2018-12-17,
3177,Outer Wilds,87,7,2022-09-15,
3178,Cue Club 2,83,7,2016-03-07,
3179,Salt and Sanctuary,78,18,2016-05-17,
3180,Planet Coaster,76,7,2020-11-10,67
3181,Fushigi no Chronicle: Furikaerimasen Katsu Madewa,67,18,2016-09-12,
3182,Strafe,60,18,2017-05-09,
3183,Freddi Fish 4: The Case of the Hogfish Rustlers of Briny Gulch,93,0,2023-12-21,6
3184,Rhythm Heaven Megamix,88,12,2016-06-15,
3185,Deus Ex: Mankind Divided,79,18,2016-08-23,51
3186,Squad,78,18,2020-09-23,
3187,Dissidia Final Fantasy NT,55,12,2018-01-30,
3188,Star Ocean: Integrity and Faithlessness,79,12,2016-03-31,
3189,Project X Zone 2,61,12,2016-02-12,
3190,Yooka-Laylee,61,7,2017-04-11,
3191,Aurion: Legacy of the Kori-Odan,38,12,2016-04-14,
3192,The Flame in the Flood,58,16,2017-01-17,
3193,Seasons After Fall,67,3,2016-09-02,
3194,Pokémon Super Mystery Dungeon,74,7,2016-01-01,
3195,Ladykiller in a Bind,63,16,2017-01-09,
3196,XCOM 2,82,16,2016-02-05,
3197,RIVE,64,7,2016-09-13,
3198,Rocket League,79,3,2017-11-14,
3199,Ark: Survival Evolved,62,18,2017-08-29,
3200,Senran Kagura: Estival Versus,87,16,2017-03-17,
3201,Senran Kagura: Bon Appétit!,87,16,2016-11-10,
3202,Psychedelica of the Black Butterfly,66,12,2018-04-27,
3203,Sonic Boom: Fire & Ice,76,3,2016-01-01,
3204,Dishonored 2,85,18,2016-11-11,54
3205,Dark Souls III,88,16,2016-03-24,
3206,Mass Effect: Andromeda,64,16,2017-03-21,
3207,Sea of Thieves,74,12,2018-03-20,
3208,Unravel,79,7,2016-02-09,5
3209,Fallout Shelter,69,12,2018-06-10,
3210,Gears of War 4,78,18,2016-10-11,
3211,The Legend of Zelda: Tri Force Heroes,95,7,2015-10-22,
3212,Metroid Prime: Federation Force,57,12,2016-08-19,
3213,Mario Tennis: Ultra Smash,57,12,2016-01-28,
3214,Final Fantasy VII Remake,47,16,2021-06-10,
3215,Tom Clancy's Ghost Recon Wildlands,71,18,2017-03-07,
3216,World of Final Fantasy,70,16,2016-01-01,
3217,ReCore,66,12,2016-01-01,
3218,Battleborn,54,12,2016-05-03,
3219,Hyrule Warriors Legends,72,12,2016-01-21,
3220,Nights of Azure,67,12,2017-02-07,
3221,Atelier Sophie: The Alchemist of the Mysterious Book,74,12,2017-02-07,
3222,Shadow Warrior 2,70,18,2016-01-01,56
3223,Cossacks 3,70,12,2016-09-20,
3224,The Elder Scrolls: Legends,64,12,2017-05-31,
3225,The Solus Project,69,18,2016-02-18,
3226,TrackMania Turbo,70,0,2016-03-01,
3227,For Honor,66,18,2017-02-13,
3228,Dragon Quest Builders,75,7,2018-02-09,5
3229,Hitman Go,79,7,2016-02-23,
3230,The Fall,70,12,2018-05-10,
3231,Thumper,82,12,2019-02-21,
3232,Total War: Warhammer,81,12,2016-04-28,
3233,We Happy Few,63,16,2018-08-10,
3234,Blocksworld,85,12,2017-09-25,
3235,Mario & Sonic at the Rio 2016 Olympic Games,67,3,2016-01-01,
3236,Tree of Savior,71,7,2016-03-28,
3237,Sniper: Ghost Warrior 3,77,18,2017-04-24,
3238,Crackdown 3,57,18,2019-02-15,
3239,Halo Wars 2,77,16,2017-02-21,
3240,BlazBlue: Central Fiction,80,12,2017-04-25,
3241,Minecraft: Story Mode,68,12,2015-10-13,
3242,Abzû,77,7,2018-11-29,
3243,Divinity: Original Sin 2,88,18,2017-09-14,
3244,Tales of Berseria,80,16,2017-01-24,
3245,Pokémon Go,73,7,2016-07-06,
3246,Danganronpa V3: Killing Harmony,85,16,2017-01-01,
3247,Universe Sandbox 2,52,7,2021-12-06,
3248,Kingdom Hearts HD 2.8 Final Chapter Prologue,82,12,2017-01-01,
3249,13 Sentinels: Aegis Rim,85,12,2022-04-12,
3250,I Am Setsuna,65,7,2017-03-03,
3251,Yakuza 6: The Song of Life,88,18,2018-01-01,
3252,Digimon World: Next Order,66,7,2023-02-22,
3253,The King of Fighters XIV,72,12,2017-06-15,
3254,Minecraft: Pi Edition,78,12,2013-02-11,
3255,Lost Ark,63,16,2022-02-11,
3256,Fran Bow,86,16,2023-04-28,2
3257,Subnautica,85,7,2021-01-01,
3258,Undertale,87,12,2021-03-16,2
3259,BattleTech,72,12,2018-04-24,
3260,Battlefield V,70,16,2018-11-20,
3261,NieR: Automata,87,18,2022-10-06,
3262,Besiege,76,12,2024-09-12,
3263,Ashen,70,12,2019-12-09,
3264,Ni no Kuni: Wrath of the White Witch,84,12,2019-09-20,
3265,Friday the 13th: The Game,63,18,2017-01-01,
3266,Indivisible,66,12,2019-01-01,
3267,Valkyria: Azure Revolution,83,16,2017-01-19,
3268,Gran Turismo Sport,78,0,2017-10-01,
3269,The Guild 3,72,7,2017-01-01,
3270,Outlast 2,74,18,2017-04-24,
3271,Ace Combat 7: Skies Unknown,79,12,2019-01-18,
3272,Princess Maker: Faery Tales Come True,76,7,2017-06-27,
3273,White Day: A Labyrinth Named School,62,18,2022-09-08,
3274,Psychonauts 2,87,7,2021-08-25,
3275,Vampyr,70,16,2018-06-05,
3276,INSIDE,88,18,2020-06-23,
3277,Snow,51,7,2019-02-14,
3278,Wagamama High Spec,83,12,2017-07-25,
3279,Splash Cars,83,3,2022-03-09,
3280,Bad Apple Wars,57,12,2017-10-13,
3281,God Wars: Future Past,53,16,2017-06-16,
3282,Amatarasu Riddle Star,85,12,2019-10-10,
3283,Collar x Malice,64,16,2020-03-12,
3284,The Men of Yoshiwara: Kikuya,39,18,2018-01-25,
3285,Tayutama 2: You're the Only One,73,16,2018-09-27,
3286,Dragon Quest Heroes II,63,7,2017-04-25,
3287,Creativerse,51,18,2017-05-08,
3288,Slime Rancher,77,0,2017-08-01,
3289,Detective Pikachu,92,0,2018-03-23,
3290,Dokapon! Sword of Fury,57,7,2024-08-01,
3291,Planet Nomads,81,12,2017-01-01,
3292,Iwaihime,62,18,2017-09-07,
3293,Anonymous;Code,61,18,2022-07-28,
3294,TANKI X,68,7,2018-03-13,
3295,Visage,67,18,2020-10-30,
3296,The Caligula Effect,86,12,2017-05-02,
3297,Paper Mario: Color Splash,64,3,2016-10-07,
3298,Sniper Elite 4,72,18,2020-11-01,
3299,Gravity Rush 2,79,12,2017-01-17,
3300,Z1 Battle Royale,72,12,2018-02-28,
3301,Stardew Valley,88,12,2019-03-13,
3302,Escape from Tarkov,97,16,2017-07-27,
3303,Dragon Quest Monsters: Joker 3,97,7,2017-02-09,
3304,Moon Hunters,68,7,2017-02-09,
3305,Golf With Your Friends,77,7,2020-05-19,
3306,theBlu,64,3,2022-12-28,
3307,Pyre,83,7,2017-07-25,
3308,Ni no Kuni II: Revenant Kingdom,78,12,2021-09-17,
3309,Sword Art Online: Hollow Realization,69,12,2017-10-27,
3310,"Warhammer 40,000: Dawn of War III",61,16,2017-04-27,
3311,Civilization VI,55,12,2019-11-22,
3312,Civilization VI: Rise and Fall,66,12,2018-02-08,
3313,Underworld Ascendant,66,12,2018-11-15,
3314,MU Legend,69,16,2017-03-23,
3315,City Shrouded in Shadow,70,16,2017-10-19,
3316,Crush Crush,61,12,2022-01-27,
3317,Starpoint Gemini Warlords,70,12,2017-05-23,
3318,8-Bit Armies,56,12,2018-09-21,25
3319,35MM,69,16,2022-03-02,
3320,TerraTech,71,7,2018-08-10,
3321,Psycho-Pass: Mandatory Happiness,77,16,2017-04-24,
3322,Rock of Ages II: Bigger & Boulder,42,7,2017-01-01,
3323,Quake Champions,65,18,2018-01-01,
3324,Just Dance 2017,75,3,2017-01-01,
3325,Gwent: The Witcher Card Game,72,12,2018-10-23,
3326,Absolver,58,12,2017-01-01,
3327,Death Stranding,86,18,2020-07-17,52
3328,Dead Rising 4,65,18,2017-03-14,
3329,Flinthook,72,7,2017-04-18,
3330,Injustice 2,78,12,2017-05-11,
3331,Agents of Mayhem,58,18,2017-08-15,
3332,Ever Oasis,76,7,2017-01-01,
3333,Brawlout,61,7,2017-04-20,
3334,Girls' Frontline,78,7,2017-06-30,
3335,Period: Cube - Shackles of Amadeus,83,18,2017-04-28,
3336,7'scarlet,55,12,2024-07-11,
3337,Atelier Firis: The Alchemist and the Mysterious Journey,77,7,2017-03-07,
3338,Labyrinth of Refrain: Coven of Dusk,76,18,2018-09-18,
3339,Valkyrie Anatomia: The Origin,63,12,2019-04-04,
3340,Raging Loop,90,18,2024-08-30,
3341,Azure Striker Gunvolt 2,71,12,2022-07-14,
3342,My Academy's Special Place,89,16,2023-12-15,
3343,Tacoma,73,12,2017-08-02,
3344,Rain World,77,7,2017-03-28,
3345,Reine des Fleurs,62,12,2019-04-25,
3346,Praey for the Gods,60,12,2021-12-14,
3347,Styx: Shards of Darkness,67,16,2017-03-14,
3348,Berserk and the Band of the Hawk,67,16,2017-02-21,
3349,Observer,64,16,2019-02-07,
3350,Spider-Man,68,16,2022-08-12,
3351,Worlds Adrift,78,12,2017-05-24,
3352,Elex,70,16,2017-10-17,
3353,Monstrum,61,18,2020-01-01,
3354,Kingdom Rush Origins,78,16,2018-10-18,
3355,Frozen Synapse 2,72,7,2018-09-13,
3356,Anima: Gate of Memories,65,12,2018-06-29,
3357,Saddies: Attack!!,60,16,2017-01-10,
3358,Sonic Mania,77,3,2017-08-15,
3359,Sonic Forces,57,7,2017-11-07,39
3360,Layton's Mystery Journey: Katrielle and the Millionaires' Conspiracy,80,7,2019-11-08,
3361,Monster Hunter Stories,74,7,2024-06-14,
3362,Kursk,82,7,2018-11-07,
3363,Tricky Towers,74,0,2018-10-11,
3364,Samurai Warriors: Spirit of Sanada,80,12,2017-05-23,
3365,The Wild Eight,65,16,2017-02-08,
3366,Medieval Engineers,56,3,2020-03-17,
3367,MinecraftEdu,70,7,2011-01-01,
3368,Red Dead Redemption 2,92,18,2019-11-05,
3369,Metal Gear Survive,47,16,2018-01-01,
3370,Wasteland 3,81,18,2020-08-28,
3371,Summer Pockets,71,16,2020-02-05,
3372,Ash of Gods: Redemption,62,12,2018-03-23,
3373,Astroneer,75,3,2022-01-13,
3374,Dynasty Warriors 9,47,12,2018-02-03,
3375,The Bard's Tale IV: Barrows Deep,43,12,2018-09-18,
3376,Shadowgun Legends,67,18,2018-03-22,
3377,Steins;Gate: My Darling's Embrace,63,12,2019-03-20,
3378,Dual Universe,60,3,2022-09-27,19
3379,YIIK: A Postmodern RPG,94,18,2019-01-17,
3380,Splatoon 2,85,7,2017-07-21,62
3381,Sea of Solitude,65,12,2019-07-05,
3382,Agony,40,18,2019-10-31,
3383,Oxygen Not Included,83,16,2019-07-30,
3384,Super Mario Odyssey,88,7,2017-10-27,
3385,1-2-Switch,80,7,2017-03-03,
3386,Xenoblade Chronicles 2,85,12,2017-12-01,
3387,Arms,65,7,2017-06-16,62
3388,Super Bomberman R,60,7,2018-06-12,
3389,Long Gone Days,64,7,2018-03-28,
3390,Heroine's Quest: The Herald of Ragnarok,47,16,2024-12-20,
3391,Mushroom Wars 2,65,3,2022-01-13,
3392,onmyoji,71,12,2018-04-19,
3393,What Remains of Edith Finch,88,12,2021-08-16,
3394,Celeste,87,7,2018-01-25,
3395,Hot Lava,67,12,2019-09-19,
3396,Overload,64,16,2018-05-31,
3397,Necrobarista,57,18,2020-07-17,
3398,Megaton Musashi,88,12,2021-11-11,
3399,Suki to Suki to de Sankaku Ren'ai,61,7,2019-05-31,
3400,Toraware no Palm,78,12,2019-08-30,
3401,The Ditzy Demons Are in Love With Me,67,16,2018-10-26,
3402,Destiny Child,87,12,2018-12-06,
3403,Conan Exiles,57,18,2018-05-08,
3404,Call of Cthulhu,71,16,2018-10-30,
3405,Crossing Souls,71,18,2018-01-01,
3406,Northgard,75,12,2021-04-13,
3407,Blaster Master Zero,73,3,2019-06-14,
3408,Honkai Impact 3rd,84,16,2024-04-25,
3409,ToeJam & Earl: Back in the Groove,71,7,2019-01-01,
3410,The Legend of Heroes: Trails of Cold Steel III,63,12,2021-04-01,5
3411,Bendy and the Ink Machine,70,12,2018-11-20,
3412,Code Vein,70,16,2019-09-27,
3413,Dead Secret,93,12,2018-04-24,
3414,Ylands,51,16,2019-12-09,
3415,Sunless Skies: Sovereign Edition,69,16,2019-01-31,
3416,The Legend of Heroes: Trails of Cold Steel II,67,16,2021-08-05,5
3417,Darksiders III,69,18,2018-11-27,
3418,World of Warriors,71,7,2018-03-21,
3419,Blue Max,82,0,2021-11-05,
3420,Legend of the Skyfish,96,7,2019-08-28,
3421,Battle Brothers,83,12,2022-01-13,
3422,Medieval Lords: Soldier Kings of Europe,70,16,2024-12-05,
3423,Combat Mission: Red Thunder,67,18,2023-06-15,
3424,Life Is Strange 2,76,18,2018-09-26,
3425,Far Cry 5,74,18,2018-03-27,
3426,Metal Slug XX,80,16,2019-01-31,
3427,Dragon Ball FighterZ,82,12,2018-01-26,
3428,Anthem,54,16,2019-02-22,
3429,Skull and Bones,67,16,2024-02-16,
3430,The Inpatient,64,16,2018-01-23,
3431,Wargroove,72,7,2019-01-01,
3432,Ori and the Will of the Wisps,88,12,2020-03-11,
3433,Judgment: Apocalypse Survival Simulation,78,18,2018-05-03,
3434,Mordhau,78,18,2019-04-29,
3435,Dusk,86,18,2018-12-10,
3436,Minit,75,3,2019-06-26,2
3437,Yoshi’s Crafted World,76,3,2019-03-29,
3438,CrossCode,85,7,2020-07-09,
3439,Surviving Mars,69,0,2018-03-15,
3440,Dead Cells,85,16,2020-06-03,
3441,Old Man's Journey,71,3,2018-02-20,
3442,Strange Brigade,65,16,2018-08-28,
3443,The Artful Escape,82,7,2021-09-09,
3444,The Crew 2,64,12,2018-06-29,
3445,Hand of Fate 2,75,12,2018-07-17,
3446,The Great Ace Attorney 2: Resolve,72,7,2018-04-24,22
3447,SteamWorld Dig,77,12,2018-02-01,
3448,Lollypop,82,0,2023-01-06,
3449,Soldam,91,12,2021-09-16,
3450,Maitetsu,59,12,2018-06-29,
3451,VR Kanojo,77,7,2018-04-09,
3452,Lost Sphear,54,7,2018-01-23,
3453,Rolling Sky,94,3,2020-02-20,
3454,Forward to the Sky,46,7,2021-02-25,
3455,Witch It,73,0,2024-12-18,
3456,Kingdom Rush Frontiers,84,7,2023-03-29,
3457,Replica,71,12,2022-04-05,
3458,TSIOQUE,76,12,2018-11-07,
3459,For the King,71,12,2018-04-19,
3460,Crystalline,79,12,2018-08-22,
3461,Just Shapes & Beats,67,7,2022-05-31,
3462,Little Witch Academia: Chamber of Time,57,7,2018-05-15,
3463,Minecraft: Story Mode - Season Two,87,7,2017-07-11,
3464,The Journey Down: Chapter Three,54,12,2022-10-28,
3465,InnerSpace,48,3,2018-01-16,
3466,Ooblets,90,3,2022-09-01,
3467,Age of Empires: Definitive Edition,81,12,2018-02-20,
3468,Biomutant,55,12,2021-05-25,
3469,Amatsutsumi,71,12,2022-07-29,
3470,Re: LieF ~DeaR YoU~,79,12,2021-02-26,
3471,Trinoline,80,7,2019-04-18,
3472,Yukikoi Melt,77,7,2020-04-29,
3473,The Expression Amrilato,58,7,2019-06-14,
3474,Travis Strikes Again: No More Heroes,68,16,2019-01-01,
3475,Lethis: Path of Progress,77,3,2022-05-10,
3476,Zanki Zero,80,16,2018-01-01,
3477,The Banner Saga 3,85,12,2018-07-24,
3478,BlazBlue: Cross Tag Battle,88,12,2018-05-31,
3479,The Battle of Polytopia,77,7,2020-08-04,
3480,Starlink: Battle for Atlas,71,7,2018-10-16,
3481,Pathfinder: Kingmaker,78,16,2018-09-25,
3482,Yakuza Kiwami 2,87,18,2018-08-28,
3483,Fe,60,3,2018-02-16,
3484,Basingstoke,62,16,2018-04-27,
3485,Left Alive,70,16,2019-01-01,
3486,Octopath Traveler,79,12,2018-07-13,
3487,Steins;Gate Elite,76,12,2019-02-19,
3488,City of Brass,60,12,2018-05-04,
3489,Kirby Star Allies,73,7,2018-03-16,
3490,P-47,49,18,2020-07-02,
3491,Animal Crossing: Pocket Camp,92,3,2020-07-29,
3492,Azur Lane,60,12,2019-10-04,
3493,Ghost of Tsushima,88,18,2020-07-17,
3494,To Be or Not to Be,64,12,2022-12-09,
3495,Shin Megami Tensei V,87,18,2021-11-11,
3496,Gunhouse,77,7,2020-02-06,
3497,Bayonetta 3,86,16,2022-10-28,
3498,Evil Genius 2: World Domination,67,12,2021-03-30,
3499,Elyon,83,7,2020-12-10,
3500,Steam Prison,74,18,2021-02-25,
3501,One Piece: World Seeker,84,12,2019-01-01,
3502,Session: Skate Sim,69,0,2019-09-17,
3503,Slay the Spire,87,7,2019-01-01,
3504,Earth Defense Force 5,63,12,2019-07-11,
3505,Musynx,84,12,2022-07-14,
3506,The Princess Guide,73,12,2019-03-26,
3507,Homura: The Crimson Warriors,87,16,2024-02-15,
3508,Death end re;Quest,59,12,2019-02-19,
3509,Slordax: The Unknown Enemy,86,18,2021-05-07,
3510,Oddworld: Soulstorm,52,16,2021-04-06,
3511,Griftlands,78,16,2021-06-01,
3512,ScubaVenture: The Search for Pirate's Treasure,74,7,2021-05-07,
3513,SNK Heroines: Tag Team Frenzy,55,12,2019-02-21,
3514,Tricolour Lovestory,65,12,2019-08-29,
3515,Mr Love: Queen's Choice,72,3,2020-02-10,
3516,Total War: Three Kingdoms,80,12,2019-05-23,
3517,Caliber,79,18,2023-04-12,
3518,Scorn,68,18,2023-10-03,
3519,The Liar Princess and the Blind Prince,88,7,2020-05-29,
3520,Yo-kai Watch 3,86,0,2019-02-08,
3521,Harry Potter: Wizards Unite,64,7,2019-06-21,
3522,Assetto Corsa Competizione,80,3,2022-02-24,
3523,Frostpunk,84,16,2021-02-24,
3524,Tom Clancy's The Division 2,75,18,2019-03-15,
3525,Kari Gurashi Ren'ai,85,12,2019-02-21,
3526,Florence,82,12,2020-02-13,
3527,Anno 1800,84,7,2019-04-16,
3528,Tropico 6,76,12,2019-01-01,
3529,Imperator: Rome,64,12,2019-04-25,47
3530,Train Sim World,67,0,2019-08-15,
3531,Soi Kano ~Gyutto Dakishimete~,80,12,2019-02-21,
3532,Super Smash Bros. Ultimate,87,12,2018-12-07,
3533,Custom Order Maid 3D2: It's a Night Magic,49,7,2019-07-30,
3534,Team Sonic Racing,66,3,2019-05-21,
3535,A Plague Tale: Innocence,83,18,2021-07-06,24
3536,Avengers,80,12,2020-09-04,
3537,Unravel Two,79,7,2019-03-22,5
3538,Jump Force,51,12,2019-02-14,
3539,Sekiro: Shadows Die Twice,88,18,2019-03-22,
3540,Wolfenstein: Youngblood,54,18,2019-07-25,
3541,The Elder Scrolls: Blades,55,16,2020-05-12,
3542,"Sakura, Moyu. -As the Night's, Reincarnation-",67,12,2023-02-22,
3543,Rage 2,65,18,2019-05-14,
3544,Trials Rising,76,12,2019-02-12,
3545,Control,83,16,2021-02-02,
3546,Super Mario Party,76,0,2018-10-05,27
3547,Daemon X Machina,65,12,2019-01-01,
3548,The Room: Old Sins,71,7,2021-02-11,
3549,The House of Da Vinci,70,3,2024-01-25,
3550,Fire Emblem: Three Houses,87,12,2019-07-26,
3551,Dying Light 2 Stay Human,73,18,2022-02-04,
3552,Ancestors: The Humankind Odyssey,61,12,2019-01-01,
3553,The Universim,80,7,2024-01-22,
3554,Raft,78,18,2024-12-04,
3555,"Soldam: Drop, Connect, Erase",83,0,2019-07-15,
3556,Gears 5,78,18,2019-09-10,
3557,Tilesweeper,69,3,2022-08-19,
3558,Age of Empires IV,78,12,2021-10-28,
3559,The King of Fighters All-Star,66,16,2019-10-22,
3560,Deep Rock Galactic,82,16,2020-05-13,
3561,Twin Mirror,67,16,2020-12-01,
3562,Hypercharge: Unboxed,78,12,2024-05-31,
3563,Neversong,80,7,2020-05-01,
3564,GTFO,74,18,2021-12-10,
3565,The Occupation,60,12,2019-02-05,
3566,Leisure Suit Larry: Wet Dreams Don't Dry,72,18,2020-09-15,
3567,Taste of Power,67,12,2019-02-21,
3568,Star Wars Jedi: Fallen Order,83,16,2019-11-15,
3569,BlazBlue Alternative: Dark War,58,12,2021-02-16,
3570,Super Neptunia RPG,83,12,2019-06-20,
3571,Dead or Alive Xtreme Venus Vacation,83,18,2019-04-10,
3572,Nelke & the Legendary Alchemists: Ateliers of the New World,80,7,2019-03-25,
3573,Fortnite: Save the World,60,12,2020-06-29,
3574,AI: The Somnium Files,85,16,2019-09-17,
3575,Concrete Genie,76,12,2019-10-08,
3576,Tunic,82,7,2022-03-16,
3577,Doom Eternal,87,18,2020-03-20,
3578,Pathologic 2,81,18,2019-05-23,
3579,Digimon Survive,68,12,2022-07-28,
3580,Gibbous – A Cthulhu Adventure,82,7,2019-08-07,
3581,World War Z,69,18,2021-11-02,63
3582,Afterparty,73,18,2020-03-06,
3583,The Letter,57,18,2021-12-15,
3584,Steel Division 2,69,7,2019-06-20,
3585,Fernbus Simulator,81,3,2023-02-28,
3586,Trüberbrook,75,7,2019-03-15,
3587,Serious Sam 4,65,16,2021-12-07,43
3588,Dead or Alive 6,69,16,2019-03-01,
3589,Stick Fight: The Game,76,7,2021-12-03,
3590,The Pizza Delivery Boy Who Saved the World,75,12,2022-03-23,
3591,Streets of Rage 4,82,12,2020-04-30,
3592,Luigi's Mansion 3,85,7,2019-10-31,
3593,Wattam,67,7,2019-12-17,
3594,Thronebreaker: The Witcher Tales,81,12,2021-06-17,
3595,Minecraft Dungeons,70,7,2020-05-26,
3596,Apsulov: End of Gods,75,16,2021-09-17,
3597,Energy Cycle,32,3,2021-10-20,
3598,Diablo Immortal,61,16,2022-01-01,
3599,ΔV: Rings of Saturn,40,18,2023-07-01,
3600,Pavlov VR,79,16,2024-12-04,
3601,Ryan North's To Be or Not to Be,72,12,2022-01-12,
3602,The Outer Worlds,77,16,2020-06-05,
3603,Crystar,57,12,2022-02-24,
3604,Granblue Fantasy Versus,68,18,2020-02-06,
3605,Idle Champions of the Forgotten Realms,49,12,2020-05-07,
3606,Thief Simulator,64,12,2020-08-12,
3607,Hole.io,77,7,2024-05-20,
3608,Waven,53,12,2023-08-16,
3609,MouseCraft,46,3,2022-01-21,
3610,Creaks,79,12,2020-07-10,
3611,Nemezis: Mysterious Journey III,55,3,2021-07-08,
3612,Dance of Death: Du Lac & Fey,70,16,2023-01-27,
3613,Super Animal Royale,60,7,2021-08-26,
3614,Bright Memory,70,18,2020-03-25,
3615,Teratopia,78,18,2021-12-23,
3616,Minecraft Education,58,7,2016-11-01,
3617,Iratus: Lord of the Dead,64,12,2020-04-23,
3618,Narita Boy,67,16,2021-03-30,
3619,My Time At Portia,70,7,2021-08-04,
3620,Dance Dance Revolution A20,75,12,2020-06-29,
3621,Windjammers 2,82,7,2022-01-20,
3622,Darius Cozmic Collection,75,12,2020-06-16,
3623,The Waylanders,80,7,2020-01-01,
3624,The Settlers: New Allies,66,12,2023-02-17,
3625,Apex Legends,73,16,2021-03-09,
3626,New World,62,16,2021-09-28,
3627,What the Golf?,85,7,2024-03-14,
3628,Tee Time Golf,45,0,2022-08-26,
3629,Genesis Alpha One,48,16,2020-01-29,
3630,Super Mario Maker 2,84,3,2019-06-28,
3631,Burnout Paradise Remastered,78,7,2020-06-19,10
3632,Chernobylite,66,18,2022-04-21,
3633,To Leave,73,16,2022-09-09,
3634,Spellbreak,58,7,2020-09-03,
3635,Journey to the Savage Planet,73,12,2020-01-28,
3636,Maneater,68,18,2021-05-25,
3637,Industries of Titan,57,7,2023-01-31,
3638,Shakedown: Hawaii,63,12,2020-07-09,
3639,The Donnerwald Experiment,49,16,2020-10-30,
3640,Risk of Rain 2,83,12,2024-08-27,57
3641,Sakura Wars,70,16,2020-04-28,
3642,Wrath: Aeon of Ruin,71,18,2024-02-27,
3643,Persona 3 Portable,90,12,2023-01-19,
3644,Collar x Malice -Unlimited-,81,16,2020-03-12,
3645,Fate/Extella Link,71,12,2020-07-22,
3646,Freedom Planet 2,74,12,2024-04-04,
3647,Onee Chanbara ORIGIN,54,18,2020-10-14,
3648,HuniePop 2: Double Date,72,7,2021-02-08,
3649,Persona 4: Golden,89,16,2023-01-19,
3650,Tokyo Clanpool,74,16,2024-01-01,
3651,piffle,73,3,2020-09-02,
3652,Newfound Courage,65,7,2022-06-24,
3653,Prodeus,78,18,2020-11-09,
3654,Persona 5 Royal,95,16,2022-10-20,
3655,Age of Empires II: Definitive Edition,86,12,2023-01-31,
3656,Age of Empires III: Definitive Edition,75,16,2020-10-15,
3657,Sniper Elite 5,77,16,2022-01-01,
3658,Sniper Elite VR,90,12,2021-07-08,
3659,Rune Factory 5,65,12,2021-05-20,
3660,Predator: Hunting Grounds,46,18,2024-10-01,
3661,Blackberry Honey,68,12,2022-02-11,
3662,Minecraft Earth,63,7,2019-01-01,
3663,The Pathless,77,12,2023-02-02,
3664,HyperParasite,62,16,2020-04-03,
3665,Gato Roboto,79,3,2020-04-21,2
3666,Sex with Stalin,78,7,2020-10-26,
3667,Crankin's Time Travel Adventure,68,12,2021-01-01,
3668,Tales of Arise,78,12,2021-09-10,
3669,Lego Star Wars: The Skywalker Saga,77,7,2022-04-05,
3670,Watch Dogs: Legion,62,18,2020-10-29,
3671,Sky: Children of the Light,80,7,2020-04-07,
3672,Immortals Fenyx Rising,74,12,2020-12-03,
3673,Animal Crossing: New Horizons,86,3,2020-03-20,62
3674,The Legend of Zelda: Tears of the Kingdom,87,12,2023-05-12,62
3675,No More Heroes III,56,18,2022-10-14,
3676,Solar Ash,76,12,2021-12-02,
3677,Zombie Army 4: Dead War,67,18,2020-02-04,
3678,CastleStorm 2,63,16,2020-09-23,
3679,Werewolf: The Apocalypse – Earthblood,78,18,2021-02-04,
3680,Tom Clancy's Rainbow Six Extraction,82,16,2022-01-20,
3681,Roller Champions,67,7,2022-05-25,
3682,Fuga: Melodies of Steel,63,12,2021-07-29,
3683,Quest For Infamy,95,16,2022-03-04,
3684,Empire of Sin,56,18,2020-12-01,
3685,SCP: Pandemic,79,16,2022-02-22,
3686,9 Monkeys of Shaolin,66,12,2020-10-16,
3687,Destroy All Humans!,75,16,2020-07-28,
3688,Witchfire,78,18,2023-09-20,
3689,Unforeseen Incidents,69,12,2022-01-27,
3690,R-Type Final 2,78,7,2021-04-30,
3691,Remothered: Broken Porcelain,45,16,2020-10-13,
3692,Pokémon Sleep,83,12,2023-07-17,
3693,Bleeding Edge,53,12,2020-03-24,
3694,Monolisk,73,16,2021-02-04,
3695,Workers & Resources: Soviet Republic,63,12,2024-06-20,
3696,Aokana - Extra 1,68,7,2020-11-06,
3697,SpongeBob SquarePants: Battle for Bikini Bottom – Rehydrated,74,7,2020-06-23,
3698,GhostWire: Tokyo,71,12,2023-04-12,
3699,Project Cars 3,77,3,2020-08-28,
3700,KartRider: Drift,45,3,2023-01-11,
3701,The Coma: Recut,66,12,2020-10-16,
3702,What!? My Neighbors Are Demons!!?,72,7,2020-01-01,
3703,Drowning Cross,68,18,2022-01-18,
3704,Paper Beast,54,7,2020-03-24,
3705,Dicey Dungeons,82,7,2021-11-11,
3706,Harvest Life,68,3,2021-10-22,
3707,Magi Trials,76,12,2022-01-27,
3708,SHINRAI - Broken Beyond Despair,71,16,2021-10-29,
3709,Figment,65,12,2022-11-16,
3710,Jupiter Hell,81,16,2021-08-05,
3711,Kerbal Space Program 2,59,3,2023-02-24,
3712,NEKOPARA Vol. 4,46,18,2020-11-01,
3713,King's Bounty II,62,16,2021-08-24,
3714,The Dungeon of Naheulbeuk: The Amulet of Chaos,60,12,2020-01-01,
3715,Yakuza: Like a Dragon,87,18,2021-03-02,
3716,No Straight Roads,66,7,2020-08-25,
3717,The Eternal Cylinder,64,12,2021-09-30,
3718,Airborne Kingdom,59,3,2021-11-09,
3719,Resident Evil: Resistance,44,18,2020-04-03,
3720,Paratopic,70,18,2022-05-13,
3721,Blair Witch,64,18,2020-01-01,
3722,Dragon Ball Z: Kakarot,75,12,2020-01-16,
3723,Trials of Mana,69,12,2024-09-26,
3724,Nioh 2,79,18,2021-02-05,
3725,Encodya,64,12,2021-01-26,
3726,Caves of Qud,61,7,2024-12-05,
3727,Ultimate Fishing Simulator,91,3,2020-05-29,
3728,Pizza Connection 3,56,3,2023-02-10,
3729,Weedcraft Inc,63,18,2022-09-29,
3730,Little Bug,80,7,2021-11-26,
3731,True Fear: Forsaken Souls,88,7,2022-02-01,
3732,Double Kick Heroes,70,16,2020-08-13,
3733,Green Hell,76,18,2024-08-14,
3734,Noita,80,16,2020-10-15,
3735,Romance of the Three Kingdoms XIV,79,12,2020-01-16,
3736,Microsoft Flight Simulator,70,3,2021-07-27,24
3737,Total War Saga: Troy,68,12,2021-09-02,
3738,Sword Art Online: Alicization Lycoris,66,12,2022-09-29,
3739,Touhou Gouyoku Ibun ~ Sunken Fossil World,56,0,2021-10-24,
3740,Snacko,82,0,2023-12-06,
3741,The Dark Pictures Anthology: Little Hope,76,18,2020-10-30,
3742,Edge of Eternity,59,16,2022-02-10,
3743,The Legend of Bum-bo,67,7,2022-06-29,
3744,Postal 4: No Regerts,55,18,2022-04-20,
3745,Surviving the Aftermath,68,12,2021-11-16,
3746,Vampire: The Masquerade – Swansong,74,18,2023-05-30,
3747,Crusader Kings III,86,12,2022-03-29,47
3748,Gylt,72,12,2023-07-06,
3749,Diablo IV,75,18,2023-06-06,
3750,Kudos 2,74,7,2023-09-20,
3751,Persona 5 Strikers,78,12,2021-02-23,
3752,Shantae and the Seven Sirens,97,12,2022-03-22,
3753,Panzer Paladin,68,7,2024-06-13,
3754,Boyfriend Dungeon,75,12,2021-08-11,
3755,Lego Brawls,53,7,2022-09-02,
3756,Lego Builder's Journey,76,3,2021-06-22,
3757,Humankind,73,12,2021-08-16,
3758,Mini Motorways,83,3,2022-05-11,
3759,Deliver Us The Moon,73,12,2024-07-16,
3760,Potions: A Curious Tale,80,7,2024-03-07,
3761,The Outlast Trials,74,18,2024-03-05,
3762,Temtem,71,12,2022-09-06,
3763,Bravely Default II,81,12,2021-02-26,
3764,The Legend of Heroes: Trails into Reverie,71,18,2023-07-07,5
3765,CrossfireX,67,18,2022-02-10,
3766,Death Come True,53,12,2024-09-19,
3767,Talisman: Digital Edition,63,7,2021-06-03,
3768,Teardown,83,7,2022-04-21,
3769,The Idolmaster Starlit Season,68,0,2021-10-14,
3770,Crying Suns,72,12,2021-05-27,
3771,Payday 3,54,18,2023-09-21,
3772,The Wanderer Frankenstein's Creature,38,16,2022-03-16,
3773,Black Book,81,7,2021-08-10,
3774,Coffee Talk,76,12,2023-07-31,
3775,Dungeons & Dragons: Dark Alliance,48,18,2021-06-22,
3776,Fall Guys,74,3,2022-06-21,
3777,Guilty Gear Strive,85,12,2023-03-07,
3778,Olympia Soirée,72,18,2021-06-01,
3779,Amairo Chocolate,80,12,2024-03-28,
3780,"Ren'ai, Karichaimashita",70,16,2021-07-21,
3781,Minecraft China,76,16,2017-08-08,
3782,Wolcen: Lords of Mayhem,67,18,2023-03-15,
3783,Outriders,68,18,2021-02-02,
3784,Terra Nil,77,3,2023-03-28,
3785,Ice Station Z,81,12,2021-12-02,
3786,Baldo,85,3,2021-08-27,
3787,Bless Unleashed,48,12,2021-08-06,
3788,b360,58,12,2021-01-01,
3789,Neptunia Virtual Stars,71,12,2021-03-29,
3790,Xuan-Yuan Sword VII,67,16,2024-05-30,
3791,Iris and the Giant,70,7,2023-03-02,
3792,Curse of the Dead Gods,73,12,2021-02-23,
3793,Observer System Redux,81,16,2021-07-23,
3794,Lost Words: Beyond the Page,67,7,2023-05-10,
3795,The Lord of the Rings: Gollum,85,16,2023-05-25,
3796,Paper Mario: The Origami King,63,7,2020-07-17,
3797,Ratchet & Clank: Rift Apart,88,7,2023-07-26,
3798,Goodbye Volcano High,77,7,2023-08-29,
3799,Stray,83,12,2024-11-19,
3800,The Legend of Heroes: Trails to Azure,73,18,2023-03-14,
3801,Smile for Me,77,12,2023-04-25,
3802,Truck & Logistics Simulator,75,0,2023-11-30,
3803,Nightgate,66,7,2024-09-04,
3804,Suicide Squad: Kill The Justice League,45,18,2024-02-02,
3805,Hatsune Miku: Colorful Stage!,62,12,2023-09-25,
3806,Bomb Rush Cyberfunk,66,12,2023-08-18,
3807,Mario Kart Live: Home Circuit,79,3,2020-10-16,
3808,Postal: Brain Damaged,56,18,2023-10-25,
3809,Graven,53,18,2024-01-23,
3810,Final Fantasy XVI,82,18,2023-06-22,
3811,Monster Hunter Rise,84,12,2023-01-20,
3812,Unforetold: Witchstone,82,12,2024-01-25,
3813,Blood Bowl 3,57,16,2023-02-23,
3814,Teslagrad 2,74,7,2023-04-19,
3815,Party Animals,59,3,2023-09-20,57
3816,Hello Engineer,86,7,2023-08-17,
3817,Darkest Dungeon II,88,16,2023-05-08,
3818,Open Roads,77,12,2024-03-28,
3819,Enigma of Fear,80,18,2024-11-28,
3820,Uma Musume Pretty Derby,74,3,2023-08-30,
3821,Grindstone,75,7,2023-05-03,
3822,DNF Duel,63,12,2023-04-20,
3823,Eternal Return: Black Survival,50,7,2023-07-19,
3824,Mad Games Tycoon 2,55,7,2023-05-31,
3825,Dragon Age: The Veilguard,81,16,2024-10-31,
3826,Everspace 2,74,12,2023-04-06,
3827,No More Room in Hell 2,59,16,2024-10-22,
3828,Skul: The Hero Slayer,72,12,2024-06-04,
3829,Unpacking,81,3,2023-08-14,
3830,Valheim,80,18,2024-06-10,
3831,The Collage Atlas,62,16,2024-04-19,
3832,Carto,78,3,2023-03-29,
3833,Blue Archive,67,7,2023-08-03,
3834,Run Sausage Run!,68,7,2024-05-20,
3835,BROK the InvestiGator,83,12,2023-03-01,2
3836,Tekken 8,67,16,2024-01-26,
3837,Splatoon 3,78,7,2022-09-09,
3838,Loop Hero,81,12,2023-04-04,2
3839,Pokémon Legends: Arceus,80,7,2022-01-28,
3840,Final Fantasy VII: Ever Crisis,67,12,2023-09-07,
3841,Minecraft: New Nintendo 3DS Edition,75,7,2017-09-13,
3842,Minecraft: Legacy Console Edition,76,7,2015-12-17,
3843,Crossy Road Castle,67,3,2024-09-11,
3844,Everhood,84,7,2023-09-28,
3845,Star Wars: Hunters,74,12,2024-06-04,
3846,8Doors: Arum's Afterlife Adventure,80,7,2023-04-28,
3847,Gord,61,12,2023-08-17,
3848,Demon Skin,70,16,2023-05-05,
3849,Oxenfree II: Lost Signals,78,12,2023-07-12,
3850,Hundred Days - Winemaking Simulator,66,0,2023-08-30,
3851,We Are The Caretakers,64,12,2023-01-06,
3852,The House of the Dead: Remake,80,18,2023-01-20,
3853,Mon-Yu,70,16,2023-09-21,
3854,Broken Roads,73,7,2024-04-10,
3855,Wildermyth,79,7,2024-10-22,
3856,Slime Rancher 2,68,3,2024-06-11,
3857,Death Stranding Director's Cut,85,18,2024-01-30,52
3858,Mars After Midnight,62,7,2024-03-12,
3859,SCP-087 Minecraft Edition,61,18,2014-07-26,
3860,Ghost of Tsushima Director's Cut,92,18,2024-05-16,
3861,Phantom Abyss,85,16,2024-01-25,
3862,Demeo,96,12,2024-02-02,
3863,XDefiant,61,16,2024-05-21,
3864,Moonglow Bay,72,7,2024-04-11,
3865,War Hospital,48,12,2024-01-11,
3866,Operation Tango,75,16,2024-08-01,
3867,Lake,66,16,2024-02-15,
3868,Outcast – A New Beginning,58,12,2024-03-15,
3869,Earth Defense Force 6,47,18,2024-03-14,
3870,Mouser,83,7,2024-03-14,
3871,Heaven Burns Red,90,12,2024-11-14,
3872,Taimanin Yukikaze,74,12,2024-04-30,
3873,Plants vs. Zombies 3: Evolved,61,7,2024-01-18,
3874,Evil God Korone,81,12,2024-04-13,
3875,MultiVersus,63,12,2024-05-28,
3876,Exo One,75,7,2024-06-27,
3877,Men of War II,72,7,2024-05-15,
3878,Tinkertown,57,7,2024-10-17,
3879,Slitterhead,64,18,2024-11-08,
3880,Nightingale,70,16,2024-02-20,
3881,Planet of Lana,80,16,2024-04-16,
3882,Let’s Play! Oink Games,63,3,2024-09-05,
3883,Touchdown Pinball,72,3,2024-02-09,
3884,Final Fantasy VI,87,12,2024-09-26,
3885,PopSlinger,94,7,2024-02-29,
3886,Diplomacy is Not an Option,73,7,2024-10-04,
3887,Lunaria: Virtualized Moonchild,76,12,2024-02-22,
3888,Stella of The End,65,7,2024-12-05,
3889,SINce Memories: Off the Starry Sky,77,16,2024-10-23,
3890,Minecraft Legends,73,7,2023-04-18,
3891,Super Mario Bros. Wonder,87,3,2023-10-20,
3892,Pokémon Legends: Z-A,91,7,2025-10-16,
3893,Paper Minecraft,86,7,2023-09-10,
3894,Minecraft [UNITY RECREATION] + Unity Project,55,12,2019-10-13,
3895,Mario Kart World,76,3,2025-06-05,
3896,Donkey Kong Bananza,78,7,2025-07-17,
3897,Minecraft: Nintendo Switch Edition,72,7,2017-05-11,
